kommun,year,mean_boarea_privhyres
0114,2012,68.151
0114,2013,67.956
0114,2014,68.175
0114,2015,67.77
0114,2016,65.137
0114,2017,66.11
0114,2018,65.832
0114,2019,65.026
0114,2020,65.099
0114,2021,65.073
0114,2022,63.822
0115,2012,66.846
0115,2013,66.611
0115,2014,67.409
0115,2015,70.797
0115,2016,71.25
0115,2017,69.315
0115,2018,61.773
0115,2019,50.483
0115,2020,50.064
0115,2021,49.973
0115,2022,48.742
0117,2012,70.954
0117,2013,70.804
0117,2014,71.257
0117,2015,71.137
0117,2016,70.97
0117,2017,71.145
0117,2018,71.816
0117,2019,70.615
0117,2020,64.61
0117,2021,63.647
0117,2022,63.334
0120,2012,66.528
0120,2013,66.471
0120,2014,69.938
0120,2015,65.61
0120,2016,59.685
0120,2017,58.846
0120,2018,51.134
0120,2019,51.987
0120,2020,53.002
0120,2021,53.197
0120,2022,54.971
0123,2012,71.637
0123,2013,71.578
0123,2014,70.034
0123,2015,69.482
0123,2016,68.159
0123,2017,66.572
0123,2018,66.639
0123,2019,65.592
0123,2020,63.865
0123,2021,61.468
0123,2022,57.673
0125,2012,82.385
0125,2013,83.237
0125,2014,77.518
0125,2015,78.093
0125,2016,79.234
0125,2017,77.145
0125,2018,77.453
0125,2019,78.068
0125,2020,79.653
0125,2021,79.949
0125,2022,80.233
0126,2012,68.577
0126,2013,68.558
0126,2014,68.273
0126,2015,68.149
0126,2016,67.889
0126,2017,67.723
0126,2018,67.921
0126,2019,67.968
0126,2020,68.052
0126,2021,67.841
0126,2022,67.805
0127,2012,72.85
0127,2013,73.171
0127,2014,72.259
0127,2015,74.235
0127,2016,73.405
0127,2017,73.894
0127,2018,70.109
0127,2019,69.26
0127,2020,65.978
0127,2021,65.41
0127,2022,65.255
0128,2012,78.927
0128,2013,79.353
0128,2014,79.284
0128,2015,79.694
0128,2016,79.285
0128,2017,79.321
0128,2018,79.809
0128,2019,80.208
0128,2020,77.893
0128,2021,77.198
0128,2022,76.655
0136,2012,73.254
0136,2013,73.448
0136,2014,73.432
0136,2015,72.96
0136,2016,72.552
0136,2017,71.77
0136,2018,71.473
0136,2019,71.015
0136,2020,70.517
0136,2021,69.139
0136,2022,67.502
0138,2012,84.44
0138,2013,84.357
0138,2014,84.489
0138,2015,83.966
0138,2016,81.083
0138,2017,79.73
0138,2018,75.468
0138,2019,73.343
0138,2020,70.334
0138,2021,68.38
0138,2022,68.607
0139,2012,73.786
0139,2013,72.758
0139,2014,70.761
0139,2015,69.409
0139,2016,67.66
0139,2017,67.422
0139,2018,65.976
0139,2019,66.435
0139,2020,63.879
0139,2021,60.703
0139,2022,58.338
0140,2012,67.068
0140,2013,66.329
0140,2014,65.61
0140,2015,63.542
0140,2016,62.443
0140,2017,61.356
0140,2018,62.218
0140,2019,61.69
0140,2020,61.594
0140,2021,60.938
0140,2022,53.11
0160,2012,64.229
0160,2013,64.452
0160,2014,64.471
0160,2015,63.547
0160,2016,63.455
0160,2017,63.922
0160,2018,63.065
0160,2019,62.748
0160,2020,63.153
0160,2021,60.881
0160,2022,59.773
0162,2012,66.827
0162,2013,66.469
0162,2014,66.134
0162,2015,66.326
0162,2016,75.254
0162,2017,76.047
0162,2018,75.185
0162,2019,75.011
0162,2020,74.7
0162,2021,74.466
0162,2022,73.955
0163,2012,59.333
0163,2013,60.313
0163,2014,60.638
0163,2015,58.829
0163,2016,60.061
0163,2017,59.107
0163,2018,58.665
0163,2019,63.195
0163,2020,63.354
0163,2021,63.165
0163,2022,59.062
0180,2012,64.137
0180,2013,64.055
0180,2014,64.063
0180,2015,63.968
0180,2016,64.115
0180,2017,64.014
0180,2018,63.94
0180,2019,63.889
0180,2020,63.815
0180,2021,63.634
0180,2022,63.364
0181,2012,68.818
0181,2013,69.188
0181,2014,68.843
0181,2015,68.87
0181,2016,69.057
0181,2017,68.932
0181,2018,68.521
0181,2019,67.635
0181,2020,67.373
0181,2021,67.164
0181,2022,66.893
0182,2012,69.179
0182,2013,69.764
0182,2014,70.211
0182,2015,69.835
0182,2016,69.006
0182,2017,69.028
0182,2018,68.946
0182,2019,68.819
0182,2020,68.607
0182,2021,68.277
0182,2022,67.496
0183,2012,57.095
0183,2013,57.339
0183,2014,57.497
0183,2015,57.399
0183,2016,57.6
0183,2017,57.688
0183,2018,57.603
0183,2019,57.581
0183,2020,57.482
0183,2021,57.359
0183,2022,57.29
0184,2012,66.553
0184,2013,66.584
0184,2014,66.739
0184,2015,67.305
0184,2016,66.876
0184,2017,65.749
0184,2018,65.529
0184,2019,65.511
0184,2020,64.543
0184,2021,64.028
0184,2022,63.938
0186,2012,73.083
0186,2013,72.923
0186,2014,72.611
0186,2015,72.403
0186,2016,72.257
0186,2017,70.985
0186,2018,70.554
0186,2019,70.113
0186,2020,70.155
0186,2021,70.052
0186,2022,69.734
0187,2012,65.995
0187,2013,65.815
0187,2014,65.364
0187,2015,66.294
0187,2016,65.342
0187,2017,64.433
0187,2018,65.677
0187,2019,65.833
0187,2020,65.799
0187,2021,65.766
0187,2022,65.636
0188,2012,70.49
0188,2013,70.411
0188,2014,70.103
0188,2015,69.594
0188,2016,69.051
0188,2017,69.143
0188,2018,69.306
0188,2019,68.811
0188,2020,67.855
0188,2021,67.315
0188,2022,66.029
0191,2012,71.029
0191,2013,70.361
0191,2014,70.382
0191,2015,69.055
0191,2016,66.805
0191,2017,64.77
0191,2018,63.501
0191,2019,63.657
0191,2020,62.34
0191,2021,65.865
0191,2022,64.981
0192,2012,69.416
0192,2013,69.299
0192,2014,68.511
0192,2015,69.262
0192,2016,70.078
0192,2017,69.947
0192,2018,68.722
0192,2019,68.534
0192,2020,68.384
0192,2021,64.874
0192,2022,63.45
0305,2012,75.603
0305,2013,75.558
0305,2014,75.208
0305,2015,75.501
0305,2016,72.887
0305,2017,74.802
0305,2018,74.102
0305,2019,73.393
0305,2020,72.875
0305,2021,73.366
0305,2022,68.113
0319,2012,68.981
0319,2013,68.598
0319,2014,68.003
0319,2015,68.627
0319,2016,67.24
0319,2017,68.154
0319,2018,69.331
0319,2019,68.697
0319,2020,67.582
0319,2021,66.74
0319,2022,66.195
0330,2012,72.868
0330,2013,72.374
0330,2014,71.577
0330,2015,66.823
0330,2016,66.88
0330,2017,66.906
0330,2018,65.063
0330,2019,64.896
0330,2020,60.598
0330,2021,55.752
0330,2022,52.556
0331,2012,64.616
0331,2013,63.664
0331,2014,63.543
0331,2015,63.661
0331,2016,62.244
0331,2017,62.8
0331,2018,60.198
0331,2019,58.742
0331,2020,58.164
0331,2021,58.345
0331,2022,57.686
0360,2012,69.231
0360,2013,69.35
0360,2014,69.128
0360,2015,68.675
0360,2016,67.95
0360,2017,67.713
0360,2018,67.565
0360,2019,67.788
0360,2020,67.83
0360,2021,67.859
0360,2022,67.067
0380,2012,70.949
0380,2013,71.009
0380,2014,70.696
0380,2015,71.039
0380,2016,70.252
0380,2017,68.542
0380,2018,67.611
0380,2019,65.612
0380,2020,65.324
0380,2021,64.157
0380,2022,62.547
0381,2012,67.96
0381,2013,67.751
0381,2014,67.737
0381,2015,67.403
0381,2016,67.421
0381,2017,67.348
0381,2018,67.256
0381,2019,68.276
0381,2020,67.202
0381,2021,67.368
0381,2022,66.495
0382,2012,74.696
0382,2013,73.35
0382,2014,72.372
0382,2015,70.754
0382,2016,70.703
0382,2017,69.971
0382,2018,70.805
0382,2019,70.212
0382,2020,69.197
0382,2021,70.77
0382,2022,69.281
0428,2012,66.868
0428,2013,66.564
0428,2014,66.898
0428,2015,66.138
0428,2016,66.313
0428,2017,66.405
0428,2018,66.423
0428,2019,66.1
0428,2020,65.955
0428,2021,66.361
0428,2022,66.642
0461,2012,72.984
0461,2013,72.865
0461,2014,73.303
0461,2015,73.224
0461,2016,72.733
0461,2017,72.592
0461,2018,72.814
0461,2019,72.59
0461,2020,72.024
0461,2021,71.888
0461,2022,72.212
0480,2012,71.373
0480,2013,71.412
0480,2014,72.211
0480,2015,71.625
0480,2016,71.805
0480,2017,71.415
0480,2018,71.089
0480,2019,71.165
0480,2020,70.285
0480,2021,69.667
0480,2022,68.949
0481,2012,68.796
0481,2013,68.493
0481,2014,69.08
0481,2015,68.223
0481,2016,67.908
0481,2017,67.58
0481,2018,66.95
0481,2019,67.976
0481,2020,67.071
0481,2021,69.152
0481,2022,69.335
0482,2012,70.254
0482,2013,70.165
0482,2014,69.637
0482,2015,69.092
0482,2016,68.131
0482,2017,68.177
0482,2018,68.375
0482,2019,68.727
0482,2020,68.243
0482,2021,68.232
0482,2022,68.693
0483,2012,66.244
0483,2013,65.771
0483,2014,65.885
0483,2015,65.693
0483,2016,65.821
0483,2017,65.7
0483,2018,65.868
0483,2019,65.771
0483,2020,65.606
0483,2021,65.638
0483,2022,65.766
0484,2012,69.457
0484,2013,69.3
0484,2014,69.378
0484,2015,69.295
0484,2016,69.238
0484,2017,68.93
0484,2018,68.674
0484,2019,68.598
0484,2020,68.286
0484,2021,68.251
0484,2022,67.854
0486,2012,72.218
0486,2013,72.037
0486,2014,71.942
0486,2015,71.884
0486,2016,71.87
0486,2017,71.849
0486,2018,71.706
0486,2019,71.406
0486,2020,70.92
0486,2021,70.833
0486,2022,70.45
0488,2012,67.222
0488,2013,66.934
0488,2014,67.025
0488,2015,67.279
0488,2016,66.959
0488,2017,66.48
0488,2018,65.999
0488,2019,66.333
0488,2020,66.001
0488,2021,65.709
0488,2022,65.372
0509,2012,70.405
0509,2013,70.673
0509,2014,70.766
0509,2015,70.512
0509,2016,70.083
0509,2017,69.965
0509,2018,69.831
0509,2019,68.675
0509,2020,69.626
0509,2021,69.81
0509,2022,70.072
0512,2012,67.795
0512,2013,64.839
0512,2014,66.29
0512,2015,62.829
0512,2016,65.005
0512,2017,65.268
0512,2018,66.728
0512,2019,67.148
0512,2020,68.268
0512,2021,67.783
0512,2022,66.007
0513,2012,66.167
0513,2013,66.781
0513,2014,65.83
0513,2015,64.826
0513,2016,65.232
0513,2017,64.402
0513,2018,65.462
0513,2019,65.652
0513,2020,65.627
0513,2021,65.901
0513,2022,66.168
0560,2012,77.5
0560,2013,80.919
0560,2014,78.737
0560,2015,80.5
0560,2016,80.219
0560,2017,79.853
0560,2018,101.265
0560,2019,98.194
0560,2020,98.771
0560,2021,96.921
0560,2022,93.053
0561,2012,66.545
0561,2013,66.487
0561,2014,66.491
0561,2015,66.247
0561,2016,66.043
0561,2017,65.995
0561,2018,66.356
0561,2019,66.446
0561,2020,66.864
0561,2021,67.137
0561,2022,66.984
0562,2012,70.227
0562,2013,70.207
0562,2014,70.294
0562,2015,69.923
0562,2016,70.009
0562,2017,69.695
0562,2018,69.722
0562,2019,70.419
0562,2020,70.354
0562,2021,70.578
0562,2022,69.943
0563,2012,65.583
0563,2013,65.167
0563,2014,65.705
0563,2015,65.617
0563,2016,66.043
0563,2017,65.949
0563,2018,65.971
0563,2019,66.622
0563,2020,66.911
0563,2021,67.379
0563,2022,67.48
0580,2012,69.536
0580,2013,69.235
0580,2014,69.308
0580,2015,69.19
0580,2016,69.126
0580,2017,68.926
0580,2018,68.576
0580,2019,68.285
0580,2020,67.781
0580,2021,67.533
0580,2022,67.209
0581,2012,69.887
0581,2013,69.519
0581,2014,69.394
0581,2015,69.406
0581,2016,69.484
0581,2017,69.357
0581,2018,69.207
0581,2019,69.142
0581,2020,68.831
0581,2021,68.58
0581,2022,68.247
0582,2012,72.22
0582,2013,72.303
0582,2014,72.309
0582,2015,72.411
0582,2016,72.306
0582,2017,72.188
0582,2018,72.698
0582,2019,72.456
0582,2020,72.765
0582,2021,72.401
0582,2022,72.18
0583,2012,69.932
0583,2013,70.036
0583,2014,69.837
0583,2015,69.623
0583,2016,69.59
0583,2017,69.187
0583,2018,69.34
0583,2019,69.009
0583,2020,68.874
0583,2021,69.009
0583,2022,69.019
0584,2012,74.775
0584,2013,74.994
0584,2014,74.763
0584,2015,74.369
0584,2016,74.891
0584,2017,75.374
0584,2018,75.324
0584,2019,75.903
0584,2020,76.04
0584,2021,75.042
0584,2022,75.77
0586,2012,67.896
0586,2013,67.863
0586,2014,67.644
0586,2015,67.421
0586,2016,67.133
0586,2017,67.137
0586,2018,67.343
0586,2019,67.439
0586,2020,67.627
0586,2021,67.822
0586,2022,67.75
0604,2012,72.121
0604,2013,70.699
0604,2014,70.468
0604,2015,70.451
0604,2016,71.454
0604,2017,71.488
0604,2018,72.016
0604,2019,71.646
0604,2020,71.844
0604,2021,71.515
0604,2022,69.539
0617,2012,69.779
0617,2013,70.483
0617,2014,69.835
0617,2015,69.453
0617,2016,69.748
0617,2017,69.422
0617,2018,69.718
0617,2019,69.692
0617,2020,69.279
0617,2021,69.136
0617,2022,69.593
0642,2012,74.874
0642,2013,74.991
0642,2014,73.539
0642,2015,72.206
0642,2016,72.37
0642,2017,73.144
0642,2018,72.053
0642,2019,72.46
0642,2020,70.655
0642,2021,70.494
0642,2022,69.548
0643,2012,71.371
0643,2013,75.979
0643,2014,71.182
0643,2015,69.863
0643,2016,69.8
0643,2017,69.472
0643,2018,67.42
0643,2019,68.873
0643,2020,68.744
0643,2021,68.322
0643,2022,68.498
0662,2012,70.747
0662,2013,70.541
0662,2014,70.117
0662,2015,70.891
0662,2016,68.629
0662,2017,68.95
0662,2018,68.856
0662,2019,68.557
0662,2020,68.723
0662,2021,68.665
0662,2022,69.015
0665,2012,69.454
0665,2013,69.493
0665,2014,69.679
0665,2015,69.643
0665,2016,69.296
0665,2017,69.259
0665,2018,69.984
0665,2019,68.857
0665,2020,68.735
0665,2021,69.071
0665,2022,68.942
0680,2012,68.509
0680,2013,68.383
0680,2014,68.307
0680,2015,68.289
0680,2016,68.295
0680,2017,68.226
0680,2018,67.883
0680,2019,67.749
0680,2020,67.539
0680,2021,67.405
0680,2022,66.587
0682,2012,70.393
0682,2013,70.11
0682,2014,70.156
0682,2015,69.891
0682,2016,69.894
0682,2017,69.876
0682,2018,69.907
0682,2019,70.009
0682,2020,70.059
0682,2021,69.867
0682,2022,69.709
0683,2012,70.553
0683,2013,70.514
0683,2014,70.529
0683,2015,70.499
0683,2016,70.509
0683,2017,70.808
0683,2018,70.734
0683,2019,70.459
0683,2020,70.5
0683,2021,70.487
0683,2022,70.419
0684,2012,68.956
0684,2013,68.112
0684,2014,68.029
0684,2015,70.311
0684,2016,69.88
0684,2017,69.766
0684,2018,69.736
0684,2019,69.906
0684,2020,69.322
0684,2021,69.667
0684,2022,70.05
0685,2012,69.249
0685,2013,68.934
0685,2014,68.601
0685,2015,68.372
0685,2016,67.958
0685,2017,67.989
0685,2018,68.517
0685,2019,68.443
0685,2020,68.522
0685,2021,68.264
0685,2022,67.971
0686,2012,73.009
0686,2013,73.144
0686,2014,72.431
0686,2015,72.638
0686,2016,72.108
0686,2017,71.948
0686,2018,72.368
0686,2019,72.093
0686,2020,71.803
0686,2021,71.506
0686,2022,71.616
0687,2012,69.361
0687,2013,69.345
0687,2014,69.276
0687,2015,69.39
0687,2016,69.423
0687,2017,69.38
0687,2018,69.131
0687,2019,69.283
0687,2020,69.148
0687,2021,69.102
0687,2022,69.097
0760,2012,69.952
0760,2013,69.425
0760,2014,69.166
0760,2015,68.921
0760,2016,68.722
0760,2017,69.166
0760,2018,69.72
0760,2019,69.318
0760,2020,69.086
0760,2021,68.729
0760,2022,68.933
0761,2012,74.348
0761,2013,74.944
0761,2014,75.777
0761,2015,75.037
0761,2016,74.407
0761,2017,73.93
0761,2018,72.763
0761,2019,72.479
0761,2020,71.763
0761,2021,72.343
0761,2022,73.181
0763,2012,68.023
0763,2013,67.44
0763,2014,67.506
0763,2015,68.101
0763,2016,67.602
0763,2017,67.645
0763,2018,67.195
0763,2019,67.939
0763,2020,68.062
0763,2021,67.62
0763,2022,67.777
0764,2012,67.07
0764,2013,66.758
0764,2014,67.112
0764,2015,66.62
0764,2016,66.824
0764,2017,66.746
0764,2018,66.573
0764,2019,66.586
0764,2020,67.077
0764,2021,66.774
0764,2022,66.121
0765,2012,73.303
0765,2013,73.107
0765,2014,71.567
0765,2015,72.359
0765,2016,71.832
0765,2017,70.146
0765,2018,68.512
0765,2019,68.541
0765,2020,68.103
0765,2021,68.085
0765,2022,67.977
0767,2012,67.031
0767,2013,66.619
0767,2014,66.782
0767,2015,66.549
0767,2016,66.649
0767,2017,66.651
0767,2018,66.523
0767,2019,66.092
0767,2020,65.606
0767,2021,65.632
0767,2022,65.652
0780,2012,71.187
0780,2013,70.96
0780,2014,70.733
0780,2015,70.455
0780,2016,71.125
0780,2017,70.86
0780,2018,70.647
0780,2019,70.184
0780,2020,69.613
0780,2021,69.346
0780,2022,68.755
0781,2012,69.247
0781,2013,69.011
0781,2014,68.909
0781,2015,68.605
0781,2016,68.813
0781,2017,68.679
0781,2018,68.617
0781,2019,68.807
0781,2020,68.612
0781,2021,68.637
0781,2022,68.717
0821,2012,66.736
0821,2013,68.747
0821,2014,66.781
0821,2015,65.934
0821,2016,66.312
0821,2017,67.059
0821,2018,67.039
0821,2019,67.14
0821,2020,65.78
0821,2021,66.378
0821,2022,65.694
0834,2012,71.008
0834,2013,70.756
0834,2014,68.574
0834,2015,69.517
0834,2016,68.353
0834,2017,67.113
0834,2018,66.844
0834,2019,67.808
0834,2020,67.492
0834,2021,69.655
0834,2022,69.181
0840,2012,73.312
0840,2013,72.962
0840,2014,73.389
0840,2015,72.848
0840,2016,72.736
0840,2017,71.892
0840,2018,72.603
0840,2019,71.888
0840,2020,69.899
0840,2021,67.208
0840,2022,67.174
0860,2012,68.792
0860,2013,69.288
0860,2014,68.498
0860,2015,67.976
0860,2016,68.122
0860,2017,67.776
0860,2018,67.97
0860,2019,68.166
0860,2020,67.947
0860,2021,68.257
0860,2022,68.101
0861,2012,73.216
0861,2013,71.703
0861,2014,72.462
0861,2015,72.801
0861,2016,71.4
0861,2017,72.437
0861,2018,73.058
0861,2019,73.026
0861,2020,73.521
0861,2021,72.873
0861,2022,72.353
0862,2012,69.438
0862,2013,65.261
0862,2014,64.788
0862,2015,65.171
0862,2016,64.983
0862,2017,64.78
0862,2018,65.016
0862,2019,65.409
0862,2020,65.648
0862,2021,66.037
0862,2022,65.642
0880,2012,70.861
0880,2013,70.696
0880,2014,70.45
0880,2015,70.447
0880,2016,70.341
0880,2017,70.183
0880,2018,69.597
0880,2019,68.853
0880,2020,67.998
0880,2021,67.899
0880,2022,67.241
0881,2012,67.852
0881,2013,67.92
0881,2014,67.86
0881,2015,67.69
0881,2016,68.063
0881,2017,67.821
0881,2018,67.903
0881,2019,67.705
0881,2020,67.561
0881,2021,67.511
0881,2022,67.804
0882,2012,69.807
0882,2013,70.113
0882,2014,70.366
0882,2015,70.223
0882,2016,69.664
0882,2017,68.713
0882,2018,68.519
0882,2019,68.516
0882,2020,68.279
0882,2021,68.189
0882,2022,68.102
0883,2012,73.143
0883,2013,72.943
0883,2014,72.86
0883,2015,72.629
0883,2016,72.503
0883,2017,72.501
0883,2018,72.32
0883,2019,72.31
0883,2020,72.642
0883,2021,72.616
0883,2022,72.203
0884,2012,66.542
0884,2013,66.548
0884,2014,66.714
0884,2015,66.228
0884,2016,65.957
0884,2017,66.157
0884,2018,65.866
0884,2019,65.8
0884,2020,65.965
0884,2021,65.849
0884,2022,65.748
0885,2012,71.871
0885,2013,71.631
0885,2014,71.152
0885,2015,71.558
0885,2016,71.545
0885,2017,71.366
0885,2018,71.114
0885,2019,70.675
0885,2020,70.474
0885,2021,70.694
0885,2022,70.63
0980,2012,64.781
0980,2013,65.157
0980,2014,64.677
0980,2015,64.743
0980,2016,64.444
0980,2017,64.359
0980,2018,65.436
0980,2019,64.938
0980,2020,64.597
0980,2021,64.724
0980,2022,65.195
1060,2012,63.329
1060,2013,63.31
1060,2014,63.548
1060,2015,63.378
1060,2016,63.748
1060,2017,63.602
1060,2018,63.364
1060,2019,63.52
1060,2020,63.841
1060,2021,63.588
1060,2022,63.876
1080,2012,66.812
1080,2013,66.5
1080,2014,66.499
1080,2015,66.576
1080,2016,66.461
1080,2017,66.514
1080,2018,66.094
1080,2019,66.207
1080,2020,65.655
1080,2021,65.602
1080,2022,65.576
1081,2012,66.81
1081,2013,66.863
1081,2014,65.592
1081,2015,65.892
1081,2016,65.614
1081,2017,65.329
1081,2018,65.534
1081,2019,65.667
1081,2020,65.711
1081,2021,65.799
1081,2022,65.852
1082,2012,70.567
1082,2013,70.473
1082,2014,70.242
1082,2015,69.442
1082,2016,69.701
1082,2017,69.495
1082,2018,69.768
1082,2019,69.63
1082,2020,69.348
1082,2021,69.2
1082,2022,69.7
1083,2012,69.549
1083,2013,69.468
1083,2014,68.43
1083,2015,69.307
1083,2016,69.703
1083,2017,69.917
1083,2018,69.773
1083,2019,69.991
1083,2020,69.381
1083,2021,69.511
1083,2022,70.063
1214,2012,72.196
1214,2013,71.61
1214,2014,71.857
1214,2015,73.286
1214,2016,73.972
1214,2017,73.405
1214,2018,74.821
1214,2019,74.383
1214,2020,71.025
1214,2021,70.547
1214,2022,69.38
1230,2012,73.417
1230,2013,73.786
1230,2014,70.828
1230,2015,70.979
1230,2016,71.234
1230,2017,71.075
1230,2018,70.952
1230,2019,70.979
1230,2020,71.007
1230,2021,70.075
1230,2022,69.82
1231,2012,66.673
1231,2013,66.769
1231,2014,65.645
1231,2015,65.92
1231,2016,66.46
1231,2017,66.508
1231,2018,66.466
1231,2019,63.436
1231,2020,60.969
1231,2021,61.459
1231,2022,61.213
1233,2012,75.127
1233,2013,74.597
1233,2014,75.314
1233,2015,76.642
1233,2016,76.651
1233,2017,77.042
1233,2018,76.576
1233,2019,76.766
1233,2020,76.333
1233,2021,76.909
1233,2022,74.9
1256,2012,68.848
1256,2013,69.677
1256,2014,68.795
1256,2015,67.79
1256,2016,67.24
1256,2017,66.767
1256,2018,66.738
1256,2019,65.898
1256,2020,65.562
1256,2021,67.672
1256,2022,66.492
1257,2012,68.882
1257,2013,68.344
1257,2014,68.432
1257,2015,68.348
1257,2016,68.444
1257,2017,68.171
1257,2018,67.758
1257,2019,67.319
1257,2020,66.76
1257,2021,66.613
1257,2022,66.272
1260,2012,69.352
1260,2013,67.164
1260,2014,66.581
1260,2015,67.066
1260,2016,66.617
1260,2017,67.336
1260,2018,66.82
1260,2019,65.614
1260,2020,67.119
1260,2021,66.404
1260,2022,66.215
1261,2012,69.735
1261,2013,69.512
1261,2014,69.263
1261,2015,69.781
1261,2016,69.973
1261,2017,69.406
1261,2018,69.281
1261,2019,70.659
1261,2020,68.026
1261,2021,67.674
1261,2022,67.991
1262,2012,67.928
1262,2013,68.208
1262,2014,67.807
1262,2015,67.939
1262,2016,67.767
1262,2017,67.704
1262,2018,69.326
1262,2019,69.234
1262,2020,69.005
1262,2021,68.945
1262,2022,69.22
1263,2012,75.493
1263,2013,74.575
1263,2014,75.544
1263,2015,73.684
1263,2016,73.801
1263,2017,73.657
1263,2018,73.323
1263,2019,72.803
1263,2020,71.489
1263,2021,69.945
1263,2022,69.937
1264,2012,72.575
1264,2013,72.655
1264,2014,71.773
1264,2015,71.738
1264,2016,71.195
1264,2017,70.904
1264,2018,70.449
1264,2019,70.872
1264,2020,69.782
1264,2021,69.327
1264,2022,69.582
1265,2012,67.175
1265,2013,67.167
1265,2014,67.04
1265,2015,66.818
1265,2016,66.536
1265,2017,66.521
1265,2018,66.615
1265,2019,66.28
1265,2020,66.488
1265,2021,66.408
1265,2022,66.308
1266,2012,67.293
1266,2013,67.079
1266,2014,66.872
1266,2015,67.101
1266,2016,66.698
1266,2017,66.677
1266,2018,66.817
1266,2019,67.764
1266,2020,67.429
1266,2021,67.525
1266,2022,67.388
1267,2012,65.956
1267,2013,66.827
1267,2014,67.64
1267,2015,67.83
1267,2016,67.832
1267,2017,67.717
1267,2018,67.694
1267,2019,67.431
1267,2020,66.917
1267,2021,66.865
1267,2022,66.8
1270,2012,68.534
1270,2013,68.24
1270,2014,67.905
1270,2015,67.689
1270,2016,67.234
1270,2017,67.601
1270,2018,67.005
1270,2019,67.36
1270,2020,67.28
1270,2021,67.423
1270,2022,67.15
1272,2012,64.44
1272,2013,64.359
1272,2014,64.379
1272,2015,64.81
1272,2016,64.272
1272,2017,64.449
1272,2018,64.171
1272,2019,64.291
1272,2020,63.859
1272,2021,64.142
1272,2022,63.941
1273,2012,69.961
1273,2013,69.977
1273,2014,69.986
1273,2015,69.607
1273,2016,68.891
1273,2017,68.788
1273,2018,69.013
1273,2019,68.827
1273,2020,69.066
1273,2021,69.144
1273,2022,68.734
1275,2012,68.849
1275,2013,69.38
1275,2014,68.93
1275,2015,69.3
1275,2016,68.845
1275,2017,69.244
1275,2018,69.144
1275,2019,68.552
1275,2020,68.745
1275,2021,68.413
1275,2022,68.888
1276,2012,70.752
1276,2013,70.482
1276,2014,69.971
1276,2015,70.431
1276,2016,70.396
1276,2017,69.436
1276,2018,68.998
1276,2019,68.53
1276,2020,68.874
1276,2021,68.261
1276,2022,68.569
1277,2012,65.903
1277,2013,66.01
1277,2014,66.127
1277,2015,66.175
1277,2016,66.157
1277,2017,65.88
1277,2018,65.989
1277,2019,66.001
1277,2020,66.393
1277,2021,66.436
1277,2022,66.328
1278,2012,68.316
1278,2013,69.137
1278,2014,68.714
1278,2015,68.45
1278,2016,67.929
1278,2017,68.247
1278,2018,67.37
1278,2019,66.814
1278,2020,67.141
1278,2021,67.284
1278,2022,67.073
1280,2012,69.493
1280,2013,69.505
1280,2014,69.343
1280,2015,69.217
1280,2016,69.231
1280,2017,68.991
1280,2018,68.745
1280,2019,68.623
1280,2020,68.481
1280,2021,68.324
1280,2022,68.008
1281,2012,70.19
1281,2013,69.701
1281,2014,69.697
1281,2015,69.476
1281,2016,69.141
1281,2017,68.645
1281,2018,68.489
1281,2019,69.004
1281,2020,69.447
1281,2021,68.565
1281,2022,67.669
1282,2012,71.285
1282,2013,71.314
1282,2014,71.605
1282,2015,71.832
1282,2016,72.37
1282,2017,70.653
1282,2018,70.484
1282,2019,70.471
1282,2020,70.954
1282,2021,70.938
1282,2022,70.748
1283,2012,69.321
1283,2013,69.066
1283,2014,68.697
1283,2015,68.547
1283,2016,68.369
1283,2017,68.172
1283,2018,67.006
1283,2019,66.462
1283,2020,66.03
1283,2021,65.859
1283,2022,65.745
1284,2012,68.201
1284,2013,68.607
1284,2014,69.069
1284,2015,69.006
1284,2016,69.19
1284,2017,69.571
1284,2018,69.904
1284,2019,70.184
1284,2020,69.804
1284,2021,68.077
1284,2022,67.238
1285,2012,67.123
1285,2013,67.217
1285,2014,66.96
1285,2015,66.885
1285,2016,67.778
1285,2017,67.474
1285,2018,67.399
1285,2019,66.945
1285,2020,66.771
1285,2021,66.133
1285,2022,65.902
1286,2012,73.232
1286,2013,73.036
1286,2014,72.789
1286,2015,72.743
1286,2016,72.986
1286,2017,72.88
1286,2018,72.618
1286,2019,72.296
1286,2020,72.467
1286,2021,72.33
1286,2022,71.278
1287,2012,73.083
1287,2013,72.928
1287,2014,73.164
1287,2015,72.808
1287,2016,72.707
1287,2017,72.702
1287,2018,72.452
1287,2019,72.579
1287,2020,71.074
1287,2021,71.059
1287,2022,70.708
1290,2012,72.264
1290,2013,72.176
1290,2014,72.102
1290,2015,71.893
1290,2016,71.928
1290,2017,71.638
1290,2018,71.179
1290,2019,70.616
1290,2020,70.251
1290,2021,70.06
1290,2022,69.766
1291,2012,70.924
1291,2013,70.649
1291,2014,70.567
1291,2015,70.45
1291,2016,70.864
1291,2017,71.261
1291,2018,71.028
1291,2019,70.933
1291,2020,70.893
1291,2021,71.107
1291,2022,71.194
1292,2012,71.131
1292,2013,70.847
1292,2014,70.699
1292,2015,70.939
1292,2016,70.908
1292,2017,70.716
1292,2018,70.711
1292,2019,70.847
1292,2020,70.463
1292,2021,70.32
1292,2022,70.141
1293,2012,67.018
1293,2013,66.837
1293,2014,66.893
1293,2015,67.012
1293,2016,67.009
1293,2017,66.968
1293,2018,66.788
1293,2019,66.904
1293,2020,66.887
1293,2021,66.902
1293,2022,66.817
1315,2012,70.478
1315,2013,69.941
1315,2014,69.414
1315,2015,68.099
1315,2016,67.622
1315,2017,67.738
1315,2018,68.499
1315,2019,68.119
1315,2020,69.211
1315,2021,69.401
1315,2022,69.018
1380,2012,68.527
1380,2013,68.14
1380,2014,67.91
1380,2015,67.626
1380,2016,67.136
1380,2017,66.775
1380,2018,65.951
1380,2019,65.764
1380,2020,65.193
1380,2021,65.012
1380,2022,64.744
1381,2012,69.93
1381,2013,70.596
1381,2014,70.731
1381,2015,70.605
1381,2016,70.762
1381,2017,69.516
1381,2018,69.29
1381,2019,68.552
1381,2020,68.279
1381,2021,67.731
1381,2022,67.611
1382,2012,70.421
1382,2013,70.494
1382,2014,70.336
1382,2015,70.315
1382,2016,70.482
1382,2017,70.208
1382,2018,69.384
1382,2019,69.318
1382,2020,68.808
1382,2021,69.482
1382,2022,69.255
1383,2012,71.4
1383,2013,71.306
1383,2014,71.035
1383,2015,71.094
1383,2016,70.928
1383,2017,70.56
1383,2018,70.306
1383,2019,70.51
1383,2020,70.378
1383,2021,69.539
1383,2022,68.975
1384,2012,71.418
1384,2013,71.642
1384,2014,71.453
1384,2015,71.425
1384,2016,71.437
1384,2017,71.332
1384,2018,71.384
1384,2019,71.276
1384,2020,71.383
1384,2021,71.073
1384,2022,70.357
1401,2012,68.876
1401,2013,65.805
1401,2014,64.735
1401,2015,64.601
1401,2016,64.194
1401,2017,64.046
1401,2018,63.712
1401,2019,63.466
1401,2020,62.713
1401,2021,60.418
1401,2022,58.86
1402,2012,61.908
1402,2013,62.15
1402,2014,62.111
1402,2015,61.962
1402,2016,62.0
1402,2017,62.543
1402,2018,61.789
1402,2019,61.38
1402,2020,61.419
1402,2021,61.295
1402,2022,61.201
1407,2012,72.395
1407,2013,71.493
1407,2014,73.077
1407,2015,70.931
1407,2016,70.371
1407,2017,71.357
1407,2018,72.553
1407,2019,72.72
1407,2020,72.07
1407,2021,71.557
1407,2022,71.211
1415,2012,71.11
1415,2013,70.937
1415,2014,70.936
1415,2015,71.749
1415,2016,71.666
1415,2017,69.826
1415,2018,69.204
1415,2019,69.623
1415,2020,69.608
1415,2021,67.726
1415,2022,67.686
1419,2012,67.437
1419,2013,66.91
1419,2014,66.347
1419,2015,66.184
1419,2016,65.527
1419,2017,65.822
1419,2018,65.689
1419,2019,66.034
1419,2020,67.148
1419,2021,67.102
1419,2022,66.957
1421,2012,71.812
1421,2013,73.503
1421,2014,73.179
1421,2015,72.833
1421,2016,73.229
1421,2017,71.885
1421,2018,71.624
1421,2019,72.449
1421,2020,71.235
1421,2021,70.575
1421,2022,71.203
1427,2012,73.355
1427,2013,73.931
1427,2014,74.154
1427,2015,75.021
1427,2016,76.95
1427,2017,77.258
1427,2018,75.97
1427,2019,79.179
1427,2020,79.069
1427,2021,79.304
1427,2022,79.357
1430,2012,66.902
1430,2013,67.64
1430,2014,67.113
1430,2015,67.096
1430,2016,66.119
1430,2017,66.821
1430,2018,65.563
1430,2019,67.377
1430,2020,67.258
1430,2021,67.582
1430,2022,67.443
1435,2012,65.432
1435,2013,65.426
1435,2014,66.052
1435,2015,66.664
1435,2016,66.116
1435,2017,65.847
1435,2018,66.088
1435,2019,65.832
1435,2020,65.993
1435,2021,66.336
1435,2022,67.071
1438,2012,68.613
1438,2013,67.346
1438,2014,67.257
1438,2015,66.389
1438,2016,66.127
1438,2017,66.777
1438,2018,65.833
1438,2019,65.006
1438,2020,65.674
1438,2021,66.2
1438,2022,65.674
1439,2012,71.601
1439,2013,70.608
1439,2014,70.245
1439,2015,66.72
1439,2016,67.451
1439,2017,66.995
1439,2018,66.147
1439,2019,66.77
1439,2020,67.278
1439,2021,67.52
1439,2022,66.826
1440,2012,68.578
1440,2013,68.809
1440,2014,68.499
1440,2015,69.3
1440,2016,68.398
1440,2017,68.4
1440,2018,67.366
1440,2019,67.642
1440,2020,67.297
1440,2021,66.617
1440,2022,66.539
1441,2012,68.2
1441,2013,67.905
1441,2014,68.027
1441,2015,67.715
1441,2016,67.576
1441,2017,66.807
1441,2018,66.955
1441,2019,65.751
1441,2020,64.859
1441,2021,64.608
1441,2022,64.516
1442,2012,70.668
1442,2013,70.692
1442,2014,70.86
1442,2015,70.473
1442,2016,70.425
1442,2017,70.667
1442,2018,70.362
1442,2019,69.688
1442,2020,69.295
1442,2021,68.862
1442,2022,69.076
1443,2012,66.864
1443,2013,68.7
1443,2014,68.867
1443,2015,68.032
1443,2016,67.694
1443,2017,68.724
1443,2018,69.338
1443,2019,68.95
1443,2020,68.743
1443,2021,68.399
1443,2022,70.037
1444,2012,66.655
1444,2013,67.214
1444,2014,67.396
1444,2015,67.666
1444,2016,68.069
1444,2017,67.985
1444,2018,67.591
1444,2019,67.57
1444,2020,68.245
1444,2021,68.003
1444,2022,68.21
1445,2012,69.871
1445,2013,70.15
1445,2014,69.692
1445,2015,69.951
1445,2016,70.545
1445,2017,70.615
1445,2018,70.761
1445,2019,70.198
1445,2020,69.893
1445,2021,70.302
1445,2022,69.939
1446,2012,73.633
1446,2013,73.666
1446,2014,73.399
1446,2015,72.785
1446,2016,72.735
1446,2017,72.526
1446,2018,72.702
1446,2019,76.618
1446,2020,77.103
1446,2021,77.576
1446,2022,77.346
1447,2012,66.382
1447,2013,67.034
1447,2014,66.565
1447,2015,66.428
1447,2016,67.082
1447,2017,66.479
1447,2018,66.013
1447,2019,65.952
1447,2020,66.344
1447,2021,66.557
1447,2022,66.817
1452,2012,66.066
1452,2013,65.909
1452,2014,66.304
1452,2015,66.112
1452,2016,65.844
1452,2017,65.626
1452,2018,66.813
1452,2019,66.596
1452,2020,66.435
1452,2021,66.75
1452,2022,65.719
1460,2012,67.737
1460,2013,67.426
1460,2014,68.014
1460,2015,67.032
1460,2016,66.428
1460,2017,66.892
1460,2018,67.096
1460,2019,67.121
1460,2020,67.152
1460,2021,66.314
1460,2022,67.129
1461,2012,71.855
1461,2013,71.786
1461,2014,71.862
1461,2015,71.757
1461,2016,71.362
1461,2017,72.879
1461,2018,71.699
1461,2019,71.29
1461,2020,71.368
1461,2021,71.43
1461,2022,70.934
1462,2012,64.661
1462,2013,64.487
1462,2014,64.884
1462,2015,64.611
1462,2016,64.953
1462,2017,64.687
1462,2018,64.668
1462,2019,64.628
1462,2020,64.385
1462,2021,64.818
1462,2022,64.531
1463,2012,70.461
1463,2013,70.37
1463,2014,71.022
1463,2015,69.937
1463,2016,70.112
1463,2017,70.539
1463,2018,69.992
1463,2019,69.808
1463,2020,70.049
1463,2021,70.328
1463,2022,70.489
1465,2012,68.412
1465,2013,67.321
1465,2014,67.723
1465,2015,67.426
1465,2016,67.972
1465,2017,67.527
1465,2018,67.584
1465,2019,67.692
1465,2020,67.385
1465,2021,67.395
1465,2022,67.1
1466,2012,69.132
1466,2013,69.337
1466,2014,68.739
1466,2015,69.07
1466,2016,69.122
1466,2017,68.978
1466,2018,69.555
1466,2019,68.667
1466,2020,69.492
1466,2021,69.457
1466,2022,69.519
1470,2012,73.219
1470,2013,71.782
1470,2014,71.322
1470,2015,70.602
1470,2016,71.037
1470,2017,71.178
1470,2018,70.74
1470,2019,71.051
1470,2020,69.777
1470,2021,69.335
1470,2022,69.2
1471,2012,68.792
1471,2013,68.121
1471,2014,68.991
1471,2015,68.124
1471,2016,68.148
1471,2017,67.847
1471,2018,67.892
1471,2019,68.488
1471,2020,68.331
1471,2021,68.05
1471,2022,67.941
1472,2012,69.9
1472,2013,69.959
1472,2014,71.719
1472,2015,71.725
1472,2016,71.806
1472,2017,71.766
1472,2018,71.559
1472,2019,71.256
1472,2020,71.334
1472,2021,71.276
1472,2022,70.798
1473,2012,66.888
1473,2013,66.867
1473,2014,66.295
1473,2015,65.793
1473,2016,65.564
1473,2017,65.545
1473,2018,66.063
1473,2019,66.343
1473,2020,65.49
1473,2021,65.59
1473,2022,65.847
1480,2012,66.569
1480,2013,66.521
1480,2014,66.508
1480,2015,66.519
1480,2016,66.281
1480,2017,66.254
1480,2018,66.17
1480,2019,65.934
1480,2020,65.791
1480,2021,65.375
1480,2022,64.912
1481,2012,65.659
1481,2013,65.769
1481,2014,65.025
1481,2015,64.802
1481,2016,64.707
1481,2017,64.174
1481,2018,62.6
1481,2019,62.221
1481,2020,62.479
1481,2021,62.464
1481,2022,62.383
1482,2012,73.132
1482,2013,72.618
1482,2014,72.338
1482,2015,69.804
1482,2016,69.272
1482,2017,68.524
1482,2018,66.717
1482,2019,65.182
1482,2020,61.879
1482,2021,61.35
1482,2022,61.05
1484,2012,68.374
1484,2013,68.469
1484,2014,68.654
1484,2015,68.694
1484,2016,67.751
1484,2017,67.585
1484,2018,67.23
1484,2019,67.254
1484,2020,67.251
1484,2021,67.448
1484,2022,67.592
1485,2012,63.131
1485,2013,63.076
1485,2014,63.02
1485,2015,62.947
1485,2016,62.747
1485,2017,62.698
1485,2018,62.491
1485,2019,62.738
1485,2020,62.884
1485,2021,62.78
1485,2022,62.663
1486,2012,64.55
1486,2013,64.218
1486,2014,64.275
1486,2015,65.451
1486,2016,64.747
1486,2017,64.834
1486,2018,64.933
1486,2019,64.578
1486,2020,65.674
1486,2021,65.875
1486,2022,65.933
1487,2012,70.369
1487,2013,70.712
1487,2014,70.523
1487,2015,70.629
1487,2016,70.527
1487,2017,70.259
1487,2018,70.32
1487,2019,70.596
1487,2020,70.228
1487,2021,70.078
1487,2022,69.553
1488,2012,65.723
1488,2013,65.796
1488,2014,65.642
1488,2015,65.947
1488,2016,65.849
1488,2017,65.929
1488,2018,65.968
1488,2019,65.711
1488,2020,65.392
1488,2021,65.191
1488,2022,65.056
1489,2012,69.414
1489,2013,69.144
1489,2014,69.184
1489,2015,69.12
1489,2016,68.98
1489,2017,68.982
1489,2018,68.641
1489,2019,68.447
1489,2020,68.709
1489,2021,68.676
1489,2022,68.185
1490,2012,68.864
1490,2013,68.735
1490,2014,68.357
1490,2015,67.959
1490,2016,68.123
1490,2017,67.957
1490,2018,68.022
1490,2019,67.749
1490,2020,67.644
1490,2021,67.457
1490,2022,67.229
1491,2012,67.085
1491,2013,66.96
1491,2014,67.169
1491,2015,66.895
1491,2016,66.857
1491,2017,66.833
1491,2018,66.893
1491,2019,66.818
1491,2020,66.998
1491,2021,67.024
1491,2022,66.792
1492,2012,69.56
1492,2013,69.436
1492,2014,69.892
1492,2015,70.211
1492,2016,70.139
1492,2017,69.915
1492,2018,70.477
1492,2019,70.406
1492,2020,70.266
1492,2021,70.561
1492,2022,70.305
1493,2012,72.103
1493,2013,71.964
1493,2014,71.886
1493,2015,71.307
1493,2016,71.397
1493,2017,70.515
1493,2018,71.068
1493,2019,71.854
1493,2020,71.361
1493,2021,71.444
1493,2022,71.282
1494,2012,72.518
1494,2013,72.504
1494,2014,72.393
1494,2015,72.181
1494,2016,71.852
1494,2017,71.749
1494,2018,71.858
1494,2019,71.964
1494,2020,70.968
1494,2021,71.25
1494,2022,70.895
1495,2012,73.469
1495,2013,73.318
1495,2014,73.607
1495,2015,73.741
1495,2016,73.59
1495,2017,73.529
1495,2018,73.4
1495,2019,73.317
1495,2020,73.138
1495,2021,73.267
1495,2022,73.374
1496,2012,71.346
1496,2013,71.262
1496,2014,71.408
1496,2015,70.87
1496,2016,70.693
1496,2017,70.649
1496,2018,70.746
1496,2019,70.226
1496,2020,70.339
1496,2021,70.101
1496,2022,69.921
1497,2012,73.13
1497,2013,72.982
1497,2014,72.918
1497,2015,72.832
1497,2016,72.827
1497,2017,72.8
1497,2018,72.602
1497,2019,72.468
1497,2020,72.736
1497,2021,72.756
1497,2022,72.499
1498,2012,70.462
1498,2013,70.202
1498,2014,70.173
1498,2015,69.801
1498,2016,69.852
1498,2017,69.748
1498,2018,69.477
1498,2019,69.87
1498,2020,69.666
1498,2021,69.341
1498,2022,69.565
1499,2012,70.905
1499,2013,70.411
1499,2014,70.494
1499,2015,70.493
1499,2016,70.668
1499,2017,70.665
1499,2018,70.683
1499,2019,70.507
1499,2020,70.478
1499,2021,70.178
1499,2022,70.354
1715,2012,64.376
1715,2013,64.833
1715,2014,64.061
1715,2015,64.845
1715,2016,64.75
1715,2017,64.888
1715,2018,64.801
1715,2019,64.802
1715,2020,64.84
1715,2021,64.956
1715,2022,64.722
1730,2012,63.275
1730,2013,62.299
1730,2014,62.089
1730,2015,61.686
1730,2016,62.626
1730,2017,62.149
1730,2018,62.016
1730,2019,61.968
1730,2020,63.686
1730,2021,61.711
1730,2022,61.782
1737,2012,68.851
1737,2013,68.94
1737,2014,66.774
1737,2015,67.193
1737,2016,66.691
1737,2017,67.138
1737,2018,66.471
1737,2019,66.692
1737,2020,66.191
1737,2021,66.25
1737,2022,67.671
1760,2012,68.48
1760,2013,70.269
1760,2014,70.429
1760,2015,69.12
1760,2016,69.5
1760,2017,69.143
1760,2018,72.741
1760,2019,69.357
1760,2020,72.741
1760,2021,68.4
1760,2022,69.0
1761,2012,61.409
1761,2013,62.298
1761,2014,61.321
1761,2015,61.597
1761,2016,62.336
1761,2017,61.707
1761,2018,62.452
1761,2019,61.719
1761,2020,62.164
1761,2021,62.16
1761,2022,62.182
1762,2012,70.803
1762,2013,68.815
1762,2014,70.167
1762,2015,72.323
1762,2016,70.545
1762,2017,71.883
1762,2018,68.507
1762,2019,68.81
1762,2020,68.401
1762,2021,69.019
1762,2022,68.528
1763,2012,72.123
1763,2013,71.732
1763,2014,72.08
1763,2015,72.286
1763,2016,72.042
1763,2017,71.606
1763,2018,71.727
1763,2019,71.742
1763,2020,71.021
1763,2021,71.578
1763,2022,71.873
1764,2012,71.084
1764,2013,70.266
1764,2014,70.458
1764,2015,70.376
1764,2016,70.219
1764,2017,70.297
1764,2018,70.884
1764,2019,70.264
1764,2020,70.119
1764,2021,70.04
1764,2022,70.09
1765,2012,75.651
1765,2013,74.124
1765,2014,74.617
1765,2015,75.663
1765,2016,72.679
1765,2017,70.444
1765,2018,71.174
1765,2019,70.949
1765,2020,69.422
1765,2021,69.629
1765,2022,68.766
1766,2012,65.97
1766,2013,65.836
1766,2014,66.497
1766,2015,65.885
1766,2016,66.46
1766,2017,65.986
1766,2018,65.81
1766,2019,64.923
1766,2020,65.192
1766,2021,66.445
1766,2022,66.177
1780,2012,66.282
1780,2013,65.999
1780,2014,65.747
1780,2015,65.553
1780,2016,65.472
1780,2017,65.22
1780,2018,64.581
1780,2019,64.496
1780,2020,63.711
1780,2021,63.261
1780,2022,62.393
1781,2012,68.202
1781,2013,67.668
1781,2014,67.745
1781,2015,67.584
1781,2016,67.913
1781,2017,67.637
1781,2018,67.862
1781,2019,67.449
1781,2020,67.585
1781,2021,67.905
1781,2022,67.627
1782,2012,64.956
1782,2013,65.213
1782,2014,65.448
1782,2015,65.474
1782,2016,65.143
1782,2017,64.354
1782,2018,65.001
1782,2019,64.965
1782,2020,65.105
1782,2021,65.716
1782,2022,65.26
1783,2012,70.582
1783,2013,70.623
1783,2014,71.446
1783,2015,70.546
1783,2016,70.626
1783,2017,68.888
1783,2018,67.734
1783,2019,67.39
1783,2020,66.813
1783,2021,67.373
1783,2022,67.327
1784,2012,70.85
1784,2013,70.857
1784,2014,70.142
1784,2015,70.627
1784,2016,70.343
1784,2017,69.922
1784,2018,69.979
1784,2019,69.455
1784,2020,69.185
1784,2021,69.253
1784,2022,69.765
1785,2012,68.754
1785,2013,68.329
1785,2014,68.617
1785,2015,68.432
1785,2016,68.201
1785,2017,68.385
1785,2018,68.26
1785,2019,67.769
1785,2020,67.256
1785,2021,66.589
1785,2022,66.75
1814,2012,64.751
1814,2013,65.508
1814,2014,66.176
1814,2015,65.489
1814,2016,66.386
1814,2017,65.815
1814,2018,65.645
1814,2019,65.048
1814,2020,65.177
1814,2021,64.231
1814,2022,65.086
1860,2012,75.066
1860,2013,74.73
1860,2014,73.407
1860,2015,69.002
1860,2016,69.634
1860,2017,69.804
1860,2018,68.332
1860,2019,68.288
1860,2020,68.604
1860,2021,68.266
1860,2022,65.289
1861,2012,65.068
1861,2013,65.265
1861,2014,64.361
1861,2015,64.569
1861,2016,64.322
1861,2017,64.351
1861,2018,64.129
1861,2019,64.715
1861,2020,64.447
1861,2021,63.915
1861,2022,64.926
1862,2012,59.088
1862,2013,59.304
1862,2014,59.159
1862,2015,59.241
1862,2016,59.374
1862,2017,59.457
1862,2018,58.979
1862,2019,59.588
1862,2020,59.624
1862,2021,59.736
1862,2022,59.912
1863,2012,62.02
1863,2013,62.197
1863,2014,63.337
1863,2015,63.927
1863,2016,61.099
1863,2017,60.755
1863,2018,60.086
1863,2019,61.112
1863,2020,60.142
1863,2021,58.694
1863,2022,60.121
1864,2012,68.734
1864,2013,68.173
1864,2014,67.386
1864,2015,66.846
1864,2016,66.827
1864,2017,66.346
1864,2018,67.293
1864,2019,67.63
1864,2020,66.865
1864,2021,67.689
1864,2022,67.951
1880,2012,69.694
1880,2013,69.616
1880,2014,69.545
1880,2015,69.322
1880,2016,69.045
1880,2017,68.37
1880,2018,67.923
1880,2019,67.453
1880,2020,67.486
1880,2021,66.939
1880,2022,65.729
1881,2012,67.867
1881,2013,67.686
1881,2014,68.062
1881,2015,67.769
1881,2016,67.623
1881,2017,68.045
1881,2018,68.078
1881,2019,67.506
1881,2020,67.653
1881,2021,67.378
1881,2022,67.036
1882,2012,67.43
1882,2013,67.756
1882,2014,67.257
1882,2015,67.471
1882,2016,67.417
1882,2017,66.946
1882,2018,66.84
1882,2019,66.892
1882,2020,66.83
1882,2021,66.889
1882,2022,67.139
1883,2012,70.064
1883,2013,70.186
1883,2014,70.098
1883,2015,69.983
1883,2016,69.934
1883,2017,69.793
1883,2018,69.663
1883,2019,69.754
1883,2020,70.479
1883,2021,69.968
1883,2022,70.237
1884,2012,70.59
1884,2013,70.539
1884,2014,71.123
1884,2015,70.144
1884,2016,68.871
1884,2017,69.303
1884,2018,69.288
1884,2019,69.17
1884,2020,69.327
1884,2021,69.448
1884,2022,69.841
1885,2012,68.375
1885,2013,68.451
1885,2014,68.556
1885,2015,68.157
1885,2016,67.529
1885,2017,67.907
1885,2018,66.616
1885,2019,66.402
1885,2020,66.305
1885,2021,65.93
1885,2022,65.759
1904,2012,66.11
1904,2013,65.987
1904,2014,65.713
1904,2015,64.853
1904,2016,65.967
1904,2017,67.363
1904,2018,66.785
1904,2019,68.002
1904,2020,68.259
1904,2021,67.086
1904,2022,67.249
1907,2012,68.709
1907,2013,69.233
1907,2014,68.985
1907,2015,68.817
1907,2016,68.907
1907,2017,68.245
1907,2018,67.869
1907,2019,67.597
1907,2020,68.387
1907,2021,69.165
1907,2022,68.272
1960,2012,66.342
1960,2013,64.949
1960,2014,64.545
1960,2015,63.943
1960,2016,64.538
1960,2017,64.998
1960,2018,64.936
1960,2019,65.628
1960,2020,65.256
1960,2021,65.382
1960,2022,64.194
1961,2012,74.723
1961,2013,75.142
1961,2014,76.067
1961,2015,75.753
1961,2016,70.284
1961,2017,70.407
1961,2018,68.445
1961,2019,68.626
1961,2020,68.838
1961,2021,67.771
1961,2022,68.277
1962,2012,66.317
1962,2013,65.604
1962,2014,66.655
1962,2015,65.987
1962,2016,65.967
1962,2017,65.495
1962,2018,65.757
1962,2019,66.041
1962,2020,65.297
1962,2021,65.23
1962,2022,65.3
1980,2012,66.978
1980,2013,67.075
1980,2014,67.031
1980,2015,66.876
1980,2016,66.913
1980,2017,66.548
1980,2018,66.467
1980,2019,66.02
1980,2020,65.794
1980,2021,65.287
1980,2022,64.784
1981,2012,73.224
1981,2013,72.334
1981,2014,71.886
1981,2015,71.806
1981,2016,72.465
1981,2017,71.932
1981,2018,71.072
1981,2019,70.941
1981,2020,70.975
1981,2021,71.011
1981,2022,71.265
1982,2012,68.074
1982,2013,68.198
1982,2014,68.008
1982,2015,68.334
1982,2016,68.632
1982,2017,68.306
1982,2018,68.498
1982,2019,68.606
1982,2020,68.629
1982,2021,68.884
1982,2022,68.082
1983,2012,67.647
1983,2013,67.924
1983,2014,68.143
1983,2015,67.878
1983,2016,67.726
1983,2017,67.535
1983,2018,67.444
1983,2019,67.5
1983,2020,67.404
1983,2021,67.169
1983,2022,67.437
1984,2012,73.473
1984,2013,72.766
1984,2014,72.608
1984,2015,72.408
1984,2016,72.358
1984,2017,72.094
1984,2018,71.936
1984,2019,71.829
1984,2020,71.748
1984,2021,72.111
1984,2022,71.612
2021,2012,75.395
2021,2013,72.507
2021,2014,72.751
2021,2015,72.992
2021,2016,70.594
2021,2017,71.145
2021,2018,70.796
2021,2019,71.6
2021,2020,70.863
2021,2021,69.977
2021,2022,69.648
2023,2012,67.058
2023,2013,67.696
2023,2014,65.864
2023,2015,66.262
2023,2016,66.195
2023,2017,65.776
2023,2018,65.171
2023,2019,63.758
2023,2020,64.434
2023,2021,65.536
2023,2022,65.199
2026,2012,80.706
2026,2013,80.353
2026,2014,71.357
2026,2015,71.633
2026,2016,72.714
2026,2017,72.833
2026,2018,72.242
2026,2019,72.29
2026,2020,72.933
2026,2021,60.767
2026,2022,61.527
2029,2012,69.092
2029,2013,68.978
2029,2014,69.962
2029,2015,69.791
2029,2016,70.025
2029,2017,69.322
2029,2018,69.62
2029,2019,69.43
2029,2020,69.753
2029,2021,69.659
2029,2022,69.327
2031,2012,68.799
2031,2013,69.142
2031,2014,68.398
2031,2015,68.571
2031,2016,68.803
2031,2017,68.548
2031,2018,68.114
2031,2019,68.648
2031,2020,68.056
2031,2021,68.114
2031,2022,67.33
2034,2012,68.1
2034,2013,67.388
2034,2014,67.849
2034,2015,67.604
2034,2016,66.489
2034,2017,67.364
2034,2018,67.542
2034,2019,67.122
2034,2020,66.798
2034,2021,66.896
2034,2022,68.05
2039,2012,69.389
2039,2013,68.952
2039,2014,69.835
2039,2015,69.458
2039,2016,68.556
2039,2017,68.949
2039,2018,70.244
2039,2019,69.895
2039,2020,70.906
2039,2021,70.837
2039,2022,69.9
2061,2012,64.211
2061,2013,64.233
2061,2014,64.462
2061,2015,63.709
2061,2016,63.546
2061,2017,62.841
2061,2018,62.583
2061,2019,62.711
2061,2020,63.084
2061,2021,64.796
2061,2022,65.016
2062,2012,68.298
2062,2013,67.221
2062,2014,68.422
2062,2015,67.778
2062,2016,65.729
2062,2017,66.111
2062,2018,65.74
2062,2019,65.743
2062,2020,64.72
2062,2021,64.88
2062,2022,65.4
2080,2012,68.046
2080,2013,68.229
2080,2014,68.049
2080,2015,67.901
2080,2016,67.705
2080,2017,68.12
2080,2018,67.524
2080,2019,67.518
2080,2020,67.47
2080,2021,67.295
2080,2022,66.991
2081,2012,68.684
2081,2013,68.956
2081,2014,68.679
2081,2015,68.978
2081,2016,68.781
2081,2017,67.678
2081,2018,68.255
2081,2019,68.376
2081,2020,68.037
2081,2021,68.001
2081,2022,67.955
2082,2012,71.682
2082,2013,71.126
2082,2014,71.621
2082,2015,71.511
2082,2016,71.909
2082,2017,71.428
2082,2018,71.356
2082,2019,71.816
2082,2020,70.497
2082,2021,70.63
2082,2022,70.595
2083,2012,67.245
2083,2013,66.489
2083,2014,66.499
2083,2015,66.22
2083,2016,65.982
2083,2017,65.735
2083,2018,66.122
2083,2019,65.878
2083,2020,65.982
2083,2021,65.905
2083,2022,66.267
2084,2012,64.124
2084,2013,64.436
2084,2014,64.236
2084,2015,62.621
2084,2016,62.344
2084,2017,62.257
2084,2018,62.788
2084,2019,63.563
2084,2020,63.832
2084,2021,63.729
2084,2022,63.965
2085,2012,67.708
2085,2013,67.775
2085,2014,68.192
2085,2015,68.186
2085,2016,67.295
2085,2017,67.346
2085,2018,67.43
2085,2019,66.487
2085,2020,68.531
2085,2021,68.998
2085,2022,68.87
2101,2012,67.69
2101,2013,68.66
2101,2014,67.985
2101,2015,67.342
2101,2016,67.583
2101,2017,70.996
2101,2018,71.09
2101,2019,70.235
2101,2020,69.419
2101,2021,70.007
2101,2022,70.832
2104,2012,70.09
2104,2013,69.0
2104,2014,68.049
2104,2015,68.088
2104,2016,68.727
2104,2017,68.409
2104,2018,66.849
2104,2019,63.819
2104,2020,64.379
2104,2021,64.448
2104,2022,64.281
2121,2012,72.166
2121,2013,72.058
2121,2014,71.814
2121,2015,70.997
2121,2016,71.622
2121,2017,71.276
2121,2018,71.491
2121,2019,70.041
2121,2020,70.929
2121,2021,70.87
2121,2022,71.236
2132,2012,75.627
2132,2013,75.476
2132,2014,74.845
2132,2015,74.089
2132,2016,72.462
2132,2017,72.271
2132,2018,72.727
2132,2019,72.23
2132,2020,72.187
2132,2021,72.63
2132,2022,72.78
2161,2012,72.182
2161,2013,72.699
2161,2014,71.599
2161,2015,71.595
2161,2016,71.378
2161,2017,71.311
2161,2018,71.532
2161,2019,69.671
2161,2020,70.105
2161,2021,70.264
2161,2022,69.545
2180,2012,68.278
2180,2013,67.983
2180,2014,68.069
2180,2015,68.202
2180,2016,68.2
2180,2017,67.166
2180,2018,67.028
2180,2019,66.617
2180,2020,66.099
2180,2021,65.281
2180,2022,64.507
2181,2012,66.402
2181,2013,66.323
2181,2014,65.991
2181,2015,65.237
2181,2016,65.142
2181,2017,65.088
2181,2018,65.383
2181,2019,65.376
2181,2020,65.993
2181,2021,65.982
2181,2022,65.581
2182,2012,69.362
2182,2013,69.269
2182,2014,68.996
2182,2015,70.141
2182,2016,70.555
2182,2017,70.424
2182,2018,70.118
2182,2019,69.894
2182,2020,69.946
2182,2021,69.846
2182,2022,70.245
2183,2012,67.864
2183,2013,68.072
2183,2014,68.3
2183,2015,67.862
2183,2016,67.561
2183,2017,67.105
2183,2018,67.677
2183,2019,67.858
2183,2020,67.41
2183,2021,67.827
2183,2022,68.224
2184,2012,67.985
2184,2013,68.103
2184,2014,67.432
2184,2015,67.64
2184,2016,67.056
2184,2017,66.577
2184,2018,66.731
2184,2019,66.53
2184,2020,66.393
2184,2021,66.155
2184,2022,66.238
2260,2012,71.707
2260,2013,71.228
2260,2014,71.532
2260,2015,71.159
2260,2016,71.016
2260,2017,71.709
2260,2018,71.065
2260,2019,70.699
2260,2020,69.991
2260,2021,72.092
2260,2022,71.976
2262,2012,73.585
2262,2013,74.231
2262,2014,73.042
2262,2015,72.504
2262,2016,72.451
2262,2017,72.739
2262,2018,73.177
2262,2019,72.352
2262,2020,67.526
2262,2021,66.981
2262,2022,67.496
2280,2012,71.41
2280,2013,70.994
2280,2014,71.323
2280,2015,70.542
2280,2016,70.626
2280,2017,70.751
2280,2018,70.216
2280,2019,70.776
2280,2020,70.247
2280,2021,70.465
2280,2022,70.674
2281,2012,68.914
2281,2013,68.881
2281,2014,68.88
2281,2015,68.842
2281,2016,68.437
2281,2017,68.344
2281,2018,68.21
2281,2019,67.55
2281,2020,67.575
2281,2021,66.897
2281,2022,66.539
2282,2012,66.656
2282,2013,66.618
2282,2014,66.207
2282,2015,66.475
2282,2016,66.428
2282,2017,66.197
2282,2018,66.47
2282,2019,65.834
2282,2020,65.773
2282,2021,66.227
2282,2022,66.172
2283,2012,71.047
2283,2013,70.9
2283,2014,70.563
2283,2015,70.638
2283,2016,70.318
2283,2017,70.262
2283,2018,70.375
2283,2019,70.303
2283,2020,70.391
2283,2021,70.112
2283,2022,69.941
2284,2012,69.383
2284,2013,69.264
2284,2014,68.921
2284,2015,68.77
2284,2016,68.968
2284,2017,68.032
2284,2018,68.074
2284,2019,68.045
2284,2020,68.201
2284,2021,68.402
2284,2022,68.255
2303,2012,70.736
2303,2013,70.783
2303,2014,69.49
2303,2015,71.134
2303,2016,71.11
2303,2017,70.8
2303,2018,69.376
2303,2019,68.506
2303,2020,68.628
2303,2021,67.568
2303,2022,68.429
2305,2012,69.109
2305,2013,68.608
2305,2014,68.769
2305,2015,67.623
2305,2016,67.004
2305,2017,69.142
2305,2018,69.42
2305,2019,68.609
2305,2020,67.748
2305,2021,68.242
2305,2022,68.071
2309,2012,74.115
2309,2013,72.942
2309,2014,73.884
2309,2015,73.864
2309,2016,72.115
2309,2017,72.039
2309,2018,72.934
2309,2019,71.977
2309,2020,72.549
2309,2021,72.53
2309,2022,73.769
2313,2012,70.859
2313,2013,70.074
2313,2014,68.636
2313,2015,69.112
2313,2016,71.01
2313,2017,69.933
2313,2018,69.156
2313,2019,69.621
2313,2020,71.143
2313,2021,70.424
2313,2022,70.692
2321,2012,65.009
2321,2013,64.176
2321,2014,64.392
2321,2015,64.412
2321,2016,64.028
2321,2017,64.066
2321,2018,63.617
2321,2019,62.961
2321,2020,63.106
2321,2021,62.981
2321,2022,62.79
2326,2012,71.47
2326,2013,64.44
2326,2014,70.588
2326,2015,69.907
2326,2016,70.274
2326,2017,68.703
2326,2018,67.938
2326,2019,68.282
2326,2020,67.467
2326,2021,66.984
2326,2022,67.143
2361,2012,69.935
2361,2013,69.395
2361,2014,68.752
2361,2015,67.002
2361,2016,67.452
2361,2017,66.668
2361,2018,69.312
2361,2019,69.491
2361,2020,66.847
2361,2021,66.577
2361,2022,66.061
2380,2012,69.818
2380,2013,70.029
2380,2014,69.617
2380,2015,69.354
2380,2016,69.676
2380,2017,68.905
2380,2018,69.075
2380,2019,69.15
2380,2020,68.423
2380,2021,67.501
2380,2022,67.016
2401,2012,71.194
2401,2013,71.288
2401,2014,70.427
2401,2015,70.149
2401,2016,69.63
2401,2017,69.985
2401,2018,70.413
2401,2019,70.07
2401,2020,69.809
2401,2021,70.481
2401,2022,70.182
2403,2012,67.25
2403,2013,64.857
2403,2014,67.688
2403,2015,67.263
2403,2016,67.632
2403,2017,68.737
2403,2018,68.765
2403,2019,71.889
2403,2020,70.944
2403,2021,70.25
2403,2022,67.565
2404,2012,73.494
2404,2013,74.046
2404,2014,72.755
2404,2015,72.795
2404,2016,72.501
2404,2017,72.851
2404,2018,72.241
2404,2019,73.917
2404,2020,72.22
2404,2021,72.212
2404,2022,72.573
2409,2012,70.488
2409,2013,70.459
2409,2014,70.466
2409,2015,70.855
2409,2016,70.549
2409,2017,70.624
2409,2018,70.865
2409,2019,69.936
2409,2020,69.454
2409,2021,68.909
2409,2022,69.457
2417,2012,69.513
2417,2013,69.709
2417,2014,68.657
2417,2015,69.177
2417,2016,69.52
2417,2017,69.79
2417,2018,69.221
2417,2019,69.99
2417,2020,70.097
2417,2021,70.405
2417,2022,70.482
2418,2012,68.917
2418,2013,69.233
2418,2014,70.258
2418,2015,69.594
2418,2016,69.688
2418,2017,70.606
2418,2018,70.344
2418,2019,69.909
2418,2020,71.545
2418,2021,70.121
2418,2022,72.387
2421,2012,68.612
2421,2013,68.179
2421,2014,68.266
2421,2015,66.968
2421,2016,67.197
2421,2017,67.463
2421,2018,68.284
2421,2019,67.3
2421,2020,68.153
2421,2021,68.306
2421,2022,68.735
2422,2012,68.3
2422,2013,69.54
2422,2014,69.986
2422,2015,69.567
2422,2016,72.824
2422,2017,69.608
2422,2018,69.31
2422,2019,68.263
2422,2020,69.732
2422,2021,68.083
2422,2022,67.218
2425,2012,64.07
2425,2013,63.81
2425,2014,64.267
2425,2015,64.576
2425,2016,64.581
2425,2017,64.503
2425,2018,64.836
2425,2019,66.503
2425,2020,63.203
2425,2021,67.155
2425,2022,69.664
2460,2012,71.912
2460,2013,71.585
2460,2014,71.527
2460,2015,71.097
2460,2016,70.735
2460,2017,69.705
2460,2018,71.169
2460,2019,70.787
2460,2020,70.639
2460,2021,70.361
2460,2022,70.982
2462,2012,71.947
2462,2013,72.238
2462,2014,73.472
2462,2015,73.138
2462,2016,71.486
2462,2017,71.996
2462,2018,72.237
2462,2019,73.855
2462,2020,71.21
2462,2021,69.99
2462,2022,69.658
2463,2012,67.648
2463,2013,70.74
2463,2014,70.109
2463,2015,68.205
2463,2016,68.881
2463,2017,69.063
2463,2018,59.365
2463,2019,68.879
2463,2020,69.0
2463,2021,70.823
2463,2022,71.891
2480,2012,67.503
2480,2013,67.04
2480,2014,66.527
2480,2015,66.141
2480,2016,65.817
2480,2017,64.998
2480,2018,63.512
2480,2019,62.429
2480,2020,64.501
2480,2021,64.136
2480,2022,64.021
2481,2012,67.796
2481,2013,67.443
2481,2014,67.537
2481,2015,67.211
2481,2016,67.603
2481,2017,67.888
2481,2018,67.795
2481,2019,67.578
2481,2020,67.501
2481,2021,67.974
2481,2022,67.899
2482,2012,71.489
2482,2013,71.173
2482,2014,71.003
2482,2015,69.971
2482,2016,69.491
2482,2017,69.008
2482,2018,68.82
2482,2019,68.954
2482,2020,68.683
2482,2021,68.366
2482,2022,66.986
2505,2012,66.964
2505,2013,65.776
2505,2014,65.913
2505,2015,67.284
2505,2016,67.174
2505,2017,66.854
2505,2018,66.21
2505,2019,65.925
2505,2020,66.456
2505,2021,65.964
2505,2022,65.683
2506,2012,76.164
2506,2013,76.413
2506,2014,77.361
2506,2015,76.027
2506,2016,77.191
2506,2017,75.526
2506,2018,77.106
2506,2019,75.626
2506,2020,74.422
2506,2021,73.551
2506,2022,74.61
2510,2012,66.884
2510,2013,67.172
2510,2014,66.62
2510,2015,66.201
2510,2016,65.356
2510,2017,65.418
2510,2018,64.927
2510,2019,64.625
2510,2020,64.247
2510,2021,63.709
2510,2022,63.949
2513,2012,73.636
2513,2013,71.924
2513,2014,70.545
2513,2015,70.431
2513,2016,71.5
2513,2017,71.992
2513,2018,72.121
2513,2019,70.744
2513,2020,72.397
2513,2021,71.336
2513,2022,72.138
2514,2012,66.975
2514,2013,67.417
2514,2014,66.587
2514,2015,66.571
2514,2016,66.375
2514,2017,66.517
2514,2018,66.713
2514,2019,67.179
2514,2020,66.69
2514,2021,66.613
2514,2022,66.237
2518,2012,81.51
2518,2013,80.026
2518,2014,80.646
2518,2015,75.067
2518,2016,75.004
2518,2017,75.477
2518,2018,76.741
2518,2019,76.308
2518,2020,72.326
2518,2021,70.36
2518,2022,70.403
2521,2012,66.292
2521,2013,66.18
2521,2014,65.393
2521,2015,64.07
2521,2016,64.294
2521,2017,63.402
2521,2018,64.418
2521,2019,63.29
2521,2020,63.49
2521,2021,63.779
2521,2022,64.272
2523,2012,75.247
2523,2013,74.977
2523,2014,74.954
2523,2015,74.696
2523,2016,73.673
2523,2017,69.946
2523,2018,68.154
2523,2019,66.587
2523,2020,66.352
2523,2021,67.132
2523,2022,66.78
2560,2012,64.512
2560,2013,64.326
2560,2014,64.524
2560,2015,63.811
2560,2016,63.998
2560,2017,64.338
2560,2018,64.13
2560,2019,64.392
2560,2020,64.659
2560,2021,64.759
2560,2022,64.479
2580,2012,61.672
2580,2013,60.942
2580,2014,60.504
2580,2015,60.832
2580,2016,63.685
2580,2017,63.258
2580,2018,63.449
2580,2019,62.967
2580,2020,62.747
2580,2021,62.73
2580,2022,61.816
2581,2012,64.227
2581,2013,64.347
2581,2014,64.52
2581,2015,64.818
2581,2016,64.539
2581,2017,64.707
2581,2018,64.983
2581,2019,64.339
2581,2020,64.26
2581,2021,64.411
2581,2022,64.067
2582,2012,69.752
2582,2013,69.869
2582,2014,69.776
2582,2015,69.715
2582,2016,69.583
2582,2017,69.593
2582,2018,69.46
2582,2019,69.164
2582,2020,69.078
2582,2021,68.619
2582,2022,68.256
2583,2012,63.37
2583,2013,62.848
2583,2014,62.563
2583,2015,62.475
2583,2016,63.063
2583,2017,62.001
2583,2018,61.679
2583,2019,61.816
2583,2020,62.131
2583,2021,61.941
2583,2022,61.969
2584,2012,68.687
2584,2013,67.903
2584,2014,67.691
2584,2015,67.74
2584,2016,66.757
2584,2017,66.303
2584,2018,66.213
2584,2019,66.534
2584,2020,66.687
2584,2021,66.175
2584,2022,64.879
