kommun,year,mean_boarea_brf
0114,2012,74.979
0114,2013,74.453
0114,2014,73.478
0114,2015,73.847
0114,2016,74.043
0114,2017,73.942
0114,2018,73.474
0114,2019,72.231
0114,2020,72.052
0114,2021,71.987
0114,2022,72.087
0115,2012,73.358
0115,2013,73.433
0115,2014,73.472
0115,2015,73.265
0115,2016,73.187
0115,2017,73.074
0115,2018,73.191
0115,2019,73.047
0115,2020,73.076
0115,2021,73.102
0115,2022,73.048
0117,2012,70.644
0117,2013,70.912
0117,2014,71.268
0117,2015,71.581
0117,2016,72.02
0117,2017,72.427
0117,2018,72.025
0117,2019,71.514
0117,2020,71.705
0117,2021,71.633
0117,2022,71.463
0120,2012,74.754
0120,2013,74.512
0120,2014,74.057
0120,2015,73.901
0120,2016,73.745
0120,2017,71.677
0120,2018,71.015
0120,2019,70.599
0120,2020,70.551
0120,2021,70.353
0120,2022,70.29
0123,2012,73.045
0123,2013,72.796
0123,2014,72.886
0123,2015,73.035
0123,2016,72.819
0123,2017,72.492
0123,2018,72.015
0123,2019,71.495
0123,2020,71.049
0123,2021,70.725
0123,2022,70.797
0125,2012,76.174
0125,2013,76.449
0125,2014,76.502
0125,2015,76.201
0125,2016,76.088
0125,2017,76.877
0125,2018,76.124
0125,2019,75.818
0125,2020,76.053
0125,2021,75.528
0125,2022,74.81
0126,2012,69.862
0126,2013,69.696
0126,2014,69.736
0126,2015,69.799
0126,2016,69.641
0126,2017,69.112
0126,2018,68.614
0126,2019,68.113
0126,2020,68.026
0126,2021,67.761
0126,2022,67.793
0127,2012,75.313
0127,2013,75.089
0127,2014,74.475
0127,2015,74.452
0127,2016,74.292
0127,2017,73.107
0127,2018,72.444
0127,2019,71.125
0127,2020,71.768
0127,2021,71.658
0127,2022,71.64
0128,2012,72.235
0128,2013,72.297
0128,2014,72.495
0128,2015,72.619
0128,2016,72.619
0128,2017,72.488
0128,2018,72.583
0128,2019,72.683
0128,2020,72.643
0128,2021,72.839
0128,2022,72.6
0136,2012,72.062
0136,2013,71.854
0136,2014,71.873
0136,2015,71.864
0136,2016,71.738
0136,2017,71.55
0136,2018,71.406
0136,2019,70.92
0136,2020,70.293
0136,2021,69.939
0136,2022,69.706
0138,2012,78.237
0138,2013,78.055
0138,2014,78.201
0138,2015,77.98
0138,2016,77.618
0138,2017,77.651
0138,2018,77.501
0138,2019,77.223
0138,2020,76.854
0138,2021,76.744
0138,2022,76.617
0139,2012,77.667
0139,2013,77.537
0139,2014,77.693
0139,2015,77.764
0139,2016,77.525
0139,2017,76.823
0139,2018,75.921
0139,2019,75.174
0139,2020,74.887
0139,2021,74.765
0139,2022,74.723
0140,2012,65.651
0140,2013,67.598
0140,2014,69.432
0140,2015,69.581
0140,2016,70.801
0140,2017,71.602
0140,2018,69.205
0140,2019,67.596
0140,2020,67.74
0140,2021,68.033
0140,2022,68.463
0160,2012,77.726
0160,2013,78.031
0160,2014,78.043
0160,2015,77.697
0160,2016,77.562
0160,2017,77.378
0160,2018,76.698
0160,2019,76.294
0160,2020,76.281
0160,2021,75.58
0160,2022,75.33
0162,2012,75.811
0162,2013,76.069
0162,2014,76.363
0162,2015,76.227
0162,2016,73.233
0162,2017,73.506
0162,2018,73.004
0162,2019,73.183
0162,2020,72.998
0162,2021,73.168
0162,2022,73.106
0163,2012,77.339
0163,2013,77.271
0163,2014,77.211
0163,2015,76.869
0163,2016,76.54
0163,2017,76.104
0163,2018,75.635
0163,2019,75.422
0163,2020,75.17
0163,2021,74.839
0163,2022,74.329
0180,2012,70.047
0180,2013,70.061
0180,2014,70.085
0180,2015,70.144
0180,2016,70.102
0180,2017,70.019
0180,2018,69.888
0180,2019,69.81
0180,2020,69.748
0180,2021,69.644
0180,2022,69.51
0181,2012,71.108
0181,2013,71.039
0181,2014,71.138
0181,2015,71.233
0181,2016,70.951
0181,2017,70.888
0181,2018,70.692
0181,2019,70.502
0181,2020,70.469
0181,2021,70.313
0181,2022,70.207
0182,2012,74.975
0182,2013,74.633
0182,2014,74.271
0182,2015,74.375
0182,2016,74.369
0182,2017,74.34
0182,2018,74.274
0182,2019,74.23
0182,2020,74.164
0182,2021,74.236
0182,2022,74.15
0183,2012,68.253
0183,2013,68.639
0183,2014,68.971
0183,2015,68.97
0183,2016,68.682
0183,2017,68.709
0183,2018,68.531
0183,2019,68.117
0183,2020,68.093
0183,2021,67.95
0183,2022,67.846
0184,2012,73.195
0184,2013,73.147
0184,2014,73.009
0184,2015,72.948
0184,2016,72.898
0184,2017,72.768
0184,2018,72.686
0184,2019,72.388
0184,2020,72.077
0184,2021,71.741
0184,2022,71.592
0186,2012,75.731
0186,2013,75.887
0186,2014,76.066
0186,2015,76.322
0186,2016,75.996
0186,2017,76.026
0186,2018,76.216
0186,2019,76.055
0186,2020,76.045
0186,2021,76.24
0186,2022,76.311
0187,2012,75.512
0187,2013,75.11
0187,2014,75.079
0187,2015,74.94
0187,2016,75.451
0187,2017,75.344
0187,2018,75.132
0187,2019,74.742
0187,2020,74.82
0187,2021,74.905
0187,2022,74.673
0188,2012,68.747
0188,2013,68.809
0188,2014,68.737
0188,2015,69.126
0188,2016,69.038
0188,2017,68.762
0188,2018,68.815
0188,2019,68.988
0188,2020,68.987
0188,2021,69.117
0188,2022,69.066
0191,2012,73.047
0191,2013,73.105
0191,2014,73.166
0191,2015,72.53
0191,2016,72.066
0191,2017,71.791
0191,2018,71.772
0191,2019,71.659
0191,2020,71.535
0191,2021,71.432
0191,2022,71.558
0192,2012,72.389
0192,2013,72.436
0192,2014,72.933
0192,2015,73.143
0192,2016,72.963
0192,2017,73.107
0192,2018,73.038
0192,2019,73.146
0192,2020,72.909
0192,2021,72.742
0192,2022,72.251
0305,2012,68.615
0305,2013,68.594
0305,2014,68.334
0305,2015,68.25
0305,2016,67.994
0305,2017,67.619
0305,2018,67.655
0305,2019,67.508
0305,2020,67.304
0305,2021,67.258
0305,2022,67.229
0319,2012,60.568
0319,2013,60.46
0319,2014,60.357
0319,2015,60.518
0319,2016,60.162
0319,2017,59.976
0319,2018,60.829
0319,2019,60.473
0319,2020,60.591
0319,2021,60.59
0319,2022,60.452
0330,2012,73.455
0330,2013,73.472
0330,2014,68.649
0330,2015,68.197
0330,2016,68.481
0330,2017,68.088
0330,2018,64.382
0330,2019,63.974
0330,2020,63.939
0330,2021,64.698
0330,2022,64.906
0331,2012,61.708
0331,2013,61.978
0331,2014,61.554
0331,2015,61.368
0331,2016,61.624
0331,2017,61.251
0331,2018,61.262
0331,2019,61.56
0331,2020,61.821
0331,2021,61.953
0331,2022,61.743
0360,2012,63.617
0360,2013,63.783
0360,2014,64.036
0360,2015,64.038
0360,2016,64.031
0360,2017,64.417
0360,2018,64.043
0360,2019,64.133
0360,2020,64.133
0360,2021,64.424
0360,2022,64.371
0380,2012,73.356
0380,2013,73.354
0380,2014,73.616
0380,2015,73.664
0380,2016,73.574
0380,2017,73.219
0380,2018,73.041
0380,2019,72.687
0380,2020,72.565
0380,2021,72.425
0380,2022,72.241
0381,2012,71.329
0381,2013,71.171
0381,2014,71.403
0381,2015,71.184
0381,2016,70.923
0381,2017,70.854
0381,2018,70.637
0381,2019,70.694
0381,2020,70.341
0381,2021,70.225
0381,2022,70.453
0382,2012,64.945
0382,2013,65.085
0382,2014,65.077
0382,2015,65.369
0382,2016,65.488
0382,2017,65.632
0382,2018,65.486
0382,2019,65.564
0382,2020,65.344
0382,2021,65.462
0382,2022,65.565
0428,2012,62.808
0428,2013,62.299
0428,2014,62.589
0428,2015,61.844
0428,2016,62.57
0428,2017,62.196
0428,2018,62.447
0428,2019,61.762
0428,2020,62.463
0428,2021,61.579
0428,2022,61.719
0461,2012,73.377
0461,2013,73.058
0461,2014,72.235
0461,2015,71.951
0461,2016,71.797
0461,2017,71.538
0461,2018,70.866
0461,2019,69.153
0461,2020,69.069
0461,2021,68.966
0461,2022,69.075
0480,2012,70.848
0480,2013,70.975
0480,2014,71.222
0480,2015,71.532
0480,2016,71.748
0480,2017,71.906
0480,2018,71.937
0480,2019,71.917
0480,2020,71.884
0480,2021,71.861
0480,2022,71.975
0481,2012,65.776
0481,2013,65.685
0481,2014,65.635
0481,2015,65.568
0481,2016,65.689
0481,2017,65.737
0481,2018,65.494
0481,2019,65.625
0481,2020,65.489
0481,2021,65.7
0481,2022,65.865
0482,2012,69.551
0482,2013,69.24
0482,2014,68.985
0482,2015,68.459
0482,2016,68.461
0482,2017,68.319
0482,2018,68.594
0482,2019,68.554
0482,2020,68.654
0482,2021,68.547
0482,2022,68.231
0483,2012,69.027
0483,2013,68.919
0483,2014,68.964
0483,2015,68.832
0483,2016,68.79
0483,2017,68.793
0483,2018,69.161
0483,2019,69.43
0483,2020,69.485
0483,2021,69.369
0483,2022,69.357
0484,2012,69.4
0484,2013,69.404
0484,2014,69.73
0484,2015,70.031
0484,2016,70.058
0484,2017,70.211
0484,2018,70.085
0484,2019,69.84
0484,2020,69.789
0484,2021,69.859
0484,2022,69.822
0486,2012,72.47
0486,2013,72.522
0486,2014,73.22
0486,2015,73.495
0486,2016,73.511
0486,2017,73.476
0486,2018,73.533
0486,2019,73.416
0486,2020,73.347
0486,2021,74.229
0486,2022,74.541
0488,2012,71.807
0488,2013,72.032
0488,2014,71.82
0488,2015,72.193
0488,2016,72.297
0488,2017,73.063
0488,2018,72.332
0488,2019,72.17
0488,2020,72.617
0488,2021,72.579
0488,2022,72.792
0509,2012,53.476
0509,2013,53.0
0509,2014,53.478
0509,2015,53.19
0509,2016,54.136
0509,2017,53.957
0509,2018,53.955
0509,2019,53.6
0509,2020,52.16
0509,2021,53.25
0509,2022,53.778
0560,2012,66.519
0560,2013,66.535
0560,2014,66.44
0560,2015,66.349
0560,2016,66.351
0560,2017,66.331
0560,2018,65.759
0560,2019,66.49
0560,2020,65.645
0560,2021,66.597
0560,2022,66.007
0561,2012,67.38
0561,2013,67.505
0561,2014,67.342
0561,2015,67.784
0561,2016,67.699
0561,2017,67.706
0561,2018,67.447
0561,2019,67.595
0561,2020,67.544
0561,2021,67.136
0561,2022,67.648
0562,2012,65.948
0562,2013,65.681
0562,2014,65.699
0562,2015,65.54
0562,2016,65.403
0562,2017,65.371
0562,2018,65.518
0562,2019,65.372
0562,2020,65.426
0562,2021,65.398
0562,2022,65.288
0563,2012,60.979
0563,2013,61.811
0563,2014,61.581
0563,2015,61.924
0563,2016,61.23
0563,2017,61.434
0563,2018,61.904
0563,2019,61.73
0563,2020,61.923
0563,2021,61.473
0563,2022,61.81
0580,2012,77.711
0580,2013,77.82
0580,2014,77.73
0580,2015,77.576
0580,2016,77.371
0580,2017,76.915
0580,2018,76.056
0580,2019,75.679
0580,2020,75.442
0580,2021,75.201
0580,2022,74.788
0581,2012,70.528
0581,2013,70.563
0581,2014,70.426
0581,2015,70.612
0581,2016,70.437
0581,2017,70.536
0581,2018,70.598
0581,2019,70.643
0581,2020,70.599
0581,2021,70.658
0581,2022,70.731
0582,2012,69.393
0582,2013,69.539
0582,2014,70.767
0582,2015,70.504
0582,2016,69.993
0582,2017,70.153
0582,2018,69.21
0582,2019,69.236
0582,2020,68.849
0582,2021,69.523
0582,2022,69.084
0583,2012,61.847
0583,2013,61.91
0583,2014,62.544
0583,2015,62.429
0583,2016,62.6
0583,2017,62.527
0583,2018,62.415
0583,2019,62.525
0583,2020,62.574
0583,2021,62.233
0583,2022,62.97
0584,2012,66.164
0584,2013,67.472
0584,2014,68.056
0584,2015,68.206
0584,2016,68.135
0584,2017,68.372
0584,2018,68.18
0584,2019,67.833
0584,2020,67.897
0584,2021,67.78
0584,2022,68.02
0586,2012,67.269
0586,2013,67.327
0586,2014,67.209
0586,2015,67.099
0586,2016,67.005
0586,2017,66.981
0586,2018,67.209
0586,2019,67.379
0586,2020,67.591
0586,2021,67.381
0586,2022,67.443
0604,2012,61.458
0604,2013,61.409
0604,2014,61.382
0604,2015,61.311
0604,2016,60.796
0604,2017,60.644
0604,2018,61.672
0604,2019,61.299
0604,2020,61.273
0604,2021,61.656
0604,2022,61.689
0617,2012,68.491
0617,2013,68.089
0617,2014,68.982
0617,2015,67.946
0617,2016,67.63
0617,2017,67.81
0617,2018,66.942
0617,2019,67.22
0617,2020,66.595
0617,2021,67.123
0617,2022,66.737
0642,2012,77.783
0642,2013,77.783
0642,2014,77.783
0642,2015,77.5
0642,2016,77.682
0642,2017,78.87
0642,2018,77.682
0642,2019,78.87
0642,2020,75.429
0642,2021,75.262
0642,2022,74.81
0643,2012,81.372
0643,2013,82.051
0643,2014,84.722
0643,2015,84.951
0643,2016,87.274
0643,2017,87.224
0643,2018,87.223
0643,2019,83.943
0643,2020,83.999
0643,2021,83.884
0643,2022,83.59
0662,2012,69.666
0662,2013,69.721
0662,2014,69.985
0662,2015,69.808
0662,2016,69.47
0662,2017,69.708
0662,2018,69.319
0662,2019,69.169
0662,2020,69.332
0662,2021,69.392
0662,2022,69.634
0665,2012,70.132
0665,2013,70.434
0665,2014,70.36
0665,2015,71.701
0665,2016,71.19
0665,2017,71.324
0665,2018,71.23
0665,2019,71.604
0665,2020,71.809
0665,2021,71.581
0665,2022,71.595
0680,2012,73.476
0680,2013,73.62
0680,2014,73.783
0680,2015,73.712
0680,2016,73.968
0680,2017,74.067
0680,2018,74.077
0680,2019,73.999
0680,2020,73.784
0680,2021,73.741
0680,2022,73.611
0682,2012,70.864
0682,2013,71.041
0682,2014,71.233
0682,2015,71.393
0682,2016,71.068
0682,2017,71.228
0682,2018,71.224
0682,2019,71.336
0682,2020,71.335
0682,2021,71.197
0682,2022,71.075
0683,2012,71.792
0683,2013,71.869
0683,2014,72.143
0683,2015,71.994
0683,2016,72.231
0683,2017,72.395
0683,2018,72.531
0683,2019,72.377
0683,2020,72.345
0683,2021,72.092
0683,2022,72.132
0684,2012,70.26
0684,2013,71.308
0684,2014,71.62
0684,2015,71.551
0684,2016,71.928
0684,2017,71.869
0684,2018,71.798
0684,2019,72.137
0684,2020,71.932
0684,2021,72.077
0684,2022,71.68
0685,2012,69.771
0685,2013,69.986
0685,2014,70.23
0685,2015,70.224
0685,2016,70.192
0685,2017,70.026
0685,2018,70.029
0685,2019,70.079
0685,2020,70.086
0685,2021,70.284
0685,2022,70.381
0686,2012,64.648
0686,2013,64.594
0686,2014,64.511
0686,2015,64.775
0686,2016,64.12
0686,2017,64.481
0686,2018,64.723
0686,2019,67.097
0686,2020,67.566
0686,2021,67.738
0686,2022,67.816
0687,2012,70.745
0687,2013,70.949
0687,2014,70.95
0687,2015,71.234
0687,2016,71.173
0687,2017,71.239
0687,2018,71.218
0687,2019,71.065
0687,2020,71.761
0687,2021,71.943
0687,2022,71.711
0760,2012,67.633
0760,2013,65.122
0760,2014,62.913
0760,2015,68.933
0760,2016,63.608
0760,2017,61.283
0760,2018,66.894
0760,2019,67.423
0760,2020,67.71
0760,2021,67.527
0760,2022,67.56
0761,2012,61.348
0761,2013,62.413
0761,2014,62.628
0761,2015,61.652
0761,2016,60.935
0761,2017,60.583
0761,2018,58.59
0761,2019,58.273
0761,2020,59.975
0761,2021,58.311
0761,2022,60.908
0763,2012,59.861
0763,2013,59.873
0763,2014,60.37
0763,2015,59.608
0763,2016,59.196
0763,2017,59.476
0763,2018,60.32
0763,2019,60.645
0763,2020,61.295
0763,2021,60.083
0763,2022,60.532
0764,2012,62.298
0764,2013,62.288
0764,2014,62.223
0764,2015,62.291
0764,2016,62.277
0764,2017,62.13
0764,2018,61.655
0764,2019,62.236
0764,2020,61.606
0764,2021,62.787
0764,2022,62.637
0765,2012,63.355
0765,2013,62.901
0765,2014,63.403
0765,2015,63.509
0765,2016,63.24
0765,2017,62.722
0765,2018,64.686
0765,2019,65.772
0765,2020,65.817
0765,2021,65.597
0765,2022,65.433
0767,2012,65.467
0767,2013,65.267
0767,2014,65.136
0767,2015,66.273
0767,2016,65.987
0767,2017,66.055
0767,2018,65.904
0767,2019,66.093
0767,2020,65.534
0767,2021,65.715
0767,2022,65.659
0780,2012,76.469
0780,2013,76.498
0780,2014,76.625
0780,2015,76.551
0780,2016,76.804
0780,2017,77.268
0780,2018,76.98
0780,2019,76.573
0780,2020,76.535
0780,2021,76.746
0780,2022,77.138
0781,2012,68.593
0781,2013,68.611
0781,2014,68.329
0781,2015,68.284
0781,2016,68.249
0781,2017,68.471
0781,2018,68.393
0781,2019,68.89
0781,2020,69.198
0781,2021,69.385
0781,2022,69.371
0834,2012,62.0
0834,2013,61.73
0834,2014,61.553
0834,2015,60.566
0834,2016,60.25
0834,2017,59.195
0834,2018,59.675
0834,2019,59.023
0834,2020,58.667
0834,2021,59.41
0834,2022,58.927
0840,2012,96.212
0840,2013,95.826
0840,2014,94.765
0840,2015,95.605
0840,2016,97.161
0840,2017,96.589
0840,2018,96.608
0840,2019,93.835
0840,2020,95.396
0840,2021,94.144
0840,2022,94.535
0860,2012,71.622
0860,2013,74.327
0860,2014,72.693
0860,2015,73.066
0860,2016,72.923
0860,2017,72.676
0860,2018,72.471
0860,2019,72.997
0860,2020,72.923
0860,2021,72.929
0860,2022,74.366
0861,2012,64.293
0861,2013,63.811
0861,2014,63.734
0861,2015,64.198
0861,2016,64.922
0861,2017,65.337
0861,2018,66.33
0861,2019,66.233
0861,2020,63.439
0861,2021,62.75
0861,2022,70.377
0862,2012,61.56
0862,2013,61.781
0862,2014,61.47
0862,2015,61.262
0862,2016,61.254
0862,2017,61.169
0862,2018,60.898
0862,2019,60.675
0862,2020,60.798
0862,2021,60.727
0862,2022,60.524
0880,2012,70.595
0880,2013,70.597
0880,2014,70.902
0880,2015,71.133
0880,2016,71.286
0880,2017,71.477
0880,2018,71.472
0880,2019,71.39
0880,2020,71.244
0880,2021,71.401
0880,2022,71.439
0881,2012,66.932
0881,2013,66.866
0881,2014,66.534
0881,2015,66.54
0881,2016,66.399
0881,2017,66.483
0881,2018,66.945
0881,2019,67.091
0881,2020,66.87
0881,2021,66.892
0881,2022,67.211
0882,2012,67.869
0882,2013,68.196
0882,2014,68.45
0882,2015,68.214
0882,2016,67.813
0882,2017,68.068
0882,2018,68.074
0882,2019,68.04
0882,2020,68.213
0882,2021,68.228
0882,2022,68.399
0883,2012,68.134
0883,2013,68.115
0883,2014,68.087
0883,2015,68.231
0883,2016,68.42
0883,2017,68.227
0883,2018,68.226
0883,2019,68.24
0883,2020,68.374
0883,2021,68.45
0883,2022,68.49
0884,2012,66.01
0884,2013,66.397
0884,2014,66.568
0884,2015,66.708
0884,2016,66.257
0884,2017,66.091
0884,2018,66.102
0884,2019,66.844
0884,2020,66.717
0884,2021,66.912
0884,2022,67.048
0885,2012,70.764
0885,2013,69.618
0885,2014,70.538
0885,2015,69.972
0885,2016,69.862
0885,2017,70.105
0885,2018,70.811
0885,2019,71.583
0885,2020,71.843
0885,2021,71.767
0885,2022,72.172
0980,2012,72.978
0980,2013,73.111
0980,2014,73.035
0980,2015,73.15
0980,2016,73.097
0980,2017,72.882
0980,2018,72.998
0980,2019,72.839
0980,2020,72.667
0980,2021,72.452
0980,2022,72.088
1060,2012,68.504
1060,2013,68.734
1060,2014,68.785
1060,2015,68.529
1060,2016,68.283
1060,2017,67.989
1060,2018,68.04
1060,2019,68.54
1060,2020,68.026
1060,2021,68.041
1060,2022,68.229
1080,2012,69.296
1080,2013,69.322
1080,2014,69.516
1080,2015,69.375
1080,2016,69.449
1080,2017,69.368
1080,2018,69.554
1080,2019,69.835
1080,2020,69.93
1080,2021,70.129
1080,2022,70.056
1081,2012,65.517
1081,2013,65.526
1081,2014,65.336
1081,2015,65.255
1081,2016,65.454
1081,2017,65.178
1081,2018,65.213
1081,2019,65.478
1081,2020,65.443
1081,2021,65.39
1081,2022,65.271
1082,2012,64.773
1082,2013,64.686
1082,2014,64.672
1082,2015,64.757
1082,2016,64.715
1082,2017,64.855
1082,2018,64.828
1082,2019,64.881
1082,2020,64.711
1082,2021,64.695
1082,2022,64.778
1083,2012,71.176
1083,2013,71.394
1083,2014,71.895
1083,2015,72.41
1083,2016,73.016
1083,2017,73.176
1083,2018,73.186
1083,2019,73.138
1083,2020,72.936
1083,2021,72.78
1083,2022,72.934
1214,2012,59.944
1214,2013,60.403
1214,2014,60.503
1214,2015,60.845
1214,2016,60.371
1214,2017,60.647
1214,2018,60.854
1214,2019,60.914
1214,2020,60.878
1214,2021,60.793
1214,2022,60.711
1230,2012,80.042
1230,2013,78.818
1230,2014,79.132
1230,2015,79.202
1230,2016,78.978
1230,2017,79.103
1230,2018,79.481
1230,2019,78.396
1230,2020,78.38
1230,2021,78.125
1230,2022,77.943
1231,2012,72.178
1231,2013,72.031
1231,2014,71.829
1231,2015,71.967
1231,2016,71.73
1231,2017,71.864
1231,2018,71.864
1231,2019,71.88
1231,2020,72.085
1231,2021,71.997
1231,2022,72.486
1233,2012,81.691
1233,2013,81.912
1233,2014,81.718
1233,2015,81.881
1233,2016,81.626
1233,2017,81.748
1233,2018,81.826
1233,2019,81.433
1233,2020,81.283
1233,2021,79.833
1233,2022,79.85
1256,2012,68.121
1256,2013,68.392
1256,2014,68.392
1256,2015,68.151
1256,2016,68.114
1256,2017,67.185
1256,2018,67.985
1256,2019,66.826
1256,2020,66.957
1256,2021,67.964
1256,2022,67.493
1257,2012,62.06
1257,2013,61.762
1257,2014,62.255
1257,2015,61.953
1257,2016,62.107
1257,2017,62.091
1257,2018,62.34
1257,2019,62.29
1257,2020,61.662
1257,2021,62.311
1257,2022,61.842
1260,2012,65.114
1260,2013,64.812
1260,2014,65.06
1260,2015,64.968
1260,2016,65.349
1260,2017,64.945
1260,2018,65.127
1260,2019,65.282
1260,2020,65.467
1260,2021,65.183
1260,2022,65.381
1261,2012,68.804
1261,2013,68.929
1261,2014,68.846
1261,2015,68.732
1261,2016,68.81
1261,2017,68.965
1261,2018,69.435
1261,2019,69.597
1261,2020,69.695
1261,2021,69.769
1261,2022,70.048
1262,2012,79.248
1262,2013,79.269
1262,2014,80.424
1262,2015,80.393
1262,2016,80.921
1262,2017,80.82
1262,2018,81.178
1262,2019,81.425
1262,2020,82.039
1262,2021,81.805
1262,2022,81.68
1263,2012,65.865
1263,2013,65.861
1263,2014,66.107
1263,2015,66.468
1263,2016,66.863
1263,2017,66.585
1263,2018,65.952
1263,2019,67.035
1263,2020,67.104
1263,2021,67.082
1263,2022,67.093
1264,2012,61.287
1264,2013,61.15
1264,2014,62.4
1264,2015,61.809
1264,2016,61.496
1264,2017,61.134
1264,2018,61.301
1264,2019,60.953
1264,2020,60.778
1264,2021,60.778
1264,2022,60.97
1265,2012,60.703
1265,2013,60.793
1265,2014,61.08
1265,2015,60.891
1265,2016,60.19
1265,2017,60.702
1265,2018,60.538
1265,2019,60.59
1265,2020,60.343
1265,2021,60.231
1265,2022,60.364
1266,2012,61.255
1266,2013,60.179
1266,2014,60.925
1266,2015,61.255
1266,2016,60.764
1266,2017,60.527
1266,2018,60.399
1266,2019,60.457
1266,2020,61.148
1266,2021,57.18
1266,2022,55.788
1267,2012,73.639
1267,2013,73.511
1267,2014,74.63
1267,2015,74.351
1267,2016,74.467
1267,2017,74.204
1267,2018,74.197
1267,2019,74.56
1267,2020,74.572
1267,2021,74.313
1267,2022,73.345
1270,2012,70.384
1270,2013,70.344
1270,2014,70.204
1270,2015,70.121
1270,2016,69.912
1270,2017,69.848
1270,2018,69.849
1270,2019,69.81
1270,2020,69.625
1270,2021,69.421
1270,2022,69.707
1272,2012,66.011
1272,2013,65.95
1272,2014,65.051
1272,2015,65.227
1272,2016,65.165
1272,2017,64.767
1272,2018,65.334
1272,2019,65.083
1272,2020,64.882
1272,2021,64.863
1272,2022,64.727
1273,2012,61.328
1273,2013,60.675
1273,2014,61.072
1273,2015,60.861
1273,2016,60.665
1273,2017,60.621
1273,2018,60.92
1273,2019,60.909
1273,2020,60.767
1273,2021,60.396
1273,2022,60.49
1275,2012,65.314
1275,2013,65.131
1275,2014,65.647
1275,2015,65.213
1275,2016,64.997
1275,2017,65.409
1275,2018,64.967
1275,2019,64.759
1275,2020,65.114
1275,2021,65.335
1275,2022,65.306
1276,2012,63.455
1276,2013,63.375
1276,2014,63.723
1276,2015,63.863
1276,2016,63.804
1276,2017,64.226
1276,2018,64.156
1276,2019,64.145
1276,2020,63.702
1276,2021,63.718
1276,2022,63.713
1277,2012,66.736
1277,2013,66.54
1277,2014,66.229
1277,2015,66.578
1277,2016,66.699
1277,2017,67.05
1277,2018,66.293
1277,2019,66.317
1277,2020,66.173
1277,2021,66.31
1277,2022,66.098
1278,2012,78.068
1278,2013,78.17
1278,2014,79.333
1278,2015,78.84
1278,2016,77.733
1278,2017,76.738
1278,2018,80.792
1278,2019,83.794
1278,2020,80.585
1278,2021,79.377
1278,2022,80.348
1280,2012,71.795
1280,2013,71.829
1280,2014,71.793
1280,2015,71.874
1280,2016,71.788
1280,2017,71.731
1280,2018,71.671
1280,2019,71.569
1280,2020,71.521
1280,2021,71.488
1280,2022,71.505
1281,2012,76.593
1281,2013,76.709
1281,2014,76.797
1281,2015,76.83
1281,2016,76.773
1281,2017,76.804
1281,2018,76.785
1281,2019,75.985
1281,2020,75.845
1281,2021,75.704
1281,2022,75.426
1282,2012,73.655
1282,2013,73.732
1282,2014,73.884
1282,2015,73.888
1282,2016,74.174
1282,2017,73.988
1282,2018,74.285
1282,2019,74.494
1282,2020,74.208
1282,2021,74.538
1282,2022,74.658
1283,2012,75.914
1283,2013,75.773
1283,2014,75.907
1283,2015,75.952
1283,2016,75.907
1283,2017,75.914
1283,2018,75.725
1283,2019,75.7
1283,2020,75.868
1283,2021,75.796
1283,2022,75.73
1284,2012,74.481
1284,2013,75.038
1284,2014,75.305
1284,2015,74.663
1284,2016,74.322
1284,2017,75.256
1284,2018,74.983
1284,2019,75.117
1284,2020,74.986
1284,2021,74.939
1284,2022,75.415
1285,2012,69.204
1285,2013,69.272
1285,2014,69.329
1285,2015,69.365
1285,2016,69.585
1285,2017,69.684
1285,2018,69.652
1285,2019,69.604
1285,2020,69.498
1285,2021,69.579
1285,2022,69.423
1286,2012,70.589
1286,2013,70.518
1286,2014,70.853
1286,2015,70.84
1286,2016,70.82
1286,2017,70.943
1286,2018,71.735
1286,2019,72.167
1286,2020,72.611
1286,2021,72.688
1286,2022,73.121
1287,2012,67.394
1287,2013,67.315
1287,2014,67.408
1287,2015,67.271
1287,2016,67.227
1287,2017,67.314
1287,2018,67.222
1287,2019,67.335
1287,2020,67.12
1287,2021,67.181
1287,2022,67.187
1290,2012,70.65
1290,2013,70.476
1290,2014,70.777
1290,2015,70.888
1290,2016,70.841
1290,2017,71.197
1290,2018,71.241
1290,2019,71.082
1290,2020,71.351
1290,2021,71.511
1290,2022,71.467
1291,2012,66.092
1291,2013,66.064
1291,2014,65.777
1291,2015,65.559
1291,2016,65.787
1291,2017,65.797
1291,2018,65.56
1291,2019,65.943
1291,2020,66.237
1291,2021,66.638
1291,2022,66.243
1292,2012,69.677
1292,2013,69.678
1292,2014,69.796
1292,2015,70.908
1292,2016,70.915
1292,2017,70.837
1292,2018,70.773
1292,2019,70.65
1292,2020,70.612
1292,2021,71.24
1292,2022,71.855
1293,2012,65.562
1293,2013,65.525
1293,2014,65.484
1293,2015,65.597
1293,2016,65.561
1293,2017,65.625
1293,2018,65.405
1293,2019,65.308
1293,2020,65.303
1293,2021,65.343
1293,2022,65.633
1315,2012,72.808
1315,2013,72.077
1315,2014,73.423
1315,2015,73.966
1315,2016,74.038
1315,2017,73.0
1315,2018,73.679
1315,2019,73.37
1315,2020,73.067
1315,2021,72.355
1315,2022,72.656
1380,2012,78.535
1380,2013,78.447
1380,2014,77.993
1380,2015,77.941
1380,2016,77.907
1380,2017,78.075
1380,2018,76.334
1380,2019,76.265
1380,2020,75.852
1380,2021,75.611
1380,2022,74.942
1381,2012,69.073
1381,2013,68.58
1381,2014,69.819
1381,2015,68.661
1381,2016,70.128
1381,2017,69.746
1381,2018,70.905
1381,2019,69.898
1381,2020,70.659
1381,2021,70.843
1381,2022,70.828
1382,2012,74.012
1382,2013,73.738
1382,2014,74.1
1382,2015,74.19
1382,2016,74.091
1382,2017,73.748
1382,2018,73.547
1382,2019,73.44
1382,2020,73.401
1382,2021,73.693
1382,2022,73.864
1383,2012,77.082
1383,2013,77.128
1383,2014,77.324
1383,2015,77.434
1383,2016,77.539
1383,2017,77.885
1383,2018,77.582
1383,2019,77.38
1383,2020,76.854
1383,2021,76.809
1383,2022,76.328
1384,2012,75.896
1384,2013,75.912
1384,2014,75.917
1384,2015,75.302
1384,2016,75.591
1384,2017,74.707
1384,2018,74.52
1384,2019,74.149
1384,2020,73.71
1384,2021,73.881
1384,2022,73.82
1401,2012,69.87
1401,2013,70.39
1401,2014,71.464
1401,2015,71.619
1401,2016,71.913
1401,2017,71.618
1401,2018,71.83
1401,2019,71.577
1401,2020,71.323
1401,2021,71.32
1401,2022,71.862
1402,2012,82.136
1402,2013,81.669
1402,2014,81.642
1402,2015,81.351
1402,2016,80.978
1402,2017,80.862
1402,2018,80.656
1402,2019,79.2
1402,2020,78.866
1402,2021,78.869
1402,2022,78.519
1407,2012,68.927
1407,2013,69.843
1407,2014,68.745
1407,2015,72.359
1407,2016,73.259
1407,2017,71.952
1407,2018,71.617
1407,2019,71.58
1407,2020,72.209
1407,2021,71.625
1407,2022,72.024
1415,2012,74.345
1415,2013,74.547
1415,2014,75.709
1415,2015,76.024
1415,2016,75.697
1415,2017,76.092
1415,2018,75.982
1415,2019,75.326
1415,2020,75.104
1415,2021,75.872
1415,2022,75.853
1419,2012,58.182
1419,2013,64.185
1419,2014,65.63
1419,2015,66.839
1419,2016,66.406
1419,2017,72.115
1419,2018,69.269
1419,2019,71.891
1419,2020,71.87
1419,2021,72.436
1419,2022,70.631
1421,2012,85.498
1421,2013,86.306
1421,2014,83.284
1421,2015,82.203
1421,2016,82.316
1421,2017,81.464
1421,2018,82.009
1421,2019,82.517
1421,2020,81.542
1421,2021,81.013
1421,2022,80.022
1427,2012,80.696
1427,2013,81.96
1427,2014,82.097
1427,2015,82.561
1427,2016,79.714
1427,2017,76.68
1427,2018,73.547
1427,2019,71.822
1427,2020,71.645
1427,2021,70.801
1427,2022,69.901
1430,2012,55.848
1430,2013,56.1
1430,2014,56.121
1430,2015,55.752
1430,2016,55.88
1430,2017,56.842
1430,2018,57.143
1430,2019,55.314
1430,2020,55.18
1430,2021,54.851
1430,2022,56.093
1435,2012,83.44
1435,2013,82.923
1435,2014,78.206
1435,2015,77.086
1435,2016,76.211
1435,2017,75.761
1435,2018,76.839
1435,2019,75.459
1435,2020,75.521
1435,2021,74.741
1435,2022,72.84
1438,2012,65.803
1438,2013,67.443
1438,2014,67.344
1438,2015,67.634
1438,2016,68.452
1438,2017,67.687
1438,2018,67.182
1438,2019,67.658
1438,2020,67.808
1438,2021,67.416
1438,2022,67.004
1440,2012,61.714
1440,2013,61.806
1440,2014,62.15
1440,2015,62.741
1440,2016,63.463
1440,2017,63.647
1440,2018,63.648
1440,2019,63.593
1440,2020,63.583
1440,2021,63.476
1440,2022,63.69
1441,2012,71.016
1441,2013,71.179
1441,2014,71.518
1441,2015,71.355
1441,2016,71.578
1441,2017,71.24
1441,2018,71.358
1441,2019,70.874
1441,2020,70.658
1441,2021,70.798
1441,2022,71.099
1442,2012,70.369
1442,2013,69.169
1442,2014,69.934
1442,2015,69.38
1442,2016,68.342
1442,2017,68.511
1442,2018,67.752
1442,2019,68.178
1442,2020,67.324
1442,2021,65.492
1442,2022,64.774
1443,2012,88.987
1443,2013,88.972
1443,2014,89.093
1443,2015,87.337
1443,2016,86.695
1443,2017,86.26
1443,2018,85.805
1443,2019,85.816
1443,2020,85.785
1443,2021,85.851
1443,2022,84.932
1444,2012,69.92
1444,2013,70.407
1444,2014,70.096
1444,2015,70.407
1444,2016,70.25
1444,2017,70.407
1444,2018,70.25
1444,2019,70.25
1444,2020,70.25
1444,2021,70.25
1444,2022,70.25
1446,2012,61.961
1446,2013,61.655
1446,2014,61.301
1446,2015,61.421
1446,2016,61.075
1446,2017,61.553
1446,2018,61.119
1446,2019,61.212
1446,2020,60.82
1446,2021,61.2
1446,2022,61.003
1447,2012,60.938
1447,2013,61.433
1447,2014,62.672
1447,2015,62.476
1447,2016,60.868
1447,2017,61.802
1447,2018,61.159
1447,2019,61.743
1447,2020,63.037
1447,2021,64.491
1447,2022,63.267
1452,2012,69.276
1452,2013,68.963
1452,2014,69.753
1452,2015,70.081
1452,2016,66.684
1452,2017,67.37
1452,2018,72.277
1452,2019,71.787
1452,2020,72.219
1452,2021,72.012
1452,2022,71.988
1460,2012,65.477
1460,2013,64.938
1460,2014,65.614
1460,2015,65.949
1460,2016,65.528
1460,2017,65.451
1460,2018,65.0
1460,2019,65.495
1460,2020,65.559
1460,2021,65.489
1460,2022,65.742
1461,2012,69.238
1461,2013,68.917
1461,2014,68.841
1461,2015,69.318
1461,2016,68.916
1461,2017,68.144
1461,2018,68.458
1461,2019,68.525
1461,2020,69.416
1461,2021,69.074
1461,2022,69.114
1462,2012,71.698
1462,2013,71.883
1462,2014,68.068
1462,2015,67.319
1462,2016,66.964
1462,2017,66.919
1462,2018,67.087
1462,2019,67.052
1462,2020,66.093
1462,2021,65.893
1462,2022,66.293
1463,2012,69.761
1463,2013,69.365
1463,2014,70.056
1463,2015,70.467
1463,2016,70.666
1463,2017,70.893
1463,2018,70.772
1463,2019,70.655
1463,2020,70.685
1463,2021,70.688
1463,2022,70.583
1465,2012,61.121
1465,2013,62.25
1465,2014,63.179
1465,2015,62.955
1465,2016,72.626
1465,2017,71.4
1465,2018,71.45
1465,2019,71.45
1465,2020,74.709
1465,2021,74.474
1465,2022,74.102
1466,2012,63.651
1466,2013,63.738
1466,2014,63.311
1466,2015,63.129
1466,2016,63.67
1466,2017,63.563
1466,2018,63.763
1466,2019,62.974
1466,2020,63.252
1466,2021,62.891
1466,2022,63.836
1470,2012,70.757
1470,2013,70.369
1470,2014,69.88
1470,2015,70.129
1470,2016,70.447
1470,2017,70.197
1470,2018,69.403
1470,2019,70.056
1470,2020,70.253
1470,2021,70.292
1470,2022,70.876
1471,2012,69.237
1471,2013,69.495
1471,2014,69.835
1471,2015,69.832
1471,2016,69.655
1471,2017,69.685
1471,2018,69.471
1471,2019,69.281
1471,2020,69.573
1471,2021,69.524
1471,2022,69.469
1472,2012,63.375
1472,2013,62.585
1472,2014,62.992
1472,2015,63.161
1472,2016,63.013
1472,2017,63.323
1472,2018,63.151
1472,2019,63.415
1472,2020,63.292
1472,2021,63.281
1472,2022,63.35
1473,2012,67.344
1473,2013,66.906
1473,2014,67.274
1473,2015,67.739
1473,2016,67.498
1473,2017,67.172
1473,2018,66.636
1473,2019,66.885
1473,2020,66.777
1473,2021,66.676
1473,2022,67.349
1480,2012,70.297
1480,2013,70.286
1480,2014,70.275
1480,2015,70.283
1480,2016,70.263
1480,2017,70.113
1480,2018,69.927
1480,2019,69.698
1480,2020,69.546
1480,2021,69.418
1480,2022,69.181
1481,2012,68.684
1481,2013,68.788
1481,2014,69.013
1481,2015,69.146
1481,2016,69.069
1481,2017,69.053
1481,2018,68.582
1481,2019,68.664
1481,2020,68.526
1481,2021,68.575
1481,2022,68.319
1482,2012,76.35
1482,2013,76.326
1482,2014,76.136
1482,2015,76.147
1482,2016,76.119
1482,2017,76.529
1482,2018,76.281
1482,2019,75.38
1482,2020,74.965
1482,2021,74.379
1482,2022,74.162
1484,2012,77.348
1484,2013,77.463
1484,2014,77.899
1484,2015,78.538
1484,2016,78.507
1484,2017,78.646
1484,2018,78.089
1484,2019,77.583
1484,2020,77.779
1484,2021,78.456
1484,2022,78.211
1485,2012,69.114
1485,2013,69.219
1485,2014,69.112
1485,2015,69.46
1485,2016,69.501
1485,2017,69.401
1485,2018,69.609
1485,2019,69.884
1485,2020,69.908
1485,2021,69.888
1485,2022,69.871
1486,2012,70.104
1486,2013,70.196
1486,2014,70.189
1486,2015,69.274
1486,2016,69.148
1486,2017,68.868
1486,2018,68.94
1486,2019,69.349
1486,2020,69.714
1486,2021,69.555
1486,2022,69.624
1487,2012,71.679
1487,2013,71.708
1487,2014,71.906
1487,2015,71.726
1487,2016,71.989
1487,2017,72.018
1487,2018,72.332
1487,2019,72.265
1487,2020,72.034
1487,2021,72.141
1487,2022,72.154
1488,2012,67.191
1488,2013,67.134
1488,2014,67.308
1488,2015,67.347
1488,2016,67.694
1488,2017,68.023
1488,2018,67.929
1488,2019,68.108
1488,2020,68.604
1488,2021,68.901
1488,2022,68.746
1489,2012,78.217
1489,2013,78.497
1489,2014,78.455
1489,2015,78.082
1489,2016,77.869
1489,2017,77.413
1489,2018,76.998
1489,2019,77.127
1489,2020,76.891
1489,2021,76.883
1489,2022,76.548
1490,2012,65.554
1490,2013,65.688
1490,2014,65.889
1490,2015,66.132
1490,2016,66.257
1490,2017,66.27
1490,2018,66.369
1490,2019,66.286
1490,2020,66.351
1490,2021,66.43
1490,2022,66.569
1491,2012,68.103
1491,2013,68.247
1491,2014,68.517
1491,2015,68.607
1491,2016,68.621
1491,2017,68.882
1491,2018,69.457
1491,2019,69.623
1491,2020,69.327
1491,2021,69.046
1491,2022,69.563
1492,2012,66.447
1492,2013,66.193
1492,2014,66.552
1492,2015,66.435
1492,2016,66.575
1492,2017,66.433
1492,2018,66.377
1492,2019,66.331
1492,2020,66.64
1492,2021,66.732
1492,2022,66.568
1493,2012,68.858
1493,2013,68.684
1493,2014,68.751
1493,2015,68.429
1493,2016,68.456
1493,2017,68.5
1493,2018,69.223
1493,2019,69.243
1493,2020,69.094
1493,2021,69.049
1493,2022,69.127
1494,2012,66.087
1494,2013,66.038
1494,2014,66.042
1494,2015,65.986
1494,2016,65.823
1494,2017,65.864
1494,2018,65.91
1494,2019,65.848
1494,2020,65.69
1494,2021,65.6
1494,2022,65.549
1495,2012,69.292
1495,2013,69.67
1495,2014,69.743
1495,2015,69.696
1495,2016,69.302
1495,2017,69.018
1495,2018,69.226
1495,2019,69.206
1495,2020,69.35
1495,2021,69.385
1495,2022,69.288
1496,2012,69.114
1496,2013,69.224
1496,2014,69.378
1496,2015,69.546
1496,2016,69.636
1496,2017,69.767
1496,2018,69.96
1496,2019,69.944
1496,2020,70.062
1496,2021,70.372
1496,2022,70.376
1497,2012,60.956
1497,2013,61.17
1497,2014,61.383
1497,2015,61.013
1497,2016,61.018
1497,2017,61.132
1497,2018,61.068
1497,2019,61.383
1497,2020,60.692
1497,2021,60.764
1497,2022,60.949
1498,2012,68.707
1498,2013,68.568
1498,2014,68.463
1498,2015,68.305
1498,2016,68.646
1498,2017,68.373
1498,2018,68.632
1498,2019,68.315
1498,2020,68.327
1498,2021,68.165
1498,2022,68.469
1499,2012,67.305
1499,2013,67.278
1499,2014,67.3
1499,2015,67.087
1499,2016,66.949
1499,2017,67.07
1499,2018,66.935
1499,2019,68.037
1499,2020,67.699
1499,2021,67.862
1499,2022,67.903
1715,2012,71.037
1715,2013,70.557
1715,2014,70.37
1715,2015,70.257
1715,2016,70.508
1715,2017,69.876
1715,2018,70.07
1715,2019,69.917
1715,2020,70.041
1715,2021,70.003
1715,2022,70.152
1730,2012,70.682
1730,2013,70.682
1730,2014,71.053
1730,2015,70.078
1730,2016,71.006
1730,2017,71.665
1730,2018,71.568
1730,2019,70.148
1730,2020,70.17
1730,2021,71.665
1730,2022,71.3
1737,2012,63.439
1737,2013,66.421
1737,2014,65.7
1737,2015,66.905
1737,2016,67.828
1737,2017,67.694
1737,2018,66.66
1737,2019,66.085
1737,2020,66.066
1737,2021,67.273
1737,2022,67.488
1760,2012,79.917
1760,2013,79.917
1760,2014,79.913
1760,2015,79.917
1760,2016,79.917
1760,2017,79.917
1760,2018,80.087
1760,2019,80.087
1760,2020,79.591
1760,2021,80.087
1760,2022,79.917
1761,2012,64.174
1761,2013,64.058
1761,2014,64.025
1761,2015,63.947
1761,2016,64.154
1761,2017,64.729
1761,2018,64.732
1761,2019,64.878
1761,2020,64.647
1761,2021,64.867
1761,2022,64.802
1762,2012,62.169
1762,2013,61.929
1762,2014,61.686
1762,2015,61.343
1762,2016,61.208
1762,2017,61.331
1762,2018,61.626
1762,2019,61.699
1762,2020,62.215
1762,2021,62.523
1762,2022,62.262
1763,2012,65.457
1763,2013,65.241
1763,2014,64.948
1763,2015,64.834
1763,2016,64.54
1763,2017,64.851
1763,2018,64.95
1763,2019,65.122
1763,2020,64.804
1763,2021,64.918
1763,2022,64.574
1764,2012,61.663
1764,2013,61.834
1764,2014,61.551
1764,2015,61.397
1764,2016,61.79
1764,2017,62.04
1764,2018,61.754
1764,2019,61.493
1764,2020,61.788
1764,2021,61.651
1764,2022,61.619
1765,2012,66.516
1765,2013,66.616
1765,2014,67.152
1765,2015,67.869
1765,2016,68.231
1765,2017,68.878
1765,2018,68.065
1765,2019,67.819
1765,2020,67.975
1765,2021,67.934
1765,2022,67.74
1766,2012,63.198
1766,2013,62.679
1766,2014,62.587
1766,2015,63.106
1766,2016,62.905
1766,2017,62.736
1766,2018,62.825
1766,2019,62.729
1766,2020,62.483
1766,2021,62.835
1766,2022,62.03
1780,2012,71.697
1780,2013,71.901
1780,2014,72.155
1780,2015,72.067
1780,2016,72.159
1780,2017,72.217
1780,2018,72.278
1780,2019,72.521
1780,2020,72.463
1780,2021,72.746
1780,2022,72.656
1781,2012,65.686
1781,2013,65.335
1781,2014,65.245
1781,2015,65.249
1781,2016,65.229
1781,2017,65.289
1781,2018,65.382
1781,2019,65.587
1781,2020,65.81
1781,2021,65.637
1781,2022,65.75
1782,2012,65.403
1782,2013,65.277
1782,2014,65.647
1782,2015,65.32
1782,2016,64.856
1782,2017,65.054
1782,2018,65.172
1782,2019,65.216
1782,2020,65.03
1782,2021,65.055
1782,2022,65.038
1783,2012,60.16
1783,2013,60.28
1783,2014,60.117
1783,2015,59.913
1783,2016,60.273
1783,2017,60.174
1783,2018,60.238
1783,2019,60.13
1783,2020,60.493
1783,2021,60.435
1783,2022,60.142
1784,2012,67.157
1784,2013,66.791
1784,2014,67.025
1784,2015,66.866
1784,2016,66.748
1784,2017,66.741
1784,2018,66.824
1784,2019,66.748
1784,2020,66.823
1784,2021,66.81
1784,2022,66.844
1785,2012,65.95
1785,2013,66.646
1785,2014,66.72
1785,2015,66.227
1785,2016,66.408
1785,2017,66.496
1785,2018,66.899
1785,2019,66.802
1785,2020,66.019
1785,2021,66.287
1785,2022,65.802
1814,2012,73.953
1814,2013,73.429
1814,2014,73.5
1814,2015,73.6
1814,2016,73.409
1814,2017,73.6
1814,2018,73.909
1814,2019,74.0
1814,2020,73.238
1814,2021,73.442
1814,2022,73.6
1860,2012,60.585
1860,2013,60.974
1860,2014,60.282
1860,2015,61.778
1860,2016,61.02
1860,2017,60.737
1860,2018,61.364
1860,2019,61.443
1860,2020,61.257
1860,2021,60.73
1860,2022,60.898
1861,2012,68.245
1861,2013,68.444
1861,2014,68.73
1861,2015,68.354
1861,2016,68.137
1861,2017,68.351
1861,2018,68.398
1861,2019,68.634
1861,2020,68.249
1861,2021,67.869
1861,2022,67.848
1862,2012,58.802
1862,2013,58.854
1862,2014,58.907
1862,2015,58.964
1862,2016,58.774
1862,2017,58.788
1862,2018,58.724
1862,2019,58.745
1862,2020,58.665
1862,2021,58.861
1862,2022,58.78
1863,2012,58.875
1863,2013,58.639
1863,2014,58.679
1863,2015,58.504
1863,2016,58.194
1863,2017,58.517
1863,2018,57.929
1863,2019,58.111
1863,2020,58.018
1863,2021,58.16
1863,2022,58.07
1864,2012,58.815
1864,2013,58.873
1864,2014,58.675
1864,2015,58.311
1864,2016,58.634
1864,2017,58.83
1864,2018,59.0
1864,2019,59.295
1864,2020,59.245
1864,2021,59.45
1864,2022,59.01
1880,2012,75.815
1880,2013,75.784
1880,2014,75.803
1880,2015,75.991
1880,2016,75.831
1880,2017,75.545
1880,2018,74.872
1880,2019,74.673
1880,2020,74.422
1880,2021,74.344
1880,2022,74.208
1881,2012,64.382
1881,2013,64.589
1881,2014,64.841
1881,2015,64.672
1881,2016,64.612
1881,2017,64.714
1881,2018,64.87
1881,2019,64.853
1881,2020,64.662
1881,2021,64.8
1881,2022,66.024
1882,2012,71.068
1882,2013,70.27
1882,2014,70.43
1882,2015,70.276
1882,2016,70.146
1882,2017,69.791
1882,2018,71.232
1882,2019,71.65
1882,2020,71.363
1882,2021,71.281
1882,2022,71.263
1883,2012,62.939
1883,2013,62.803
1883,2014,62.827
1883,2015,62.865
1883,2016,62.905
1883,2017,62.943
1883,2018,62.9
1883,2019,62.899
1883,2020,63.284
1883,2021,63.22
1883,2022,63.131
1884,2012,74.911
1884,2013,75.325
1884,2014,75.008
1884,2015,74.848
1884,2016,74.965
1884,2017,74.473
1884,2018,75.386
1884,2019,74.441
1884,2020,75.595
1884,2021,75.468
1884,2022,74.762
1885,2012,63.967
1885,2013,64.227
1885,2014,63.872
1885,2015,63.601
1885,2016,63.696
1885,2017,63.706
1885,2018,64.089
1885,2019,63.965
1885,2020,63.975
1885,2021,63.886
1885,2022,64.175
1904,2012,60.592
1904,2013,60.217
1904,2014,60.522
1904,2015,59.714
1904,2016,59.929
1904,2017,60.285
1904,2018,59.955
1904,2019,60.058
1904,2020,60.089
1904,2021,59.767
1904,2022,60.217
1907,2012,60.61
1907,2013,60.83
1907,2014,60.565
1907,2015,60.564
1907,2016,60.51
1907,2017,60.516
1907,2018,60.609
1907,2019,60.666
1907,2020,60.632
1907,2021,60.486
1907,2022,60.563
1960,2012,55.659
1960,2013,55.731
1960,2014,55.309
1960,2015,55.698
1960,2016,56.166
1960,2017,56.067
1960,2018,55.918
1960,2019,56.233
1960,2020,55.92
1960,2021,56.826
1960,2022,57.167
1961,2012,61.057
1961,2013,61.045
1961,2014,60.802
1961,2015,60.981
1961,2016,61.287
1961,2017,61.27
1961,2018,60.976
1961,2019,61.073
1961,2020,60.635
1961,2021,62.144
1961,2022,62.133
1962,2012,62.264
1962,2013,62.555
1962,2014,62.494
1962,2015,62.722
1962,2016,62.551
1962,2017,62.345
1962,2018,62.224
1962,2019,62.33
1962,2020,62.319
1962,2021,62.619
1962,2022,62.811
1980,2012,72.658
1980,2013,72.846
1980,2014,73.053
1980,2015,73.215
1980,2016,73.255
1980,2017,73.409
1980,2018,73.671
1980,2019,73.701
1980,2020,73.691
1980,2021,73.636
1980,2022,73.621
1981,2012,63.835
1981,2013,63.495
1981,2014,63.83
1981,2015,63.703
1981,2016,63.708
1981,2017,64.026
1981,2018,64.522
1981,2019,64.495
1981,2020,63.87
1981,2021,63.886
1981,2022,64.649
1982,2012,68.493
1982,2013,68.396
1982,2014,68.365
1982,2015,68.267
1982,2016,68.361
1982,2017,68.224
1982,2018,68.296
1982,2019,68.21
1982,2020,68.412
1982,2021,68.305
1982,2022,68.497
1983,2012,66.592
1983,2013,66.711
1983,2014,66.526
1983,2015,66.65
1983,2016,66.717
1983,2017,66.734
1983,2018,66.7
1983,2019,67.017
1983,2020,67.088
1983,2021,67.056
1983,2022,67.058
1984,2012,64.487
1984,2013,64.329
1984,2014,64.463
1984,2015,64.453
1984,2016,64.586
1984,2017,64.338
1984,2018,64.507
1984,2019,64.451
1984,2020,64.671
1984,2021,64.474
1984,2022,64.899
2021,2012,61.415
2021,2013,60.469
2021,2014,59.445
2021,2015,61.263
2021,2016,60.564
2021,2017,59.806
2021,2018,60.068
2021,2019,59.744
2021,2020,59.759
2021,2021,59.506
2021,2022,57.453
2023,2012,67.281
2023,2013,68.985
2023,2014,68.903
2023,2015,68.277
2023,2016,68.348
2023,2017,68.421
2023,2018,67.995
2023,2019,68.487
2023,2020,69.543
2023,2021,69.379
2023,2022,68.121
2026,2012,71.951
2026,2013,71.871
2026,2014,72.476
2026,2015,71.919
2026,2016,72.625
2026,2017,72.839
2026,2018,73.048
2026,2019,73.048
2026,2020,72.156
2026,2021,72.393
2026,2022,72.07
2029,2012,88.331
2029,2013,88.536
2029,2014,88.021
2029,2015,87.73
2029,2016,83.925
2029,2017,84.903
2029,2018,84.138
2029,2019,82.589
2029,2020,82.964
2029,2021,83.855
2029,2022,83.771
2031,2012,66.451
2031,2013,66.767
2031,2014,66.462
2031,2015,66.363
2031,2016,65.763
2031,2017,65.911
2031,2018,66.392
2031,2019,66.382
2031,2020,66.52
2031,2021,66.573
2031,2022,66.739
2034,2012,63.916
2034,2013,64.104
2034,2014,63.063
2034,2015,62.965
2034,2016,62.973
2034,2017,63.298
2034,2018,62.496
2034,2019,62.161
2034,2020,62.704
2034,2021,63.523
2034,2022,63.456
2039,2012,73.138
2039,2013,72.1
2039,2014,72.333
2039,2015,72.823
2039,2016,70.532
2039,2017,71.194
2039,2018,71.446
2039,2019,70.556
2039,2020,70.655
2039,2021,69.7
2039,2022,71.767
2061,2012,59.469
2061,2013,59.403
2061,2014,59.22
2061,2015,59.319
2061,2016,59.168
2061,2017,59.428
2061,2018,59.585
2061,2019,59.562
2061,2020,59.723
2061,2021,59.665
2061,2022,59.473
2062,2012,70.667
2062,2013,70.716
2062,2014,70.47
2062,2015,70.46
2062,2016,70.578
2062,2017,70.732
2062,2018,71.145
2062,2019,71.138
2062,2020,71.66
2062,2021,71.222
2062,2022,70.986
2080,2012,72.448
2080,2013,72.658
2080,2014,72.705
2080,2015,72.94
2080,2016,73.388
2080,2017,73.521
2080,2018,73.445
2080,2019,73.412
2080,2020,73.648
2080,2021,73.618
2080,2022,73.5
2081,2012,67.164
2081,2013,67.364
2081,2014,67.248
2081,2015,67.197
2081,2016,67.116
2081,2017,67.342
2081,2018,67.777
2081,2019,68.14
2081,2020,68.099
2081,2021,68.072
2081,2022,68.018
2082,2012,61.629
2082,2013,61.955
2082,2014,61.945
2082,2015,62.233
2082,2016,62.211
2082,2017,61.751
2082,2018,61.357
2082,2019,61.733
2082,2020,61.452
2082,2021,61.054
2082,2022,61.341
2083,2012,63.915
2083,2013,63.61
2083,2014,63.787
2083,2015,63.974
2083,2016,63.605
2083,2017,63.77
2083,2018,63.873
2083,2019,63.619
2083,2020,63.686
2083,2021,63.933
2083,2022,64.063
2084,2012,60.558
2084,2013,60.478
2084,2014,61.052
2084,2015,61.047
2084,2016,60.969
2084,2017,60.98
2084,2018,60.97
2084,2019,61.018
2084,2020,61.044
2084,2021,60.926
2084,2022,60.994
2085,2012,62.872
2085,2013,62.863
2085,2014,63.013
2085,2015,62.944
2085,2016,62.956
2085,2017,62.883
2085,2018,62.872
2085,2019,62.934
2085,2020,63.027
2085,2021,63.028
2085,2022,63.095
2104,2012,62.021
2104,2013,62.217
2104,2014,61.981
2104,2015,61.978
2104,2016,61.995
2104,2017,62.095
2104,2018,61.999
2104,2019,62.244
2104,2020,61.992
2104,2021,62.065
2104,2022,62.137
2121,2012,60.815
2121,2013,60.664
2121,2014,60.821
2121,2015,60.94
2121,2016,60.871
2121,2017,61.456
2121,2018,60.866
2121,2019,61.372
2121,2020,61.276
2121,2021,61.737
2121,2022,61.412
2161,2012,66.046
2161,2013,65.67
2161,2014,66.141
2161,2015,66.143
2161,2016,66.02
2161,2017,66.453
2161,2018,66.337
2161,2019,66.548
2161,2020,66.544
2161,2021,66.52
2161,2022,66.488
2180,2012,70.429
2180,2013,70.479
2180,2014,70.894
2180,2015,70.658
2180,2016,70.615
2180,2017,70.64
2180,2018,70.842
2180,2019,70.931
2180,2020,70.815
2180,2021,70.753
2180,2022,70.559
2181,2012,61.684
2181,2013,61.753
2181,2014,61.769
2181,2015,61.665
2181,2016,61.665
2181,2017,61.569
2181,2018,61.653
2181,2019,61.935
2181,2020,61.815
2181,2021,61.971
2181,2022,61.964
2182,2012,64.346
2182,2013,64.541
2182,2014,64.651
2182,2015,64.499
2182,2016,64.38
2182,2017,64.567
2182,2018,64.539
2182,2019,64.661
2182,2020,64.796
2182,2021,64.689
2182,2022,65.094
2183,2012,65.003
2183,2013,64.911
2183,2014,65.014
2183,2015,65.194
2183,2016,65.315
2183,2017,65.148
2183,2018,65.48
2183,2019,65.212
2183,2020,65.418
2183,2021,65.522
2183,2022,65.467
2184,2012,65.431
2184,2013,65.15
2184,2014,65.284
2184,2015,65.345
2184,2016,65.183
2184,2017,65.159
2184,2018,65.515
2184,2019,65.871
2184,2020,65.949
2184,2021,65.97
2184,2022,66.017
2260,2012,65.753
2260,2013,66.328
2260,2014,65.656
2260,2015,65.711
2260,2016,65.376
2260,2017,65.345
2260,2018,65.68
2260,2019,65.689
2260,2020,66.047
2260,2021,65.909
2260,2022,66.376
2262,2012,69.407
2262,2013,69.591
2262,2014,69.635
2262,2015,69.423
2262,2016,69.533
2262,2017,69.59
2262,2018,69.676
2262,2019,69.601
2262,2020,69.287
2262,2021,69.378
2262,2022,69.448
2280,2012,69.078
2280,2013,69.127
2280,2014,69.109
2280,2015,68.824
2280,2016,68.924
2280,2017,69.077
2280,2018,68.991
2280,2019,69.348
2280,2020,69.34
2280,2021,69.487
2280,2022,69.45
2281,2012,71.844
2281,2013,71.861
2281,2014,71.872
2281,2015,71.876
2281,2016,71.854
2281,2017,71.885
2281,2018,71.999
2281,2019,72.074
2281,2020,72.017
2281,2021,72.13
2281,2022,72.068
2282,2012,65.505
2282,2013,64.94
2282,2014,65.375
2282,2015,64.842
2282,2016,64.901
2282,2017,64.926
2282,2018,64.724
2282,2019,64.319
2282,2020,63.979
2282,2021,64.523
2282,2022,64.409
2283,2012,65.557
2283,2013,65.359
2283,2014,65.425
2283,2015,65.233
2283,2016,65.481
2283,2017,65.48
2283,2018,65.2
2283,2019,65.255
2283,2020,65.135
2283,2021,65.099
2283,2022,65.506
2284,2012,70.794
2284,2013,70.787
2284,2014,70.753
2284,2015,70.747
2284,2016,70.831
2284,2017,71.079
2284,2018,70.967
2284,2019,70.942
2284,2020,70.969
2284,2021,71.088
2284,2022,71.301
2305,2012,60.9
2305,2013,61.288
2305,2014,59.646
2305,2015,59.358
2305,2016,59.899
2305,2017,60.079
2305,2018,60.095
2305,2019,60.681
2305,2020,61.014
2305,2021,59.91
2305,2022,60.417
2309,2012,65.218
2309,2013,64.603
2309,2014,64.543
2309,2015,63.395
2309,2016,62.942
2309,2017,63.493
2309,2018,63.599
2309,2019,62.951
2309,2020,63.613
2309,2021,66.084
2309,2022,66.804
2313,2012,67.874
2313,2013,68.147
2313,2014,67.755
2313,2015,68.105
2313,2016,68.05
2313,2017,68.026
2313,2018,67.588
2313,2019,67.652
2313,2020,68.268
2313,2021,68.448
2313,2022,68.305
2321,2012,66.672
2321,2013,66.978
2321,2014,65.945
2321,2015,66.662
2321,2016,65.982
2321,2017,66.501
2321,2018,67.396
2321,2019,68.457
2321,2020,68.58
2321,2021,68.323
2321,2022,68.833
2361,2012,68.446
2361,2013,68.628
2361,2014,68.66
2361,2015,68.861
2361,2016,68.58
2361,2017,67.844
2361,2018,67.518
2361,2019,68.149
2361,2020,67.629
2361,2021,68.202
2361,2022,68.721
2380,2012,70.087
2380,2013,70.21
2380,2014,70.215
2380,2015,70.291
2380,2016,70.35
2380,2017,70.354
2380,2018,70.767
2380,2019,70.778
2380,2020,70.943
2380,2021,70.981
2380,2022,70.944
2404,2012,71.917
2404,2013,70.4
2404,2014,69.407
2404,2015,70.538
2404,2016,69.769
2404,2017,69.769
2404,2018,69.407
2404,2019,70.24
2404,2020,72.261
2404,2021,71.75
2404,2022,71.08
2409,2012,74.111
2409,2013,74.085
2409,2014,74.062
2409,2015,73.791
2409,2016,73.752
2409,2017,73.752
2409,2018,73.752
2409,2019,73.752
2409,2020,74.058
2409,2021,73.752
2409,2022,73.791
2417,2012,67.455
2417,2013,64.364
2417,2014,59.538
2417,2015,60.0
2417,2016,58.25
2417,2017,60.0
2417,2018,60.0
2417,2019,60.0
2417,2020,60.0
2417,2021,60.0
2417,2022,62.0
2418,2012,61.333
2418,2013,60.071
2418,2014,58.143
2418,2015,64.0
2418,2016,63.333
2418,2017,59.929
2418,2018,58.462
2418,2019,58.25
2418,2020,61.667
2418,2021,60.5
2418,2022,59.533
2421,2012,75.513
2421,2013,75.368
2421,2014,76.04
2421,2015,76.011
2421,2016,75.61
2421,2017,76.042
2421,2018,75.091
2421,2019,74.199
2421,2020,74.132
2421,2021,73.778
2421,2022,73.267
2422,2012,53.467
2422,2013,52.154
2422,2014,51.923
2422,2015,51.143
2422,2016,52.0
2422,2017,54.727
2422,2018,53.545
2422,2020,55.846
2422,2021,52.857
2422,2022,52.929
2460,2012,71.057
2460,2013,70.865
2460,2014,70.552
2460,2015,70.182
2460,2016,70.792
2460,2017,70.302
2460,2018,70.142
2460,2019,69.85
2460,2020,69.715
2460,2021,69.911
2460,2022,69.663
2462,2012,65.668
2462,2013,65.576
2462,2014,65.399
2462,2015,65.146
2462,2016,64.795
2462,2017,65.94
2462,2018,65.729
2462,2019,65.879
2462,2020,65.689
2462,2021,66.504
2462,2022,65.895
2463,2012,58.949
2463,2013,57.904
2463,2014,57.471
2463,2015,59.644
2463,2016,58.205
2463,2017,59.24
2463,2018,58.965
2463,2019,56.517
2463,2020,58.18
2463,2021,58.115
2463,2022,57.769
2480,2012,75.386
2480,2013,75.335
2480,2014,75.369
2480,2015,75.233
2480,2016,74.807
2480,2017,74.137
2480,2018,73.204
2480,2019,72.81
2480,2020,72.636
2480,2021,72.499
2480,2022,72.421
2481,2012,74.02
2481,2013,72.902
2481,2014,73.322
2481,2015,74.064
2481,2016,73.713
2481,2017,73.248
2481,2018,73.854
2481,2019,73.868
2481,2020,74.052
2481,2021,74.282
2481,2022,74.01
2482,2012,69.674
2482,2013,69.723
2482,2014,70.149
2482,2015,70.171
2482,2016,70.208
2482,2017,70.256
2482,2018,70.278
2482,2019,70.13
2482,2020,70.262
2482,2021,70.226
2482,2022,70.348
2505,2012,68.068
2505,2013,68.988
2505,2014,68.888
2505,2015,68.776
2505,2016,68.131
2505,2017,68.015
2505,2018,67.772
2505,2019,68.57
2505,2020,68.377
2505,2021,68.25
2505,2022,67.632
2506,2012,62.952
2506,2013,64.0
2506,2014,64.7
2506,2015,62.429
2506,2016,62.913
2506,2017,62.857
2506,2018,60.947
2506,2019,59.789
2506,2020,60.4
2506,2021,61.2
2506,2022,61.048
2510,2012,60.667
2510,2013,60.567
2510,2014,59.196
2510,2015,59.2
2510,2016,58.606
2510,2017,59.781
2510,2018,59.711
2510,2019,60.277
2510,2020,60.17
2510,2021,60.159
2510,2022,59.398
2514,2012,66.767
2514,2013,66.859
2514,2014,66.711
2514,2015,67.073
2514,2016,66.423
2514,2017,66.473
2514,2018,66.546
2514,2019,66.513
2514,2020,66.585
2514,2021,66.614
2514,2022,66.24
2518,2012,55.375
2518,2013,55.375
2518,2014,55.375
2518,2015,55.103
2518,2016,57.86
2518,2017,56.839
2518,2018,56.29
2518,2019,55.733
2518,2020,56.397
2518,2021,58.143
2518,2022,57.931
2523,2012,66.675
2523,2013,66.45
2523,2014,66.331
2523,2015,66.514
2523,2016,65.725
2523,2017,65.438
2523,2018,65.746
2523,2019,66.008
2523,2020,65.691
2523,2021,66.467
2523,2022,66.449
2560,2012,66.1
2560,2013,66.417
2560,2014,66.617
2560,2015,66.316
2560,2016,66.376
2560,2017,66.678
2560,2018,66.408
2560,2019,66.408
2560,2020,66.199
2560,2021,65.378
2560,2022,66.576
2580,2012,70.748
2580,2013,70.905
2580,2014,71.072
2580,2015,70.961
2580,2016,70.968
2580,2017,71.081
2580,2018,70.993
2580,2019,71.406
2580,2020,71.607
2580,2021,71.794
2580,2022,71.638
2581,2012,72.495
2581,2013,73.276
2581,2014,73.365
2581,2015,73.258
2581,2016,73.204
2581,2017,73.424
2581,2018,73.362
2581,2019,73.441
2581,2020,73.321
2581,2021,73.372
2581,2022,73.374
2582,2012,69.404
2582,2013,69.557
2582,2014,69.407
2582,2015,69.04
2582,2016,69.048
2582,2017,68.777
2582,2018,69.727
2582,2019,69.625
2582,2020,67.918
2582,2021,67.831
2582,2022,67.79
2583,2012,73.48
2583,2013,73.168
2583,2014,73.032
2583,2015,73.259
2583,2016,73.267
2583,2017,73.427
2583,2018,73.031
2583,2019,73.189
2583,2020,73.331
2583,2021,73.066
2583,2022,72.953
2584,2012,67.229
2584,2013,67.24
2584,2014,66.972
2584,2015,66.88
2584,2016,66.899
2584,2017,66.808
2584,2018,66.607
2584,2019,65.752
2584,2020,65.695
2584,2021,65.855
2584,2022,66.114
