kommun,year,mean_boarea_smahus
0114,2012,124.766
0114,2013,124.733
0114,2014,124.929
0114,2015,124.982
0114,2016,125.003
0114,2017,125.09
0114,2018,125.119
0114,2019,125.171
0114,2020,125.238
0114,2021,125.8
0114,2022,125.971
0115,2012,123.556
0115,2013,123.571
0115,2014,123.656
0115,2015,123.777
0115,2016,124.252
0115,2017,124.721
0115,2018,125.048
0115,2019,125.18
0115,2020,125.107
0115,2021,124.95
0115,2022,125.065
0117,2012,123.693
0117,2013,123.883
0117,2014,124.55
0117,2015,125.023
0117,2016,125.402
0117,2017,126.467
0117,2018,126.729
0117,2019,126.688
0117,2020,127.151
0117,2021,127.261
0117,2022,127.637
0120,2012,108.277
0120,2013,108.329
0120,2014,107.895
0120,2015,107.543
0120,2016,107.222
0120,2017,107.877
0120,2018,108.694
0120,2019,108.782
0120,2020,109.163
0120,2021,110.34
0120,2022,110.201
0123,2012,123.85
0123,2013,123.716
0123,2014,123.651
0123,2015,123.614
0123,2016,123.629
0123,2017,123.605
0123,2018,123.645
0123,2019,123.678
0123,2020,123.662
0123,2021,123.733
0123,2022,123.754
0125,2012,121.862
0125,2013,121.724
0125,2014,121.562
0125,2015,121.91
0125,2016,121.645
0125,2017,122.403
0125,2018,122.896
0125,2019,122.994
0125,2020,123.143
0125,2021,123.608
0125,2022,124.099
0126,2012,121.852
0126,2013,122.125
0126,2014,122.339
0126,2015,122.669
0126,2016,123.123
0126,2017,123.513
0126,2018,123.713
0126,2019,123.987
0126,2020,124.179
0126,2021,124.465
0126,2022,124.911
0127,2012,123.934
0127,2013,124.04
0127,2014,124.662
0127,2015,125.004
0127,2016,124.866
0127,2017,124.793
0127,2018,124.782
0127,2019,124.876
0127,2020,125.17
0127,2021,125.469
0127,2022,125.405
0128,2012,128.658
0128,2013,129.005
0128,2014,129.235
0128,2015,129.309
0128,2016,129.41
0128,2017,129.736
0128,2018,129.934
0128,2019,129.961
0128,2020,130.031
0128,2021,130.359
0128,2022,130.27
0136,2012,115.4
0136,2013,115.681
0136,2014,116.088
0136,2015,116.469
0136,2016,116.626
0136,2017,116.638
0136,2018,116.763
0136,2019,116.923
0136,2020,116.875
0136,2021,117.013
0136,2022,117.224
0138,2012,120.958
0138,2013,121.068
0138,2014,121.029
0138,2015,121.24
0138,2016,121.556
0138,2017,121.345
0138,2018,121.302
0138,2019,121.202
0138,2020,121.162
0138,2021,121.164
0138,2022,121.258
0139,2012,122.57
0139,2013,122.38
0139,2014,121.969
0139,2015,122.104
0139,2016,122.478
0139,2017,122.333
0139,2018,122.468
0139,2019,122.368
0139,2020,122.324
0139,2021,122.384
0139,2022,122.444
0140,2012,120.112
0140,2013,120.007
0140,2014,120.255
0140,2015,120.702
0140,2016,120.519
0140,2017,120.569
0140,2018,120.337
0140,2019,120.112
0140,2020,120.425
0140,2021,119.981
0140,2022,120.053
0160,2012,138.988
0160,2013,138.968
0160,2014,139.16
0160,2015,139.247
0160,2016,139.209
0160,2017,139.314
0160,2018,139.353
0160,2019,139.227
0160,2020,139.258
0160,2021,139.231
0160,2022,139.345
0162,2012,165.436
0162,2013,165.414
0162,2014,166.046
0162,2015,165.861
0162,2016,165.931
0162,2017,166.101
0162,2018,165.898
0162,2019,165.916
0162,2020,165.804
0162,2021,165.881
0162,2022,165.912
0163,2012,130.924
0163,2013,131.165
0163,2014,131.665
0163,2015,131.872
0163,2016,132.197
0163,2017,132.316
0163,2018,132.688
0163,2019,132.848
0163,2020,133.174
0163,2021,133.316
0163,2022,133.419
0180,2012,120.414
0180,2013,120.394
0180,2014,120.382
0180,2015,120.438
0180,2016,120.399
0180,2017,120.218
0180,2018,120.172
0180,2019,120.144
0180,2020,120.163
0180,2021,120.17
0180,2022,120.078
0181,2012,118.472
0181,2013,118.475
0181,2014,118.672
0181,2015,118.836
0181,2016,119.146
0181,2017,119.427
0181,2018,119.485
0181,2019,119.342
0181,2020,119.088
0181,2021,119.071
0181,2022,119.553
0182,2012,134.736
0182,2013,134.856
0182,2014,134.811
0182,2015,134.898
0182,2016,135.077
0182,2017,135.279
0182,2018,135.485
0182,2019,135.639
0182,2020,135.696
0182,2021,135.954
0182,2022,136.124
0183,2012,134.086
0183,2013,134.029
0183,2014,134.189
0183,2015,133.752
0183,2016,133.813
0183,2017,133.407
0183,2018,133.573
0183,2019,133.947
0183,2020,133.972
0183,2021,133.517
0183,2022,133.8
0184,2012,149.366
0184,2013,148.957
0184,2014,148.742
0184,2015,149.045
0184,2016,149.496
0184,2017,148.499
0184,2018,148.886
0184,2019,148.973
0184,2020,149.316
0184,2021,147.075
0184,2022,144.918
0186,2012,152.483
0186,2013,152.427
0186,2014,152.434
0186,2015,152.529
0186,2016,152.271
0186,2017,152.328
0186,2018,152.197
0186,2019,152.266
0186,2020,152.325
0186,2021,152.371
0186,2022,152.566
0187,2012,130.099
0187,2013,129.906
0187,2014,129.966
0187,2015,130.213
0187,2016,130.373
0187,2017,130.415
0187,2018,130.588
0187,2019,130.706
0187,2020,129.982
0187,2021,129.92
0187,2022,130.166
0188,2012,109.867
0188,2013,109.762
0188,2014,109.585
0188,2015,109.429
0188,2016,109.609
0188,2017,109.192
0188,2018,109.252
0188,2019,109.096
0188,2020,108.921
0188,2021,108.738
0188,2022,108.984
0191,2012,127.024
0191,2013,126.874
0191,2014,126.861
0191,2015,127.029
0191,2016,126.893
0191,2017,126.937
0191,2018,126.785
0191,2019,126.924
0191,2020,126.666
0191,2021,127.237
0191,2022,127.9
0192,2012,113.257
0192,2013,113.033
0192,2014,113.27
0192,2015,113.367
0192,2016,113.294
0192,2017,113.045
0192,2018,113.218
0192,2019,113.149
0192,2020,113.304
0192,2021,113.373
0192,2022,113.506
0305,2012,121.295
0305,2013,121.409
0305,2014,121.515
0305,2015,121.33
0305,2016,121.193
0305,2017,121.41
0305,2018,121.218
0305,2019,121.06
0305,2020,121.059
0305,2021,120.952
0305,2022,121.027
0319,2012,109.993
0319,2013,110.194
0319,2014,110.272
0319,2015,110.307
0319,2016,110.157
0319,2017,110.036
0319,2018,110.163
0319,2019,109.953
0319,2020,109.934
0319,2021,109.898
0319,2022,110.25
0330,2012,129.625
0330,2013,130.497
0330,2014,130.789
0330,2015,130.609
0330,2016,130.526
0330,2017,130.939
0330,2018,131.024
0330,2019,131.16
0330,2020,130.99
0330,2021,130.93
0330,2022,131.27
0331,2012,115.75
0331,2013,115.69
0331,2014,115.628
0331,2015,115.745
0331,2016,115.417
0331,2017,115.44
0331,2018,115.379
0331,2019,115.403
0331,2020,115.519
0331,2021,115.478
0331,2022,115.57
0360,2012,117.097
0360,2013,116.964
0360,2014,116.981
0360,2015,116.868
0360,2016,117.022
0360,2017,117.047
0360,2018,116.787
0360,2019,116.735
0360,2020,116.846
0360,2021,116.812
0360,2022,116.894
0380,2012,126.772
0380,2013,126.919
0380,2014,127.184
0380,2015,127.723
0380,2016,128.139
0380,2017,128.13
0380,2018,128.146
0380,2019,128.021
0380,2020,127.864
0380,2021,128.531
0380,2022,128.606
0381,2012,122.866
0381,2013,122.749
0381,2014,122.654
0381,2015,122.701
0381,2016,122.818
0381,2017,122.801
0381,2018,123.0
0381,2019,122.835
0381,2020,122.931
0381,2021,123.298
0381,2022,123.129
0382,2012,118.881
0382,2013,118.729
0382,2014,118.73
0382,2015,118.57
0382,2016,118.673
0382,2017,118.592
0382,2018,118.775
0382,2019,118.725
0382,2020,118.503
0382,2021,118.698
0382,2022,118.71
0428,2012,116.917
0428,2013,116.808
0428,2014,117.013
0428,2015,117.31
0428,2016,116.826
0428,2017,117.008
0428,2018,116.711
0428,2019,116.676
0428,2020,116.7
0428,2021,116.607
0428,2022,116.614
0461,2012,116.912
0461,2013,116.797
0461,2014,116.587
0461,2015,116.586
0461,2016,116.166
0461,2017,116.498
0461,2018,116.165
0461,2019,116.209
0461,2020,115.702
0461,2021,115.47
0461,2022,115.226
0480,2012,120.786
0480,2013,120.67
0480,2014,120.556
0480,2015,120.613
0480,2016,120.471
0480,2017,120.253
0480,2018,120.14
0480,2019,119.833
0480,2020,119.817
0480,2021,119.673
0480,2022,119.772
0481,2012,116.702
0481,2013,116.574
0481,2014,116.474
0481,2015,116.27
0481,2016,116.269
0481,2017,116.241
0481,2018,116.27
0481,2019,116.108
0481,2020,115.952
0481,2021,115.776
0481,2022,115.572
0482,2012,121.559
0482,2013,121.839
0482,2014,121.935
0482,2015,121.986
0482,2016,121.867
0482,2017,121.983
0482,2018,122.244
0482,2019,122.122
0482,2020,121.805
0482,2021,122.053
0482,2022,121.859
0483,2012,123.319
0483,2013,123.164
0483,2014,123.166
0483,2015,123.412
0483,2016,123.095
0483,2017,123.004
0483,2018,122.926
0483,2019,123.008
0483,2020,122.941
0483,2021,122.687
0483,2022,122.41
0484,2012,120.117
0484,2013,119.941
0484,2014,119.85
0484,2015,119.62
0484,2016,119.578
0484,2017,119.496
0484,2018,119.416
0484,2019,119.231
0484,2020,119.12
0484,2021,119.075
0484,2022,119.072
0486,2012,122.721
0486,2013,122.654
0486,2014,123.106
0486,2015,123.538
0486,2016,123.262
0486,2017,123.326
0486,2018,123.401
0486,2019,123.56
0486,2020,123.668
0486,2021,123.884
0486,2022,123.814
0488,2012,119.162
0488,2013,118.765
0488,2014,118.268
0488,2015,117.864
0488,2016,117.371
0488,2017,116.859
0488,2018,116.737
0488,2019,116.885
0488,2020,116.494
0488,2021,116.45
0488,2022,116.2
0509,2012,125.562
0509,2013,124.671
0509,2014,124.675
0509,2015,124.654
0509,2016,124.666
0509,2017,124.351
0509,2018,125.059
0509,2019,124.518
0509,2020,124.534
0509,2021,124.499
0509,2022,124.39
0512,2012,123.972
0512,2013,123.548
0512,2014,123.654
0512,2015,123.229
0512,2016,123.882
0512,2017,123.179
0512,2018,124.004
0512,2019,122.893
0512,2020,122.966
0512,2021,123.704
0512,2022,123.284
0513,2012,125.983
0513,2013,126.056
0513,2014,126.12
0513,2015,126.376
0513,2016,126.278
0513,2017,126.256
0513,2018,126.041
0513,2019,126.046
0513,2020,126.102
0513,2021,125.99
0513,2022,126.146
0560,2012,118.33
0560,2013,118.11
0560,2014,117.979
0560,2015,117.951
0560,2016,117.737
0560,2017,117.889
0560,2018,117.476
0560,2019,117.241
0560,2020,117.295
0560,2021,116.914
0560,2022,116.899
0561,2012,126.324
0561,2013,126.159
0561,2014,126.056
0561,2015,125.914
0561,2016,126.031
0561,2017,125.988
0561,2018,126.127
0561,2019,126.03
0561,2020,126.266
0561,2021,126.059
0561,2022,125.837
0562,2012,121.021
0562,2013,120.688
0562,2014,120.797
0562,2015,120.871
0562,2016,120.919
0562,2017,120.937
0562,2018,120.894
0562,2019,121.037
0562,2020,120.895
0562,2021,120.555
0562,2022,120.504
0563,2012,121.22
0563,2013,121.069
0563,2014,120.911
0563,2015,120.821
0563,2016,120.883
0563,2017,120.627
0563,2018,121.043
0563,2019,120.768
0563,2020,121.085
0563,2021,120.807
0563,2022,121.044
0580,2012,127.326
0580,2013,127.385
0580,2014,127.1
0580,2015,126.881
0580,2016,126.708
0580,2017,126.72
0580,2018,126.897
0580,2019,127.005
0580,2020,126.935
0580,2021,126.892
0580,2022,126.909
0581,2012,119.959
0581,2013,119.948
0581,2014,120.09
0581,2015,120.202
0581,2016,120.275
0581,2017,120.346
0581,2018,120.398
0581,2019,120.596
0581,2020,120.632
0581,2021,120.758
0581,2022,120.957
0582,2012,120.987
0582,2013,120.842
0582,2014,121.039
0582,2015,121.396
0582,2016,121.266
0582,2017,121.329
0582,2018,121.186
0582,2019,121.275
0582,2020,121.653
0582,2021,121.267
0582,2022,121.206
0583,2012,117.95
0583,2013,118.042
0583,2014,117.973
0583,2015,117.992
0583,2016,118.173
0583,2017,118.218
0583,2018,118.334
0583,2019,118.27
0583,2020,118.25
0583,2021,118.201
0583,2022,118.168
0584,2012,128.424
0584,2013,128.256
0584,2014,128.146
0584,2015,128.284
0584,2016,128.22
0584,2017,127.264
0584,2018,126.985
0584,2019,126.913
0584,2020,127.053
0584,2021,127.02
0584,2022,127.05
0586,2012,125.672
0586,2013,125.746
0586,2014,125.824
0586,2015,126.013
0586,2016,125.697
0586,2017,126.044
0586,2018,126.105
0586,2019,126.237
0586,2020,126.367
0586,2021,126.452
0586,2022,126.543
0604,2012,129.581
0604,2013,129.533
0604,2014,128.919
0604,2015,128.666
0604,2016,128.774
0604,2017,128.744
0604,2018,128.607
0604,2019,128.317
0604,2020,128.08
0604,2021,128.122
0604,2022,128.085
0617,2012,129.108
0617,2013,128.847
0617,2014,129.124
0617,2015,129.084
0617,2016,128.633
0617,2017,128.934
0617,2018,129.16
0617,2019,129.25
0617,2020,129.343
0617,2021,129.8
0617,2022,129.461
0642,2012,120.48
0642,2013,120.819
0642,2014,120.985
0642,2015,120.968
0642,2016,121.212
0642,2017,121.05
0642,2018,120.176
0642,2019,120.224
0642,2020,120.628
0642,2021,120.353
0642,2022,120.462
0643,2012,127.73
0643,2013,127.524
0643,2014,127.951
0643,2015,128.081
0643,2016,128.489
0643,2017,127.913
0643,2018,127.987
0643,2019,127.938
0643,2020,128.172
0643,2021,128.291
0643,2022,128.567
0662,2012,122.721
0662,2013,122.788
0662,2014,123.001
0662,2015,122.765
0662,2016,122.744
0662,2017,122.668
0662,2018,122.618
0662,2019,122.582
0662,2020,122.628
0662,2021,122.719
0662,2022,122.864
0665,2012,130.338
0665,2013,130.27
0665,2014,129.961
0665,2015,129.909
0665,2016,130.163
0665,2017,129.979
0665,2018,130.043
0665,2019,129.936
0665,2020,130.019
0665,2021,130.375
0665,2022,130.344
0680,2012,131.654
0680,2013,131.647
0680,2014,132.182
0680,2015,132.218
0680,2016,132.356
0680,2017,132.415
0680,2018,132.536
0680,2019,132.715
0680,2020,132.953
0680,2021,132.833
0680,2022,132.488
0682,2012,125.526
0682,2013,125.597
0682,2014,125.699
0682,2015,125.513
0682,2016,125.226
0682,2017,125.167
0682,2018,125.24
0682,2019,124.971
0682,2020,125.155
0682,2021,125.24
0682,2022,125.271
0683,2012,128.71
0683,2013,128.67
0683,2014,128.729
0683,2015,128.849
0683,2016,128.828
0683,2017,128.968
0683,2018,128.924
0683,2019,129.049
0683,2020,128.99
0683,2021,128.986
0683,2022,129.101
0684,2012,129.111
0684,2013,129.009
0684,2014,129.028
0684,2015,128.869
0684,2016,127.942
0684,2017,127.703
0684,2018,127.719
0684,2019,127.597
0684,2020,127.549
0684,2021,127.649
0684,2022,127.902
0685,2012,130.381
0685,2013,130.393
0685,2014,130.527
0685,2015,130.358
0685,2016,129.995
0685,2017,130.057
0685,2018,130.094
0685,2019,130.229
0685,2020,130.331
0685,2021,130.13
0685,2022,130.283
0686,2012,129.384
0686,2013,129.37
0686,2014,129.619
0686,2015,129.402
0686,2016,129.28
0686,2017,129.265
0686,2018,129.311
0686,2019,129.314
0686,2020,129.148
0686,2021,129.204
0686,2022,129.34
0687,2012,129.795
0687,2013,129.878
0687,2014,129.632
0687,2015,129.888
0687,2016,129.884
0687,2017,129.77
0687,2018,129.804
0687,2019,129.844
0687,2020,129.956
0687,2021,129.512
0687,2022,129.462
0760,2012,124.225
0760,2013,124.056
0760,2014,123.845
0760,2015,123.671
0760,2016,123.494
0760,2017,123.456
0760,2018,123.358
0760,2019,123.259
0760,2020,123.428
0760,2021,123.248
0760,2022,123.294
0761,2012,123.972
0761,2013,123.935
0761,2014,123.505
0761,2015,123.53
0761,2016,123.518
0761,2017,123.334
0761,2018,123.428
0761,2019,123.413
0761,2020,123.473
0761,2021,123.337
0761,2022,123.452
0763,2012,126.323
0763,2013,126.556
0763,2014,126.559
0763,2015,126.541
0763,2016,126.324
0763,2017,126.156
0763,2018,126.244
0763,2019,126.447
0763,2020,126.216
0763,2021,125.782
0763,2022,125.988
0764,2012,129.485
0764,2013,129.334
0764,2014,129.434
0764,2015,129.216
0764,2016,129.362
0764,2017,129.342
0764,2018,129.398
0764,2019,129.296
0764,2020,129.541
0764,2021,129.39
0764,2022,129.655
0765,2012,123.733
0765,2013,124.014
0765,2014,123.977
0765,2015,124.186
0765,2016,124.275
0765,2017,124.23
0765,2018,123.982
0765,2019,124.013
0765,2020,124.54
0765,2021,124.449
0765,2022,124.462
0767,2012,122.26
0767,2013,122.326
0767,2014,122.361
0767,2015,122.006
0767,2016,121.873
0767,2017,121.898
0767,2018,121.777
0767,2019,121.488
0767,2020,121.808
0767,2021,121.788
0767,2022,121.182
0780,2012,132.532
0780,2013,132.394
0780,2014,132.26
0780,2015,132.158
0780,2016,132.069
0780,2017,131.992
0780,2018,131.631
0780,2019,131.694
0780,2020,131.839
0780,2021,131.839
0780,2022,131.931
0781,2012,126.521
0781,2013,126.497
0781,2014,126.406
0781,2015,126.432
0781,2016,126.383
0781,2017,126.819
0781,2018,126.579
0781,2019,126.492
0781,2020,126.614
0781,2021,126.729
0781,2022,126.592
0821,2012,117.635
0821,2013,117.387
0821,2014,117.078
0821,2015,116.758
0821,2016,116.251
0821,2017,116.309
0821,2018,115.961
0821,2019,115.856
0821,2020,116.554
0821,2021,116.681
0821,2022,116.639
0834,2012,120.269
0834,2013,120.347
0834,2014,119.792
0834,2015,119.997
0834,2016,119.445
0834,2017,119.181
0834,2018,119.037
0834,2019,118.741
0834,2020,118.522
0834,2021,118.38
0834,2022,118.886
0840,2012,118.77
0840,2013,118.931
0840,2014,119.337
0840,2015,119.271
0840,2016,119.247
0840,2017,118.87
0840,2018,119.092
0840,2019,118.924
0840,2020,118.584
0840,2021,118.833
0840,2022,118.65
0860,2012,119.75
0860,2013,119.635
0860,2014,119.431
0860,2015,119.378
0860,2016,119.521
0860,2017,119.353
0860,2018,119.421
0860,2019,119.477
0860,2020,119.615
0860,2021,119.42
0860,2022,119.532
0861,2012,115.682
0861,2013,115.964
0861,2014,115.807
0861,2015,115.638
0861,2016,115.345
0861,2017,115.166
0861,2018,115.035
0861,2019,114.978
0861,2020,114.88
0861,2021,115.242
0861,2022,115.503
0862,2012,127.837
0862,2013,128.158
0862,2014,128.147
0862,2015,128.069
0862,2016,127.804
0862,2017,127.693
0862,2018,127.846
0862,2019,127.766
0862,2020,127.495
0862,2021,127.475
0862,2022,127.316
0880,2012,122.752
0880,2013,122.773
0880,2014,122.665
0880,2015,122.737
0880,2016,122.648
0880,2017,122.669
0880,2018,122.662
0880,2019,122.671
0880,2020,122.777
0880,2021,122.917
0880,2022,122.902
0881,2012,123.382
0881,2013,123.369
0881,2014,123.162
0881,2015,123.169
0881,2016,123.213
0881,2017,123.208
0881,2018,123.283
0881,2019,123.315
0881,2020,123.307
0881,2021,123.362
0881,2022,123.408
0882,2012,124.14
0882,2013,124.194
0882,2014,124.386
0882,2015,124.32
0882,2016,124.076
0882,2017,124.12
0882,2018,124.002
0882,2019,124.176
0882,2020,124.154
0882,2021,124.547
0882,2022,124.655
0883,2012,118.573
0883,2013,118.577
0883,2014,118.263
0883,2015,118.027
0883,2016,118.167
0883,2017,118.178
0883,2018,117.975
0883,2019,117.944
0883,2020,118.142
0883,2021,118.23
0883,2022,118.306
0884,2012,123.947
0884,2013,123.947
0884,2014,123.95
0884,2015,124.093
0884,2016,123.733
0884,2017,123.57
0884,2018,123.586
0884,2019,123.415
0884,2020,123.111
0884,2021,123.307
0884,2022,123.818
0885,2012,112.687
0885,2013,112.949
0885,2014,112.774
0885,2015,112.753
0885,2016,113.139
0885,2017,112.939
0885,2018,112.921
0885,2019,112.804
0885,2020,112.352
0885,2021,112.323
0885,2022,112.203
0980,2012,112.976
0980,2013,112.828
0980,2014,112.732
0980,2015,112.76
0980,2016,112.814
0980,2017,112.491
0980,2018,112.642
0980,2019,112.671
0980,2020,112.684
0980,2021,112.556
0980,2022,112.655
1060,2012,116.009
1060,2013,116.15
1060,2014,115.931
1060,2015,115.977
1060,2016,116.072
1060,2017,115.959
1060,2018,115.799
1060,2019,115.897
1060,2020,115.874
1060,2021,115.915
1060,2022,115.905
1080,2012,121.625
1080,2013,121.647
1080,2014,121.576
1080,2015,121.33
1080,2016,121.185
1080,2017,121.068
1080,2018,121.098
1080,2019,121.091
1080,2020,121.269
1080,2021,121.313
1080,2022,121.369
1081,2012,117.924
1081,2013,117.931
1081,2014,117.837
1081,2015,117.851
1081,2016,117.728
1081,2017,117.619
1081,2018,117.502
1081,2019,117.247
1081,2020,117.191
1081,2021,117.029
1081,2022,117.062
1082,2012,119.77
1082,2013,119.682
1082,2014,119.6
1082,2015,119.24
1082,2016,119.159
1082,2017,119.112
1082,2018,118.647
1082,2019,118.478
1082,2020,118.194
1082,2021,117.945
1082,2022,117.438
1083,2012,118.287
1083,2013,118.326
1083,2014,118.564
1083,2015,118.489
1083,2016,118.523
1083,2017,118.325
1083,2018,118.147
1083,2019,118.154
1083,2020,117.874
1083,2021,117.609
1083,2022,117.406
1214,2012,122.628
1214,2013,122.793
1214,2014,122.771
1214,2015,123.033
1214,2016,123.126
1214,2017,123.063
1214,2018,122.792
1214,2019,122.965
1214,2020,123.147
1214,2021,123.032
1214,2022,123.142
1230,2012,132.657
1230,2013,132.648
1230,2014,132.798
1230,2015,132.945
1230,2016,132.881
1230,2017,132.494
1230,2018,132.111
1230,2019,131.759
1230,2020,131.424
1230,2021,131.412
1230,2022,131.396
1231,2012,130.733
1231,2013,130.642
1231,2014,130.684
1231,2015,130.768
1231,2016,130.867
1231,2017,130.453
1231,2018,130.335
1231,2019,129.595
1231,2020,129.425
1231,2021,129.097
1231,2022,128.746
1233,2012,144.114
1233,2013,144.209
1233,2014,144.05
1233,2015,143.649
1233,2016,143.404
1233,2017,143.212
1233,2018,142.916
1233,2019,142.789
1233,2020,142.919
1233,2021,143.263
1233,2022,143.703
1256,2012,123.936
1256,2013,124.182
1256,2014,124.052
1256,2015,123.884
1256,2016,123.724
1256,2017,123.646
1256,2018,123.833
1256,2019,123.833
1256,2020,123.688
1256,2021,123.56
1256,2022,123.752
1257,2012,118.342
1257,2013,118.523
1257,2014,118.517
1257,2015,118.133
1257,2016,117.824
1257,2017,117.71
1257,2018,117.848
1257,2019,117.536
1257,2020,117.513
1257,2021,117.433
1257,2022,117.22
1260,2012,118.483
1260,2013,118.37
1260,2014,118.479
1260,2015,118.41
1260,2016,118.368
1260,2017,118.332
1260,2018,118.263
1260,2019,118.248
1260,2020,118.396
1260,2021,118.209
1260,2022,118.352
1261,2012,129.459
1261,2013,129.441
1261,2014,129.511
1261,2015,129.592
1261,2016,129.69
1261,2017,129.677
1261,2018,129.884
1261,2019,129.706
1261,2020,129.468
1261,2021,129.4
1261,2022,129.492
1262,2012,137.156
1262,2013,137.21
1262,2014,137.678
1262,2015,137.712
1262,2016,137.958
1262,2017,138.178
1262,2018,138.338
1262,2019,138.329
1262,2020,138.507
1262,2021,138.607
1262,2022,138.64
1263,2012,128.265
1263,2013,128.139
1263,2014,128.271
1263,2015,128.272
1263,2016,128.293
1263,2017,128.39
1263,2018,128.154
1263,2019,127.732
1263,2020,128.303
1263,2021,129.201
1263,2022,129.355
1264,2012,122.311
1264,2013,122.38
1264,2014,122.608
1264,2015,122.53
1264,2016,122.369
1264,2017,122.275
1264,2018,122.239
1264,2019,122.071
1264,2020,122.18
1264,2021,122.185
1264,2022,122.276
1265,2012,116.344
1265,2013,115.886
1265,2014,115.903
1265,2015,115.781
1265,2016,115.582
1265,2017,115.359
1265,2018,115.385
1265,2019,115.217
1265,2020,115.2
1265,2021,115.004
1265,2022,115.113
1266,2012,119.483
1266,2013,119.024
1266,2014,119.457
1266,2015,119.371
1266,2016,118.996
1266,2017,118.655
1266,2018,118.275
1266,2019,118.166
1266,2020,118.301
1266,2021,117.902
1266,2022,117.529
1267,2012,122.38
1267,2013,122.168
1267,2014,121.98
1267,2015,122.148
1267,2016,122.004
1267,2017,121.976
1267,2018,122.026
1267,2019,122.015
1267,2020,121.941
1267,2021,121.997
1267,2022,122.067
1270,2012,119.132
1270,2013,119.124
1270,2014,118.917
1270,2015,119.047
1270,2016,119.234
1270,2017,118.865
1270,2018,119.158
1270,2019,119.189
1270,2020,119.098
1270,2021,119.09
1270,2022,118.858
1272,2012,114.02
1272,2013,114.043
1272,2014,114.093
1272,2015,114.028
1272,2016,113.98
1272,2017,114.014
1272,2018,113.835
1272,2019,113.693
1272,2020,113.676
1272,2021,113.683
1272,2022,113.604
1273,2012,124.009
1273,2013,124.257
1273,2014,124.136
1273,2015,123.847
1273,2016,124.156
1273,2017,123.771
1273,2018,123.589
1273,2019,123.319
1273,2020,123.233
1273,2021,122.937
1273,2022,123.168
1275,2012,119.603
1275,2013,119.764
1275,2014,119.545
1275,2015,119.634
1275,2016,119.55
1275,2017,119.586
1275,2018,119.593
1275,2019,119.427
1275,2020,119.504
1275,2021,119.116
1275,2022,119.564
1276,2012,121.142
1276,2013,121.074
1276,2014,121.192
1276,2015,121.202
1276,2016,120.743
1276,2017,120.793
1276,2018,120.601
1276,2019,120.454
1276,2020,120.445
1276,2021,120.275
1276,2022,120.287
1277,2012,121.915
1277,2013,121.996
1277,2014,121.802
1277,2015,121.784
1277,2016,121.589
1277,2017,121.612
1277,2018,121.447
1277,2019,121.428
1277,2020,121.464
1277,2021,121.401
1277,2022,121.293
1278,2012,126.828
1278,2013,126.981
1278,2014,126.973
1278,2015,127.054
1278,2016,127.084
1278,2017,126.997
1278,2018,127.077
1278,2019,127.294
1278,2020,127.566
1278,2021,127.051
1278,2022,127.132
1280,2012,128.481
1280,2013,128.597
1280,2014,128.563
1280,2015,128.472
1280,2016,128.491
1280,2017,128.594
1280,2018,128.605
1280,2019,128.709
1280,2020,128.679
1280,2021,128.694
1280,2022,128.582
1281,2012,128.162
1281,2013,128.273
1281,2014,128.241
1281,2015,128.289
1281,2016,128.263
1281,2017,128.094
1281,2018,128.079
1281,2019,127.968
1281,2020,127.747
1281,2021,127.785
1281,2022,127.735
1282,2012,123.798
1282,2013,123.782
1282,2014,123.645
1282,2015,123.656
1282,2016,123.724
1282,2017,123.714
1282,2018,123.687
1282,2019,123.695
1282,2020,123.771
1282,2021,123.779
1282,2022,120.833
1283,2012,127.951
1283,2013,128.029
1283,2014,127.755
1283,2015,127.754
1283,2016,127.757
1283,2017,127.76
1283,2018,127.764
1283,2019,127.772
1283,2020,127.731
1283,2021,127.792
1283,2022,128.041
1284,2012,127.811
1284,2013,128.017
1284,2014,127.911
1284,2015,127.76
1284,2016,127.642
1284,2017,127.516
1284,2018,127.614
1284,2019,127.612
1284,2020,127.563
1284,2021,127.525
1284,2022,127.609
1285,2012,124.126
1285,2013,124.125
1285,2014,124.059
1285,2015,124.042
1285,2016,123.991
1285,2017,124.113
1285,2018,124.132
1285,2019,124.103
1285,2020,123.962
1285,2021,123.842
1285,2022,123.825
1286,2012,128.278
1286,2013,128.128
1286,2014,127.341
1286,2015,127.497
1286,2016,127.353
1286,2017,127.209
1286,2018,126.886
1286,2019,126.62
1286,2020,126.289
1286,2021,125.848
1286,2022,125.933
1287,2012,127.502
1287,2013,127.506
1287,2014,127.481
1287,2015,127.358
1287,2016,127.464
1287,2017,127.382
1287,2018,127.432
1287,2019,127.369
1287,2020,127.074
1287,2021,126.949
1287,2022,127.337
1290,2012,123.33
1290,2013,123.22
1290,2014,123.158
1290,2015,123.098
1290,2016,122.957
1290,2017,122.72
1290,2018,122.523
1290,2019,122.379
1290,2020,122.209
1290,2021,121.963
1290,2022,122.015
1291,2012,121.006
1291,2013,120.925
1291,2014,120.437
1291,2015,120.571
1291,2016,120.95
1291,2017,120.94
1291,2018,120.768
1291,2019,120.548
1291,2020,120.311
1291,2021,120.179
1291,2022,120.521
1292,2012,127.528
1292,2013,127.66
1292,2014,127.484
1292,2015,127.598
1292,2016,127.463
1292,2017,127.564
1292,2018,127.687
1292,2019,127.464
1292,2020,126.831
1292,2021,126.71
1292,2022,126.607
1293,2012,123.264
1293,2013,123.31
1293,2014,123.118
1293,2015,123.13
1293,2016,122.943
1293,2017,122.672
1293,2018,122.656
1293,2019,122.536
1293,2020,122.593
1293,2021,122.577
1293,2022,122.408
1315,2012,118.326
1315,2013,118.547
1315,2014,118.192
1315,2015,118.188
1315,2016,118.001
1315,2017,117.79
1315,2018,117.607
1315,2019,117.76
1315,2020,117.787
1315,2021,117.524
1315,2022,117.417
1380,2012,127.816
1380,2013,127.974
1380,2014,127.963
1380,2015,128.095
1380,2016,127.805
1380,2017,127.882
1380,2018,124.961
1380,2019,124.85
1380,2020,124.825
1380,2021,124.815
1380,2022,124.718
1381,2012,120.113
1381,2013,120.248
1381,2014,120.32
1381,2015,120.208
1381,2016,120.087
1381,2017,119.994
1381,2018,119.975
1381,2019,119.88
1381,2020,119.58
1381,2021,119.65
1381,2022,119.371
1382,2012,124.801
1382,2013,125.129
1382,2014,125.138
1382,2015,125.44
1382,2016,125.409
1382,2017,125.473
1382,2018,125.751
1382,2019,125.576
1382,2020,125.77
1382,2021,125.897
1382,2022,126.015
1383,2012,125.26
1383,2013,125.39
1383,2014,125.367
1383,2015,125.216
1383,2016,125.078
1383,2017,125.08
1383,2018,125.16
1383,2019,125.062
1383,2020,124.928
1383,2021,124.817
1383,2022,124.869
1384,2012,129.881
1384,2013,130.013
1384,2014,130.133
1384,2015,130.224
1384,2016,130.36
1384,2017,130.153
1384,2018,130.234
1384,2019,129.989
1384,2020,130.075
1384,2021,131.01
1384,2022,131.1
1401,2012,118.62
1401,2013,118.728
1401,2014,119.053
1401,2015,119.26
1401,2016,119.125
1401,2017,119.272
1401,2018,119.329
1401,2019,119.531
1401,2020,119.614
1401,2021,119.845
1401,2022,120.289
1402,2012,127.834
1402,2013,128.106
1402,2014,128.344
1402,2015,128.269
1402,2016,128.335
1402,2017,128.543
1402,2018,128.364
1402,2019,128.22
1402,2020,128.17
1402,2021,128.232
1402,2022,128.204
1407,2012,124.209
1407,2013,124.467
1407,2014,124.723
1407,2015,124.805
1407,2016,124.782
1407,2017,124.783
1407,2018,125.009
1407,2019,124.904
1407,2020,124.725
1407,2021,124.752
1407,2022,124.474
1415,2012,117.444
1415,2013,117.372
1415,2014,118.039
1415,2015,118.598
1415,2016,118.547
1415,2017,118.837
1415,2018,118.92
1415,2019,119.664
1415,2020,120.398
1415,2021,120.772
1415,2022,120.969
1419,2012,110.311
1419,2013,110.295
1419,2014,110.274
1419,2015,110.32
1419,2016,110.066
1419,2017,109.776
1419,2018,109.78
1419,2019,109.868
1419,2020,110.077
1419,2021,109.843
1419,2022,110.017
1421,2012,109.487
1421,2013,110.088
1421,2014,110.193
1421,2015,110.817
1421,2016,111.153
1421,2017,111.291
1421,2018,111.24
1421,2019,112.147
1421,2020,112.016
1421,2021,112.291
1421,2022,112.617
1427,2012,109.658
1427,2013,109.563
1427,2014,109.227
1427,2015,109.501
1427,2016,109.329
1427,2017,109.066
1427,2018,108.949
1427,2019,108.991
1427,2020,108.755
1427,2021,108.85
1427,2022,108.6
1430,2012,109.215
1430,2013,108.931
1430,2014,109.304
1430,2015,109.208
1430,2016,109.022
1430,2017,109.125
1430,2018,109.236
1430,2019,109.286
1430,2020,109.428
1430,2021,109.067
1430,2022,109.208
1435,2012,109.971
1435,2013,110.152
1435,2014,110.359
1435,2015,110.391
1435,2016,110.339
1435,2017,110.49
1435,2018,110.439
1435,2019,110.841
1435,2020,110.908
1435,2021,111.191
1435,2022,111.485
1438,2012,113.206
1438,2013,113.487
1438,2014,113.919
1438,2015,113.993
1438,2016,113.634
1438,2017,113.607
1438,2018,113.727
1438,2019,113.321
1438,2020,113.677
1438,2021,113.478
1438,2022,113.573
1439,2012,109.9
1439,2013,110.4
1439,2014,110.082
1439,2015,110.289
1439,2016,109.887
1439,2017,109.669
1439,2018,109.702
1439,2019,109.656
1439,2020,109.914
1439,2021,109.827
1439,2022,109.842
1440,2012,117.117
1440,2013,117.237
1440,2014,117.341
1440,2015,117.359
1440,2016,117.487
1440,2017,117.44
1440,2018,117.641
1440,2019,117.753
1440,2020,117.842
1440,2021,118.139
1440,2022,118.21
1441,2012,121.089
1441,2013,121.213
1441,2014,121.216
1441,2015,121.437
1441,2016,121.487
1441,2017,121.677
1441,2018,121.891
1441,2019,121.984
1441,2020,122.08
1441,2021,122.198
1441,2022,122.305
1442,2012,118.831
1442,2013,118.668
1442,2014,118.885
1442,2015,118.642
1442,2016,118.624
1442,2017,118.6
1442,2018,118.514
1442,2019,118.506
1442,2020,118.546
1442,2021,118.566
1442,2022,118.813
1443,2012,123.124
1443,2013,122.886
1443,2014,122.802
1443,2015,122.962
1443,2016,125.01
1443,2017,125.397
1443,2018,125.49
1443,2019,125.383
1443,2020,125.384
1443,2021,125.653
1443,2022,123.543
1444,2012,122.174
1444,2013,122.399
1444,2014,122.511
1444,2015,122.344
1444,2016,122.316
1444,2017,122.171
1444,2018,122.124
1444,2019,122.809
1444,2020,122.323
1444,2021,122.326
1444,2022,121.714
1445,2012,117.351
1445,2013,117.198
1445,2014,117.184
1445,2015,117.127
1445,2016,116.825
1445,2017,117.184
1445,2018,117.124
1445,2019,116.809
1445,2020,116.884
1445,2021,116.885
1445,2022,116.534
1446,2012,119.622
1446,2013,119.207
1446,2014,119.248
1446,2015,119.451
1446,2016,119.06
1446,2017,118.938
1446,2018,119.54
1446,2019,119.745
1446,2020,119.592
1446,2021,119.599
1446,2022,119.41
1447,2012,114.226
1447,2013,113.713
1447,2014,113.625
1447,2015,114.067
1447,2016,113.388
1447,2017,113.696
1447,2018,114.038
1447,2019,114.168
1447,2020,113.726
1447,2021,113.914
1447,2022,113.961
1452,2012,119.895
1452,2013,119.86
1452,2014,119.847
1452,2015,120.115
1452,2016,119.991
1452,2017,120.08
1452,2018,120.05
1452,2019,120.145
1452,2020,119.924
1452,2021,119.943
1452,2022,119.729
1460,2012,114.036
1460,2013,114.033
1460,2014,113.822
1460,2015,113.641
1460,2016,113.596
1460,2017,113.926
1460,2018,113.955
1460,2019,113.906
1460,2020,114.02
1460,2021,113.884
1460,2022,113.979
1461,2012,116.402
1461,2013,116.607
1461,2014,116.21
1461,2015,116.226
1461,2016,115.919
1461,2017,115.978
1461,2018,115.895
1461,2019,115.165
1461,2020,115.873
1461,2021,115.794
1461,2022,115.833
1462,2012,110.801
1462,2013,110.57
1462,2014,109.677
1462,2015,109.937
1462,2016,109.878
1462,2017,109.865
1462,2018,110.282
1462,2019,110.365
1462,2020,110.326
1462,2021,110.505
1462,2022,110.803
1463,2012,116.631
1463,2013,116.6
1463,2014,116.748
1463,2015,116.781
1463,2016,116.548
1463,2017,116.698
1463,2018,116.658
1463,2019,116.823
1463,2020,117.167
1463,2021,117.419
1463,2022,117.586
1465,2012,117.773
1465,2013,117.594
1465,2014,117.674
1465,2015,117.521
1465,2016,117.387
1465,2017,117.138
1465,2018,117.102
1465,2019,116.867
1465,2020,116.663
1465,2021,116.587
1465,2022,116.244
1466,2012,119.332
1466,2013,119.448
1466,2014,119.425
1466,2015,119.402
1466,2016,119.332
1466,2017,119.25
1466,2018,119.264
1466,2019,119.261
1466,2020,119.223
1466,2021,119.342
1466,2022,119.284
1470,2012,123.757
1470,2013,123.507
1470,2014,123.686
1470,2015,123.655
1470,2016,123.458
1470,2017,123.514
1470,2018,123.455
1470,2019,123.609
1470,2020,123.694
1470,2021,123.63
1470,2022,123.613
1471,2012,122.449
1471,2013,122.603
1471,2014,122.629
1471,2015,122.721
1471,2016,122.584
1471,2017,122.339
1471,2018,122.355
1471,2019,122.276
1471,2020,122.279
1471,2021,121.922
1471,2022,122.083
1472,2012,122.071
1472,2013,121.862
1472,2014,122.107
1472,2015,121.996
1472,2016,121.843
1472,2017,121.81
1472,2018,121.383
1472,2019,121.337
1472,2020,121.41
1472,2021,121.223
1472,2022,121.168
1473,2012,120.775
1473,2013,120.744
1473,2014,121.286
1473,2015,121.048
1473,2016,120.749
1473,2017,120.645
1473,2018,120.633
1473,2019,120.644
1473,2020,120.956
1473,2021,120.617
1473,2022,120.864
1480,2012,127.866
1480,2013,127.746
1480,2014,127.777
1480,2015,127.668
1480,2016,127.528
1480,2017,128.703
1480,2018,128.797
1480,2019,128.784
1480,2020,128.905
1480,2021,128.995
1480,2022,129.535
1481,2012,119.875
1481,2013,119.937
1481,2014,120.077
1481,2015,120.171
1481,2016,120.234
1481,2017,120.28
1481,2018,120.364
1481,2019,120.399
1481,2020,120.454
1481,2021,120.508
1481,2022,120.743
1482,2012,115.55
1482,2013,115.446
1482,2014,115.712
1482,2015,116.111
1482,2016,116.165
1482,2017,116.581
1482,2018,116.828
1482,2019,117.382
1482,2020,117.473
1482,2021,117.496
1482,2022,117.438
1484,2012,115.499
1484,2013,115.326
1484,2014,115.569
1484,2015,115.349
1484,2016,115.409
1484,2017,115.376
1484,2018,115.342
1484,2019,115.338
1484,2020,115.615
1484,2021,115.89
1484,2022,115.834
1485,2012,118.272
1485,2013,118.066
1485,2014,118.209
1485,2015,118.188
1485,2016,118.106
1485,2017,118.179
1485,2018,118.125
1485,2019,118.408
1485,2020,118.377
1485,2021,118.244
1485,2022,118.268
1486,2012,112.841
1486,2013,113.174
1486,2014,113.719
1486,2015,113.97
1486,2016,114.625
1486,2017,114.827
1486,2018,114.794
1486,2019,115.217
1486,2020,115.358
1486,2021,116.325
1486,2022,116.634
1487,2012,119.861
1487,2013,119.874
1487,2014,119.871
1487,2015,120.038
1487,2016,119.985
1487,2017,119.785
1487,2018,119.533
1487,2019,119.483
1487,2020,119.218
1487,2021,119.486
1487,2022,119.459
1488,2012,123.73
1488,2013,123.764
1488,2014,124.123
1488,2015,124.533
1488,2016,124.382
1488,2017,124.43
1488,2018,124.471
1488,2019,124.403
1488,2020,124.78
1488,2021,124.76
1488,2022,124.695
1489,2012,121.294
1489,2013,121.319
1489,2014,121.475
1489,2015,121.609
1489,2016,121.751
1489,2017,122.342
1489,2018,122.369
1489,2019,122.263
1489,2020,122.336
1489,2021,122.235
1489,2022,122.517
1490,2012,123.387
1490,2013,123.362
1490,2014,123.316
1490,2015,123.269
1490,2016,123.219
1490,2017,123.161
1490,2018,123.227
1490,2019,123.366
1490,2020,123.192
1490,2021,123.289
1490,2022,123.505
1491,2012,125.215
1491,2013,125.131
1491,2014,125.134
1491,2015,124.938
1491,2016,124.821
1491,2017,124.89
1491,2018,124.858
1491,2019,124.662
1491,2020,124.557
1491,2021,124.643
1491,2022,124.557
1492,2012,121.706
1492,2013,121.734
1492,2014,121.669
1492,2015,122.05
1492,2016,121.972
1492,2017,121.846
1492,2018,121.782
1492,2019,121.595
1492,2020,121.603
1492,2021,121.436
1492,2022,121.731
1493,2012,121.095
1493,2013,121.235
1493,2014,120.982
1493,2015,120.968
1493,2016,120.848
1493,2017,120.724
1493,2018,120.765
1493,2019,120.793
1493,2020,120.731
1493,2021,120.793
1493,2022,121.066
1494,2012,126.463
1494,2013,126.432
1494,2014,126.519
1494,2015,126.269
1494,2016,126.214
1494,2017,126.223
1494,2018,126.432
1494,2019,126.452
1494,2020,126.436
1494,2021,126.421
1494,2022,126.375
1495,2012,127.243
1495,2013,126.964
1495,2014,127.09
1495,2015,127.112
1495,2016,127.256
1495,2017,127.176
1495,2018,127.216
1495,2019,127.049
1495,2020,126.889
1495,2021,126.821
1495,2022,127.163
1496,2012,126.17
1496,2013,126.047
1496,2014,126.089
1496,2015,126.187
1496,2016,126.015
1496,2017,125.958
1496,2018,125.94
1496,2019,126.136
1496,2020,126.142
1496,2021,126.109
1496,2022,126.04
1497,2012,126.294
1497,2013,126.462
1497,2014,126.212
1497,2015,126.076
1497,2016,125.994
1497,2017,125.676
1497,2018,125.841
1497,2019,125.598
1497,2020,125.408
1497,2021,125.378
1497,2022,125.372
1498,2012,121.245
1498,2013,121.051
1498,2014,121.127
1498,2015,120.746
1498,2016,120.752
1498,2017,120.701
1498,2018,121.045
1498,2019,120.92
1498,2020,121.041
1498,2021,121.21
1498,2022,121.307
1499,2012,126.555
1499,2013,126.633
1499,2014,126.42
1499,2015,126.518
1499,2016,126.364
1499,2017,126.516
1499,2018,126.666
1499,2019,126.565
1499,2020,126.49
1499,2021,126.444
1499,2022,126.346
1715,2012,121.397
1715,2013,121.131
1715,2014,121.163
1715,2015,121.188
1715,2016,120.878
1715,2017,121.026
1715,2018,120.873
1715,2019,120.562
1715,2020,120.681
1715,2021,120.667
1715,2022,120.792
1730,2012,112.479
1730,2013,112.926
1730,2014,112.699
1730,2015,112.396
1730,2016,112.603
1730,2017,112.747
1730,2018,112.469
1730,2019,112.521
1730,2020,112.381
1730,2021,112.377
1730,2022,112.665
1737,2012,113.412
1737,2013,113.438
1737,2014,113.763
1737,2015,113.858
1737,2016,113.85
1737,2017,113.969
1737,2018,114.072
1737,2019,114.055
1737,2020,113.887
1737,2021,113.93
1737,2022,114.18
1760,2012,114.441
1760,2013,114.64
1760,2014,114.137
1760,2015,114.436
1760,2016,113.422
1760,2017,113.361
1760,2018,113.732
1760,2019,113.993
1760,2020,113.929
1760,2021,113.754
1760,2022,114.006
1761,2012,125.341
1761,2013,125.326
1761,2014,125.497
1761,2015,125.553
1761,2016,125.475
1761,2017,125.504
1761,2018,126.108
1761,2019,125.971
1761,2020,126.511
1761,2021,126.347
1761,2022,126.29
1762,2012,114.383
1762,2013,114.687
1762,2014,114.914
1762,2015,114.656
1762,2016,114.301
1762,2017,114.47
1762,2018,114.079
1762,2019,113.767
1762,2020,113.8
1762,2021,114.035
1762,2022,114.017
1763,2012,120.881
1763,2013,120.814
1763,2014,120.824
1763,2015,120.746
1763,2016,120.842
1763,2017,120.744
1763,2018,120.73
1763,2019,120.89
1763,2020,121.006
1763,2021,121.021
1763,2022,121.113
1764,2012,116.916
1764,2013,116.84
1764,2014,116.963
1764,2015,117.122
1764,2016,117.128
1764,2017,116.975
1764,2018,116.898
1764,2019,116.869
1764,2020,116.68
1764,2021,116.753
1764,2022,116.668
1765,2012,113.034
1765,2013,113.175
1765,2014,112.798
1765,2015,112.8
1765,2016,112.516
1765,2017,112.462
1765,2018,112.706
1765,2019,112.33
1765,2020,112.38
1765,2021,112.313
1765,2022,112.646
1766,2012,118.032
1766,2013,117.983
1766,2014,117.88
1766,2015,117.87
1766,2016,117.613
1766,2017,117.478
1766,2018,117.354
1766,2019,116.966
1766,2020,117.037
1766,2021,117.192
1766,2022,117.083
1780,2012,127.547
1780,2013,127.478
1780,2014,127.392
1780,2015,127.381
1780,2016,127.29
1780,2017,127.276
1780,2018,127.424
1780,2019,127.163
1780,2020,127.103
1780,2021,127.189
1780,2022,127.215
1781,2012,119.578
1781,2013,119.561
1781,2014,119.453
1781,2015,119.642
1781,2016,119.575
1781,2017,119.488
1781,2018,119.552
1781,2019,119.431
1781,2020,119.303
1781,2021,119.29
1781,2022,119.42
1782,2012,114.912
1782,2013,115.088
1782,2014,114.649
1782,2015,114.651
1782,2016,114.088
1782,2017,114.225
1782,2018,114.246
1782,2019,114.057
1782,2020,114.156
1782,2021,114.25
1782,2022,114.698
1783,2012,114.236
1783,2013,114.118
1783,2014,114.127
1783,2015,114.23
1783,2016,114.345
1783,2017,114.546
1783,2018,114.332
1783,2019,114.439
1783,2020,114.364
1783,2021,114.057
1783,2022,114.192
1784,2012,117.524
1784,2013,117.681
1784,2014,117.704
1784,2015,117.558
1784,2016,117.334
1784,2017,117.462
1784,2018,117.268
1784,2019,117.253
1784,2020,117.17
1784,2021,117.304
1784,2022,117.196
1785,2012,123.699
1785,2013,123.776
1785,2014,123.947
1785,2015,124.03
1785,2016,123.895
1785,2017,123.725
1785,2018,123.8
1785,2019,123.907
1785,2020,123.756
1785,2021,123.563
1785,2022,123.636
1814,2012,119.115
1814,2013,119.095
1814,2014,119.035
1814,2015,118.749
1814,2016,118.848
1814,2017,120.539
1814,2018,120.549
1814,2019,121.003
1814,2020,120.51
1814,2021,120.711
1814,2022,120.674
1860,2012,116.81
1860,2013,117.091
1860,2014,117.016
1860,2015,117.018
1860,2016,117.073
1860,2017,116.917
1860,2018,116.855
1860,2019,117.074
1860,2020,116.527
1860,2021,116.644
1860,2022,116.677
1861,2012,119.054
1861,2013,119.1
1861,2014,119.19
1861,2015,119.263
1861,2016,119.076
1861,2017,119.094
1861,2018,119.143
1861,2019,118.9
1861,2020,118.366
1861,2021,118.288
1861,2022,118.435
1862,2012,113.588
1862,2013,113.547
1862,2014,113.359
1862,2015,113.166
1862,2016,113.115
1862,2017,112.988
1862,2018,112.741
1862,2019,112.732
1862,2020,112.99
1862,2021,112.967
1862,2022,112.641
1863,2012,110.958
1863,2013,111.166
1863,2014,110.927
1863,2015,110.684
1863,2016,110.354
1863,2017,110.613
1863,2018,110.48
1863,2019,110.856
1863,2020,110.367
1863,2021,110.773
1863,2022,111.001
1864,2012,113.078
1864,2013,113.173
1864,2014,113.001
1864,2015,112.835
1864,2016,112.495
1864,2017,113.133
1864,2018,113.437
1864,2019,113.601
1864,2020,114.016
1864,2021,113.829
1864,2022,113.738
1880,2012,122.617
1880,2013,122.679
1880,2014,122.674
1880,2015,122.918
1880,2016,122.994
1880,2017,123.29
1880,2018,123.35
1880,2019,123.582
1880,2020,123.801
1880,2021,123.958
1880,2022,124.18
1881,2012,119.178
1881,2013,119.364
1881,2014,119.447
1881,2015,119.718
1881,2016,119.852
1881,2017,119.587
1881,2018,119.543
1881,2019,119.631
1881,2020,119.794
1881,2021,119.685
1881,2022,119.832
1882,2012,119.068
1882,2013,119.095
1882,2014,118.844
1882,2015,118.35
1882,2016,118.328
1882,2017,118.222
1882,2018,118.103
1882,2019,118.197
1882,2020,118.016
1882,2021,117.854
1882,2022,117.588
1883,2012,118.406
1883,2013,118.411
1883,2014,118.543
1883,2015,118.486
1883,2016,118.542
1883,2017,118.228
1883,2018,118.284
1883,2019,118.272
1883,2020,118.151
1883,2021,118.455
1883,2022,119.557
1884,2012,119.556
1884,2013,119.449
1884,2014,118.983
1884,2015,118.877
1884,2016,118.964
1884,2017,118.734
1884,2018,118.43
1884,2019,118.722
1884,2020,118.945
1884,2021,118.826
1884,2022,118.927
1885,2012,120.206
1885,2013,120.266
1885,2014,120.276
1885,2015,120.367
1885,2016,120.37
1885,2017,120.222
1885,2018,120.102
1885,2019,120.075
1885,2020,120.072
1885,2021,119.783
1885,2022,119.768
1904,2012,115.559
1904,2013,115.155
1904,2014,115.157
1904,2015,115.809
1904,2016,115.73
1904,2017,115.955
1904,2018,115.937
1904,2019,115.549
1904,2020,114.769
1904,2021,115.204
1904,2022,115.035
1907,2012,118.904
1907,2013,118.807
1907,2014,118.823
1907,2015,119.033
1907,2016,118.828
1907,2017,118.664
1907,2018,118.804
1907,2019,118.751
1907,2020,118.756
1907,2021,118.456
1907,2022,118.724
1960,2012,119.183
1960,2013,119.305
1960,2014,119.333
1960,2015,119.203
1960,2016,119.189
1960,2017,119.242
1960,2018,119.093
1960,2019,118.737
1960,2020,118.661
1960,2021,118.808
1960,2022,118.495
1961,2012,118.282
1961,2013,118.388
1961,2014,118.364
1961,2015,118.459
1961,2016,118.236
1961,2017,118.367
1961,2018,118.103
1961,2019,118.096
1961,2020,118.052
1961,2021,117.874
1961,2022,118.059
1962,2012,121.09
1962,2013,121.277
1962,2014,121.171
1962,2015,121.128
1962,2016,120.739
1962,2017,120.903
1962,2018,121.029
1962,2019,120.927
1962,2020,120.583
1962,2021,120.736
1962,2022,121.03
1980,2012,127.379
1980,2013,127.427
1980,2014,127.457
1980,2015,127.647
1980,2016,127.658
1980,2017,127.771
1980,2018,128.096
1980,2019,128.193
1980,2020,128.172
1980,2021,128.37
1980,2022,128.697
1981,2012,120.417
1981,2013,120.478
1981,2014,120.48
1981,2015,120.297
1981,2016,120.143
1981,2017,120.109
1981,2018,120.115
1981,2019,119.781
1981,2020,119.871
1981,2021,119.728
1981,2022,119.735
1982,2012,118.798
1982,2013,118.872
1982,2014,118.733
1982,2015,119.023
1982,2016,118.72
1982,2017,119.0
1982,2018,118.75
1982,2019,118.876
1982,2020,118.953
1982,2021,118.743
1982,2022,119.114
1983,2012,122.987
1983,2013,122.895
1983,2014,122.758
1983,2015,123.036
1983,2016,122.966
1983,2017,122.988
1983,2018,122.834
1983,2019,122.922
1983,2020,122.721
1983,2021,122.813
1983,2022,122.881
1984,2012,119.132
1984,2013,119.054
1984,2014,118.813
1984,2015,118.733
1984,2016,118.799
1984,2017,118.673
1984,2018,119.135
1984,2019,119.396
1984,2020,119.378
1984,2021,119.356
1984,2022,119.431
2021,2012,112.922
2021,2013,112.736
2021,2014,112.517
2021,2015,112.738
2021,2016,112.607
2021,2017,112.549
2021,2018,112.581
2021,2019,112.327
2021,2020,112.025
2021,2021,111.775
2021,2022,111.892
2023,2012,115.14
2023,2013,115.123
2023,2014,115.041
2023,2015,114.911
2023,2016,115.02
2023,2017,114.988
2023,2018,114.943
2023,2019,114.82
2023,2020,114.725
2023,2021,114.558
2023,2022,114.137
2026,2012,113.634
2026,2013,113.507
2026,2014,113.402
2026,2015,113.503
2026,2016,113.413
2026,2017,113.31
2026,2018,113.277
2026,2019,113.079
2026,2020,112.79
2026,2021,112.711
2026,2022,112.806
2029,2012,113.385
2029,2013,113.359
2029,2014,113.424
2029,2015,113.326
2029,2016,113.237
2029,2017,113.115
2029,2018,112.933
2029,2019,112.676
2029,2020,113.106
2029,2021,112.851
2029,2022,112.857
2031,2012,114.784
2031,2013,114.242
2031,2014,114.125
2031,2015,114.016
2031,2016,113.909
2031,2017,113.819
2031,2018,113.693
2031,2019,113.58
2031,2020,113.365
2031,2021,113.315
2031,2022,113.397
2034,2012,113.156
2034,2013,113.423
2034,2014,113.264
2034,2015,113.087
2034,2016,113.449
2034,2017,113.38
2034,2018,112.702
2034,2019,113.1
2034,2020,112.803
2034,2021,112.627
2034,2022,112.901
2039,2012,108.651
2039,2013,108.134
2039,2014,108.281
2039,2015,108.188
2039,2016,108.137
2039,2017,108.204
2039,2018,107.975
2039,2019,108.352
2039,2020,108.132
2039,2021,107.936
2039,2022,108.31
2061,2012,113.355
2061,2013,113.453
2061,2014,113.351
2061,2015,113.521
2061,2016,113.204
2061,2017,113.033
2061,2018,112.78
2061,2019,112.77
2061,2020,112.662
2061,2021,112.935
2061,2022,113.066
2062,2012,110.96
2062,2013,111.156
2062,2014,110.994
2062,2015,111.144
2062,2016,111.25
2062,2017,111.095
2062,2018,111.129
2062,2019,111.01
2062,2020,110.791
2062,2021,110.665
2062,2022,110.645
2080,2012,122.378
2080,2013,122.322
2080,2014,122.344
2080,2015,122.218
2080,2016,122.093
2080,2017,122.17
2080,2018,122.121
2080,2019,122.097
2080,2020,121.996
2080,2021,121.72
2080,2022,121.749
2081,2012,117.425
2081,2013,117.416
2081,2014,117.522
2081,2015,117.498
2081,2016,117.363
2081,2017,117.502
2081,2018,117.722
2081,2019,117.631
2081,2020,117.615
2081,2021,117.661
2081,2022,117.598
2082,2012,118.453
2082,2013,118.385
2082,2014,118.296
2082,2015,118.181
2082,2016,117.838
2082,2017,118.128
2082,2018,118.1
2082,2019,118.121
2082,2020,118.292
2082,2021,118.261
2082,2022,118.556
2083,2012,118.074
2083,2013,117.675
2083,2014,117.473
2083,2015,117.472
2083,2016,117.172
2083,2017,116.978
2083,2018,116.872
2083,2019,117.022
2083,2020,117.106
2083,2021,117.303
2083,2022,116.829
2084,2012,118.097
2084,2013,117.997
2084,2014,118.105
2084,2015,118.1
2084,2016,117.883
2084,2017,117.732
2084,2018,117.848
2084,2019,117.867
2084,2020,117.808
2084,2021,117.778
2084,2022,117.771
2085,2012,114.364
2085,2013,114.283
2085,2014,114.208
2085,2015,114.342
2085,2016,114.212
2085,2017,114.149
2085,2018,114.302
2085,2019,114.142
2085,2020,114.18
2085,2021,114.135
2085,2022,114.415
2101,2012,112.963
2101,2013,112.822
2101,2014,112.44
2101,2015,111.9
2101,2016,111.929
2101,2017,111.843
2101,2018,112.259
2101,2019,112.171
2101,2020,112.23
2101,2021,112.332
2101,2022,112.255
2104,2012,111.785
2104,2013,111.776
2104,2014,111.989
2104,2015,111.9
2104,2016,112.11
2104,2017,111.834
2104,2018,111.59
2104,2019,111.552
2104,2020,111.886
2104,2021,112.002
2104,2022,111.8
2121,2012,122.225
2121,2013,122.463
2121,2014,122.613
2121,2015,122.611
2121,2016,122.789
2121,2017,122.581
2121,2018,122.751
2121,2019,122.922
2121,2020,122.702
2121,2021,122.532
2121,2022,122.525
2132,2012,120.281
2132,2013,120.133
2132,2014,120.018
2132,2015,119.965
2132,2016,119.797
2132,2017,119.811
2132,2018,119.814
2132,2019,119.723
2132,2020,119.548
2132,2021,119.206
2132,2022,119.167
2161,2012,116.999
2161,2013,117.188
2161,2014,117.104
2161,2015,117.108
2161,2016,116.617
2161,2017,116.656
2161,2018,116.661
2161,2019,116.741
2161,2020,116.759
2161,2021,116.735
2161,2022,117.179
2180,2012,113.076
2180,2013,113.273
2180,2014,113.505
2180,2015,113.629
2180,2016,113.606
2180,2017,113.671
2180,2018,113.713
2180,2019,113.809
2180,2020,113.962
2180,2021,114.05
2180,2022,114.428
2181,2012,115.394
2181,2013,115.362
2181,2014,115.478
2181,2015,115.479
2181,2016,115.319
2181,2017,115.304
2181,2018,115.26
2181,2019,115.158
2181,2020,115.004
2181,2021,114.95
2181,2022,115.275
2182,2012,115.643
2182,2013,115.728
2182,2014,115.849
2182,2015,115.832
2182,2016,115.778
2182,2017,115.432
2182,2018,115.573
2182,2019,115.751
2182,2020,116.454
2182,2021,116.339
2182,2022,116.162
2183,2012,117.119
2183,2013,117.006
2183,2014,117.272
2183,2015,117.356
2183,2016,117.422
2183,2017,117.271
2183,2018,117.363
2183,2019,117.235
2183,2020,117.312
2183,2021,117.125
2183,2022,117.308
2184,2012,118.787
2184,2013,118.577
2184,2014,118.643
2184,2015,118.619
2184,2016,118.526
2184,2017,118.258
2184,2018,118.224
2184,2019,118.263
2184,2020,118.205
2184,2021,118.097
2184,2022,118.696
2260,2012,118.666
2260,2013,118.898
2260,2014,118.805
2260,2015,118.79
2260,2016,118.8
2260,2017,118.63
2260,2018,118.691
2260,2019,119.153
2260,2020,119.315
2260,2021,119.614
2260,2022,119.669
2262,2012,116.076
2262,2013,116.145
2262,2014,116.424
2262,2015,116.382
2262,2016,116.833
2262,2017,116.978
2262,2018,116.949
2262,2019,116.931
2262,2020,116.965
2262,2021,116.869
2262,2022,117.038
2280,2012,123.551
2280,2013,123.544
2280,2014,123.378
2280,2015,123.383
2280,2016,123.132
2280,2017,123.017
2280,2018,122.996
2280,2019,122.784
2280,2020,122.746
2280,2021,122.744
2280,2022,122.846
2281,2012,121.35
2281,2013,121.429
2281,2014,121.366
2281,2015,121.187
2281,2016,121.126
2281,2017,121.052
2281,2018,120.885
2281,2019,120.97
2281,2020,120.743
2281,2021,120.699
2281,2022,120.733
2282,2012,117.643
2282,2013,117.476
2282,2014,117.346
2282,2015,117.193
2282,2016,117.236
2282,2017,117.264
2282,2018,117.488
2282,2019,117.412
2282,2020,117.443
2282,2021,117.684
2282,2022,117.644
2283,2012,117.964
2283,2013,118.145
2283,2014,117.637
2283,2015,117.701
2283,2016,117.855
2283,2017,117.95
2283,2018,118.023
2283,2019,118.19
2283,2020,118.477
2283,2021,118.223
2283,2022,118.446
2284,2012,123.648
2284,2013,123.801
2284,2014,123.605
2284,2015,123.577
2284,2016,123.471
2284,2017,123.705
2284,2018,123.733
2284,2019,123.726
2284,2020,123.798
2284,2021,123.863
2284,2022,124.009
2303,2012,114.993
2303,2013,115.109
2303,2014,115.215
2303,2015,115.121
2303,2016,115.204
2303,2017,114.996
2303,2018,115.261
2303,2019,115.371
2303,2020,115.162
2303,2021,115.409
2303,2022,115.634
2305,2012,121.318
2305,2013,121.063
2305,2014,120.974
2305,2015,121.188
2305,2016,120.751
2305,2017,120.68
2305,2018,120.679
2305,2019,120.244
2305,2020,120.626
2305,2021,120.1
2305,2022,120.344
2309,2012,118.059
2309,2013,118.056
2309,2014,118.576
2309,2015,118.612
2309,2016,118.619
2309,2017,118.745
2309,2018,119.044
2309,2019,119.29
2309,2020,119.332
2309,2021,119.74
2309,2022,119.845
2313,2012,111.134
2313,2013,111.063
2313,2014,111.083
2313,2015,111.15
2313,2016,110.991
2313,2017,111.013
2313,2018,111.106
2313,2019,110.933
2313,2020,111.254
2313,2021,111.114
2313,2022,111.138
2321,2012,114.508
2321,2013,114.702
2321,2014,114.696
2321,2015,114.658
2321,2016,114.637
2321,2017,114.691
2321,2018,114.862
2321,2019,114.182
2321,2020,114.619
2321,2021,114.616
2321,2022,114.311
2326,2012,112.363
2326,2013,112.539
2326,2014,112.404
2326,2015,112.499
2326,2016,112.363
2326,2017,112.498
2326,2018,112.381
2326,2019,112.559
2326,2020,112.553
2326,2021,112.639
2326,2022,112.504
2361,2012,109.304
2361,2013,109.359
2361,2014,108.963
2361,2015,108.515
2361,2016,108.456
2361,2017,108.992
2361,2018,109.055
2361,2019,109.095
2361,2020,109.183
2361,2021,108.857
2361,2022,108.867
2380,2012,120.472
2380,2013,120.316
2380,2014,120.512
2380,2015,120.751
2380,2016,120.733
2380,2017,120.546
2380,2018,120.63
2380,2019,120.527
2380,2020,120.68
2380,2021,120.798
2380,2022,121.049
2401,2012,125.422
2401,2013,125.276
2401,2014,124.721
2401,2015,124.706
2401,2016,124.538
2401,2017,124.416
2401,2018,124.461
2401,2019,124.121
2401,2020,123.939
2401,2021,123.913
2401,2022,123.848
2403,2012,119.708
2403,2013,120.1
2403,2014,120.281
2403,2015,120.154
2403,2016,119.808
2403,2017,119.272
2403,2018,119.343
2403,2019,119.61
2403,2020,119.465
2403,2021,119.837
2403,2022,119.555
2404,2012,123.508
2404,2013,123.456
2404,2014,123.019
2404,2015,123.175
2404,2016,123.129
2404,2017,123.117
2404,2018,122.981
2404,2019,122.702
2404,2020,122.415
2404,2021,122.841
2404,2022,122.771
2409,2012,123.63
2409,2013,123.699
2409,2014,123.186
2409,2015,123.084
2409,2016,122.926
2409,2017,122.766
2409,2018,122.586
2409,2019,122.477
2409,2020,122.345
2409,2021,122.316
2409,2022,121.968
2417,2012,120.119
2417,2013,119.808
2417,2014,119.668
2417,2015,119.801
2417,2016,120.089
2417,2017,119.987
2417,2018,119.93
2417,2019,119.684
2417,2020,120.018
2417,2021,120.232
2417,2022,119.958
2418,2012,109.22
2418,2013,109.617
2418,2014,108.828
2418,2015,108.843
2418,2016,109.384
2418,2017,109.624
2418,2018,109.701
2418,2019,109.857
2418,2020,109.845
2418,2021,109.902
2418,2022,110.496
2421,2012,109.203
2421,2013,109.557
2421,2014,109.091
2421,2015,109.663
2421,2016,109.921
2421,2017,110.113
2421,2018,110.38
2421,2019,110.288
2421,2020,110.5
2421,2021,109.999
2421,2022,110.376
2422,2012,105.631
2422,2013,105.589
2422,2014,104.781
2422,2015,105.064
2422,2016,105.038
2422,2017,105.052
2422,2018,104.834
2422,2019,105.241
2422,2020,105.498
2422,2021,105.551
2422,2022,105.401
2425,2012,112.511
2425,2013,112.557
2425,2014,110.043
2425,2015,110.405
2425,2016,110.332
2425,2017,110.384
2425,2018,110.238
2425,2019,110.27
2425,2020,110.214
2425,2021,110.262
2425,2022,110.467
2460,2012,125.107
2460,2013,125.173
2460,2014,125.234
2460,2015,125.123
2460,2016,125.021
2460,2017,125.153
2460,2018,125.105
2460,2019,125.262
2460,2020,125.294
2460,2021,125.653
2460,2022,125.629
2462,2012,106.896
2462,2013,106.9
2462,2014,106.674
2462,2015,106.959
2462,2016,107.059
2462,2017,106.97
2462,2018,107.225
2462,2019,107.269
2462,2020,106.842
2462,2021,107.038
2462,2022,107.388
2463,2012,120.478
2463,2013,120.385
2463,2014,119.663
2463,2015,119.411
2463,2016,119.729
2463,2017,119.982
2463,2018,120.717
2463,2019,120.197
2463,2020,120.382
2463,2021,120.749
2463,2022,120.822
2480,2012,126.959
2480,2013,127.046
2480,2014,127.015
2480,2015,127.1
2480,2016,126.818
2480,2017,126.953
2480,2018,127.25
2480,2019,127.248
2480,2020,127.226
2480,2021,126.987
2480,2022,127.033
2481,2012,118.872
2481,2013,118.968
2481,2014,118.588
2481,2015,118.52
2481,2016,118.459
2481,2017,118.437
2481,2018,118.572
2481,2019,118.255
2481,2020,118.408
2481,2021,118.362
2481,2022,118.483
2482,2012,121.018
2482,2013,121.004
2482,2014,121.03
2482,2015,121.019
2482,2016,120.82
2482,2017,120.8
2482,2018,120.781
2482,2019,120.854
2482,2020,120.854
2482,2021,120.623
2482,2022,120.462
2505,2012,113.602
2505,2013,113.789
2505,2014,113.461
2505,2015,112.751
2505,2016,112.863
2505,2017,112.713
2505,2018,112.452
2505,2019,112.547
2505,2020,112.463
2505,2021,112.287
2505,2022,112.819
2506,2012,104.762
2506,2013,104.753
2506,2014,104.894
2506,2015,104.882
2506,2016,104.843
2506,2017,105.001
2506,2018,105.326
2506,2019,105.088
2506,2020,105.135
2506,2021,104.746
2506,2022,104.431
2510,2012,101.312
2510,2013,100.964
2510,2014,101.007
2510,2015,101.124
2510,2016,101.213
2510,2017,101.536
2510,2018,101.339
2510,2019,101.162
2510,2020,101.349
2510,2021,101.647
2510,2022,101.471
2513,2012,115.045
2513,2013,115.258
2513,2014,114.684
2513,2015,115.108
2513,2016,114.871
2513,2017,114.986
2513,2018,115.121
2513,2019,114.723
2513,2020,114.694
2513,2021,114.606
2513,2022,114.672
2514,2012,114.231
2514,2013,114.228
2514,2014,114.283
2514,2015,114.411
2514,2016,114.485
2514,2017,114.538
2514,2018,114.47
2514,2019,114.408
2514,2020,114.39
2514,2021,114.475
2514,2022,114.784
2518,2012,116.031
2518,2013,115.947
2518,2014,115.995
2518,2015,115.251
2518,2016,115.431
2518,2017,115.529
2518,2018,115.909
2518,2019,116.233
2518,2020,116.127
2518,2021,115.818
2518,2022,115.69
2521,2012,109.97
2521,2013,109.896
2521,2014,109.572
2521,2015,109.711
2521,2016,109.923
2521,2017,109.848
2521,2018,110.083
2521,2019,110.396
2521,2020,110.498
2521,2021,109.961
2521,2022,109.998
2523,2012,113.975
2523,2013,114.027
2523,2014,113.793
2523,2015,113.652
2523,2016,113.928
2523,2017,113.985
2523,2018,112.104
2523,2019,112.053
2523,2020,111.979
2523,2021,112.208
2523,2022,112.479
2560,2012,112.964
2560,2013,112.711
2560,2014,112.664
2560,2015,112.771
2560,2016,113.058
2560,2017,113.171
2560,2018,113.33
2560,2019,113.539
2560,2020,113.508
2560,2021,113.445
2560,2022,113.613
2580,2012,119.421
2580,2013,119.396
2580,2014,119.477
2580,2015,119.554
2580,2016,119.413
2580,2017,119.49
2580,2018,119.002
2580,2019,118.999
2580,2020,118.894
2580,2021,118.674
2580,2022,118.73
2581,2012,117.865
2581,2013,117.848
2581,2014,117.846
2581,2015,117.915
2581,2016,117.975
2581,2017,118.019
2581,2018,117.921
2581,2019,117.711
2581,2020,117.756
2581,2021,117.74
2581,2022,117.869
2582,2012,117.475
2582,2013,117.056
2582,2014,117.296
2582,2015,117.265
2582,2016,117.355
2582,2017,117.492
2582,2018,117.875
2582,2019,118.202
2582,2020,117.816
2582,2021,117.78
2582,2022,117.946
2583,2012,114.078
2583,2013,114.169
2583,2014,114.499
2583,2015,114.778
2583,2016,114.572
2583,2017,114.497
2583,2018,114.434
2583,2019,114.259
2583,2020,114.268
2583,2021,114.24
2583,2022,114.551
2584,2012,114.526
2584,2013,114.344
2584,2014,114.237
2584,2015,114.072
2584,2016,113.989
2584,2017,113.983
2584,2018,113.931
2584,2019,114.036
2584,2020,114.403
2584,2021,114.284
2584,2022,114.067
