kommun,year,mean_trangbodd_hyres
0114,2012,0.255
0114,2013,0.276
0114,2014,0.284
0114,2015,0.296
0114,2016,0.313
0114,2017,0.318
0114,2018,0.315
0114,2019,0.315
0114,2020,0.31
0114,2021,0.312
0114,2022,0.312
0115,2012,0.331
0115,2013,0.345
0115,2014,0.402
0115,2015,0.278
0115,2016,0.278
0115,2017,0.289
0115,2018,0.312
0115,2019,0.335
0115,2020,0.367
0115,2021,0.339
0115,2022,0.338
0117,2012,0.247
0117,2013,0.243
0117,2014,0.281
0117,2015,0.262
0117,2016,0.247
0117,2017,0.258
0117,2018,0.273
0117,2019,0.258
0117,2020,0.256
0117,2021,0.276
0117,2022,0.287
0120,2012,0.345
0120,2013,0.347
0120,2014,0.343
0120,2015,0.33
0120,2016,0.302
0120,2017,0.324
0120,2018,0.318
0120,2019,0.306
0120,2020,0.309
0120,2021,0.31
0120,2022,0.298
0123,2012,0.269
0123,2013,0.298
0123,2014,0.316
0123,2015,0.314
0123,2016,0.333
0123,2017,0.343
0123,2018,0.355
0123,2019,0.343
0123,2020,0.338
0123,2021,0.326
0123,2022,0.328
0125,2012,0.24
0125,2013,0.242
0125,2014,0.237
0125,2015,0.246
0125,2016,0.257
0125,2017,0.272
0125,2018,0.287
0125,2019,0.291
0125,2020,0.276
0125,2021,0.279
0125,2022,0.269
0126,2012,0.338
0126,2013,0.351
0126,2014,0.361
0126,2015,0.372
0126,2016,0.367
0126,2017,0.371
0126,2018,0.37
0126,2019,0.367
0126,2020,0.357
0126,2021,0.343
0126,2022,0.336
0127,2012,0.364
0127,2013,0.375
0127,2014,0.383
0127,2015,0.382
0127,2016,0.393
0127,2017,0.393
0127,2018,0.391
0127,2019,0.38
0127,2020,0.365
0127,2021,0.353
0127,2022,0.342
0128,2012,0.295
0128,2013,0.304
0128,2014,0.307
0128,2015,0.327
0128,2016,0.335
0128,2017,0.339
0128,2018,0.33
0128,2019,0.318
0128,2020,0.298
0128,2021,0.282
0128,2022,0.3
0136,2012,0.34
0136,2013,0.366
0136,2014,0.383
0136,2015,0.383
0136,2016,0.376
0136,2017,0.381
0136,2018,0.382
0136,2019,0.385
0136,2020,0.368
0136,2021,0.356
0136,2022,0.352
0138,2012,0.256
0138,2013,0.263
0138,2014,0.26
0138,2015,0.26
0138,2016,0.253
0138,2017,0.266
0138,2018,0.284
0138,2019,0.281
0138,2020,0.269
0138,2021,0.274
0138,2022,0.275
0139,2012,0.255
0139,2013,0.283
0139,2014,0.302
0139,2015,0.315
0139,2016,0.336
0139,2017,0.352
0139,2018,0.346
0139,2019,0.376
0139,2020,0.357
0139,2021,0.353
0139,2022,0.34
0140,2012,0.204
0140,2013,0.207
0140,2014,0.241
0140,2015,0.214
0140,2016,0.232
0140,2017,0.257
0140,2018,0.232
0140,2019,0.234
0140,2020,0.232
0140,2021,0.242
0140,2022,0.191
0160,2012,0.272
0160,2013,0.291
0160,2014,0.278
0160,2015,0.319
0160,2016,0.323
0160,2017,0.289
0160,2018,0.263
0160,2019,0.261
0160,2020,0.251
0160,2021,0.217
0160,2022,0.226
0162,2012,0.232
0162,2013,0.248
0162,2014,0.241
0162,2015,0.253
0162,2016,0.245
0162,2017,0.228
0162,2018,0.204
0162,2019,0.195
0162,2020,0.197
0162,2021,0.182
0162,2022,0.208
0163,2012,0.3
0163,2013,0.307
0163,2014,0.317
0163,2015,0.312
0163,2016,0.311
0163,2017,0.336
0163,2018,0.342
0163,2019,0.345
0163,2020,0.337
0163,2021,0.332
0163,2022,0.325
0180,2012,0.31
0180,2013,0.319
0180,2014,0.32
0180,2015,0.319
0180,2016,0.318
0180,2017,0.316
0180,2018,0.311
0180,2019,0.303
0180,2020,0.29
0180,2021,0.281
0180,2022,0.277
0181,2012,0.295
0181,2013,0.306
0181,2014,0.31
0181,2015,0.313
0181,2016,0.319
0181,2017,0.326
0181,2018,0.318
0181,2019,0.308
0181,2020,0.301
0181,2021,0.299
0181,2022,0.305
0182,2012,0.343
0182,2013,0.362
0182,2014,0.37
0182,2015,0.369
0182,2016,0.379
0182,2017,0.382
0182,2018,0.399
0182,2019,0.376
0182,2020,0.357
0182,2021,0.35
0182,2022,0.344
0183,2012,0.281
0183,2013,0.298
0183,2014,0.309
0183,2015,0.302
0183,2016,0.315
0183,2017,0.313
0183,2018,0.307
0183,2019,0.307
0183,2020,0.287
0183,2021,0.272
0183,2022,0.271
0184,2012,0.22
0184,2013,0.224
0184,2014,0.224
0184,2015,0.224
0184,2016,0.227
0184,2017,0.23
0184,2018,0.231
0184,2019,0.23
0184,2020,0.219
0184,2021,0.211
0184,2022,0.207
0186,2012,0.193
0186,2013,0.21
0186,2014,0.226
0186,2015,0.226
0186,2016,0.234
0186,2017,0.237
0186,2018,0.225
0186,2019,0.223
0186,2020,0.211
0186,2021,0.202
0186,2022,0.191
0187,2012,0.305
0187,2013,0.28
0187,2014,0.297
0187,2015,0.313
0187,2016,0.302
0187,2017,0.314
0187,2018,0.303
0187,2019,0.291
0187,2020,0.301
0187,2021,0.279
0187,2022,0.32
0188,2012,0.207
0188,2013,0.216
0188,2014,0.215
0188,2015,0.222
0188,2016,0.232
0188,2017,0.252
0188,2018,0.26
0188,2019,0.265
0188,2020,0.267
0188,2021,0.25
0188,2022,0.24
0191,2012,0.278
0191,2013,0.299
0191,2014,0.324
0191,2015,0.348
0191,2016,0.371
0191,2017,0.373
0191,2018,0.391
0191,2019,0.402
0191,2020,0.405
0191,2021,0.406
0191,2022,0.396
0192,2012,0.243
0192,2013,0.253
0192,2014,0.24
0192,2015,0.245
0192,2016,0.257
0192,2017,0.282
0192,2018,0.283
0192,2019,0.292
0192,2020,0.292
0192,2021,0.282
0192,2022,0.281
0305,2012,0.205
0305,2013,0.199
0305,2014,0.188
0305,2015,0.203
0305,2016,0.206
0305,2017,0.215
0305,2018,0.189
0305,2019,0.188
0305,2020,0.177
0305,2021,0.186
0305,2022,0.202
0319,2012,0.211
0319,2013,0.226
0319,2014,0.227
0319,2015,0.297
0319,2016,0.327
0319,2017,0.328
0319,2018,0.32
0319,2019,0.35
0319,2020,0.31
0319,2021,0.296
0319,2022,0.284
0330,2012,0.234
0330,2013,0.236
0330,2014,0.248
0330,2015,0.263
0330,2016,0.294
0330,2017,0.342
0330,2018,0.368
0330,2019,0.361
0330,2020,0.316
0330,2021,0.317
0330,2022,0.33
0331,2012,0.226
0331,2013,0.212
0331,2014,0.28
0331,2015,0.273
0331,2016,0.307
0331,2017,0.347
0331,2018,0.336
0331,2019,0.362
0331,2020,0.336
0331,2021,0.334
0331,2022,0.317
0360,2012,0.201
0360,2013,0.218
0360,2014,0.223
0360,2015,0.25
0360,2016,0.254
0360,2017,0.276
0360,2018,0.288
0360,2019,0.307
0360,2020,0.299
0360,2021,0.28
0360,2022,0.282
0380,2012,0.242
0380,2013,0.249
0380,2014,0.257
0380,2015,0.262
0380,2016,0.273
0380,2017,0.285
0380,2018,0.284
0380,2019,0.282
0380,2020,0.272
0380,2021,0.265
0380,2022,0.262
0381,2012,0.219
0381,2013,0.234
0381,2014,0.241
0381,2015,0.256
0381,2016,0.29
0381,2017,0.315
0381,2018,0.32
0381,2019,0.345
0381,2020,0.349
0381,2021,0.357
0381,2022,0.351
0382,2012,0.192
0382,2013,0.17
0382,2014,0.142
0382,2015,0.149
0382,2016,0.167
0382,2017,0.192
0382,2018,0.182
0382,2019,0.19
0382,2020,0.174
0382,2021,0.181
0382,2022,0.203
0428,2012,0.253
0428,2013,0.302
0428,2014,0.308
0428,2015,0.32
0428,2016,0.315
0428,2017,0.369
0428,2018,0.334
0428,2019,0.335
0428,2020,0.32
0428,2021,0.298
0428,2022,0.293
0461,2012,0.14
0461,2013,0.147
0461,2014,0.158
0461,2015,0.169
0461,2016,0.168
0461,2017,0.169
0461,2018,0.187
0461,2019,0.18
0461,2020,0.185
0461,2021,0.19
0461,2022,0.187
0480,2012,0.191
0480,2013,0.209
0480,2014,0.226
0480,2015,0.233
0480,2016,0.254
0480,2017,0.259
0480,2018,0.265
0480,2019,0.273
0480,2020,0.269
0480,2021,0.271
0480,2022,0.264
0481,2012,0.121
0481,2013,0.125
0481,2014,0.152
0481,2015,0.19
0481,2016,0.232
0481,2017,0.263
0481,2018,0.244
0481,2019,0.222
0481,2020,0.223
0481,2021,0.221
0481,2022,0.224
0482,2012,0.254
0482,2013,0.287
0482,2014,0.322
0482,2015,0.327
0482,2016,0.356
0482,2017,0.37
0482,2018,0.374
0482,2019,0.354
0482,2020,0.337
0482,2021,0.332
0482,2022,0.329
0483,2012,0.211
0483,2013,0.246
0483,2014,0.254
0483,2015,0.262
0483,2016,0.278
0483,2017,0.291
0483,2018,0.299
0483,2019,0.3
0483,2020,0.289
0483,2021,0.278
0483,2022,0.258
0484,2012,0.208
0484,2013,0.222
0484,2014,0.228
0484,2015,0.237
0484,2016,0.248
0484,2017,0.253
0484,2018,0.266
0484,2019,0.268
0484,2020,0.264
0484,2021,0.255
0484,2022,0.25
0486,2012,0.158
0486,2013,0.177
0486,2014,0.18
0486,2015,0.181
0486,2016,0.18
0486,2017,0.194
0486,2018,0.198
0486,2019,0.194
0486,2020,0.196
0486,2021,0.203
0486,2022,0.205
0488,2012,0.207
0488,2013,0.214
0488,2014,0.227
0488,2015,0.239
0488,2016,0.254
0488,2017,0.238
0488,2018,0.238
0488,2019,0.275
0488,2020,0.252
0488,2021,0.256
0488,2022,0.255
0509,2012,0.132
0509,2013,0.177
0509,2014,0.202
0509,2015,0.21
0509,2016,0.26
0509,2017,0.237
0509,2018,0.25
0509,2019,0.248
0509,2020,0.272
0509,2021,0.281
0509,2022,0.264
0512,2012,0.149
0512,2013,0.145
0512,2014,0.292
0512,2015,0.279
0512,2016,0.283
0512,2017,0.327
0512,2018,0.283
0512,2019,0.235
0512,2020,0.252
0512,2021,0.178
0512,2022,0.214
0513,2012,0.133
0513,2013,0.169
0513,2014,0.184
0513,2015,0.19
0513,2016,0.19
0513,2017,0.213
0513,2018,0.189
0513,2019,0.199
0513,2020,0.213
0513,2021,0.201
0513,2022,0.221
0560,2012,0.11
0560,2013,0.174
0560,2014,0.189
0560,2015,0.194
0560,2016,0.216
0560,2017,0.184
0560,2018,0.24
0560,2019,0.219
0560,2020,0.199
0560,2021,0.217
0560,2022,0.172
0561,2012,0.132
0561,2013,0.127
0561,2014,0.143
0561,2015,0.168
0561,2016,0.181
0561,2017,0.19
0561,2018,0.185
0561,2019,0.184
0561,2020,0.144
0561,2021,0.143
0561,2022,0.126
0562,2012,0.134
0562,2013,0.147
0562,2014,0.164
0562,2015,0.175
0562,2016,0.189
0562,2017,0.177
0562,2018,0.199
0562,2019,0.188
0562,2020,0.185
0562,2021,0.189
0562,2022,0.175
0563,2012,0.131
0563,2013,0.159
0563,2014,0.14
0563,2015,0.173
0563,2016,0.188
0563,2017,0.218
0563,2018,0.228
0563,2019,0.212
0563,2020,0.172
0563,2021,0.155
0563,2022,0.142
0580,2012,0.168
0580,2013,0.176
0580,2014,0.174
0580,2015,0.174
0580,2016,0.185
0580,2017,0.19
0580,2018,0.196
0580,2019,0.194
0580,2020,0.183
0580,2021,0.18
0580,2022,0.177
0581,2012,0.179
0581,2013,0.192
0581,2014,0.2
0581,2015,0.204
0581,2016,0.218
0581,2017,0.227
0581,2018,0.225
0581,2019,0.217
0581,2020,0.204
0581,2021,0.197
0581,2022,0.193
0582,2012,0.134
0582,2013,0.124
0582,2014,0.129
0582,2015,0.132
0582,2016,0.126
0582,2017,0.125
0582,2018,0.151
0582,2019,0.132
0582,2020,0.122
0582,2021,0.125
0582,2022,0.122
0583,2012,0.146
0583,2013,0.161
0583,2014,0.176
0583,2015,0.189
0583,2016,0.2
0583,2017,0.208
0583,2018,0.218
0583,2019,0.217
0583,2020,0.217
0583,2021,0.214
0583,2022,0.216
0584,2012,0.09
0584,2013,0.1
0584,2014,0.118
0584,2015,0.112
0584,2016,0.118
0584,2017,0.125
0584,2018,0.152
0584,2019,0.131
0584,2020,0.122
0584,2021,0.123
0584,2022,0.11
0586,2012,0.136
0586,2013,0.148
0586,2014,0.165
0586,2015,0.179
0586,2016,0.202
0586,2017,0.203
0586,2018,0.213
0586,2019,0.223
0586,2020,0.199
0586,2021,0.193
0586,2022,0.177
0604,2012,0.222
0604,2013,0.221
0604,2014,0.187
0604,2015,0.244
0604,2016,0.261
0604,2017,0.238
0604,2018,0.239
0604,2019,0.241
0604,2020,0.261
0604,2021,0.251
0604,2022,0.215
0617,2012,0.23
0617,2013,0.277
0617,2014,0.285
0617,2015,0.317
0617,2016,0.331
0617,2017,0.368
0617,2018,0.381
0617,2019,0.347
0617,2020,0.349
0617,2021,0.354
0617,2022,0.323
0642,2012,0.11
0642,2013,0.108
0642,2014,0.124
0642,2015,0.15
0642,2016,0.186
0642,2017,0.17
0642,2018,0.189
0642,2019,0.195
0642,2020,0.157
0642,2021,0.173
0642,2022,0.169
0643,2012,0.187
0643,2013,0.156
0643,2014,0.153
0643,2015,0.149
0643,2016,0.18
0643,2017,0.185
0643,2018,0.223
0643,2019,0.237
0643,2020,0.22
0643,2021,0.228
0643,2022,0.205
0662,2012,0.231
0662,2013,0.26
0662,2014,0.262
0662,2015,0.279
0662,2016,0.32
0662,2017,0.334
0662,2018,0.347
0662,2019,0.344
0662,2020,0.326
0662,2021,0.326
0662,2022,0.312
0665,2012,0.231
0665,2013,0.239
0665,2014,0.232
0665,2015,0.249
0665,2016,0.251
0665,2017,0.249
0665,2018,0.254
0665,2019,0.268
0665,2020,0.255
0665,2021,0.237
0665,2022,0.244
0680,2012,0.198
0680,2013,0.201
0680,2014,0.199
0680,2015,0.199
0680,2016,0.207
0680,2017,0.215
0680,2018,0.218
0680,2019,0.22
0680,2020,0.213
0680,2021,0.214
0680,2022,0.215
0682,2012,0.231
0682,2013,0.25
0682,2014,0.272
0682,2015,0.296
0682,2016,0.31
0682,2017,0.327
0682,2018,0.345
0682,2019,0.33
0682,2020,0.32
0682,2021,0.309
0682,2022,0.303
0683,2012,0.189
0683,2013,0.181
0683,2014,0.183
0683,2015,0.185
0683,2016,0.201
0683,2017,0.205
0683,2018,0.202
0683,2019,0.206
0683,2020,0.203
0683,2021,0.207
0683,2022,0.214
0684,2012,0.154
0684,2013,0.222
0684,2014,0.278
0684,2015,0.271
0684,2016,0.275
0684,2017,0.294
0684,2018,0.27
0684,2019,0.269
0684,2020,0.26
0684,2021,0.238
0684,2022,0.216
0685,2012,0.127
0685,2013,0.133
0685,2014,0.157
0685,2015,0.184
0685,2016,0.208
0685,2017,0.215
0685,2018,0.213
0685,2019,0.197
0685,2020,0.199
0685,2021,0.192
0685,2022,0.19
0686,2012,0.112
0686,2013,0.116
0686,2014,0.111
0686,2015,0.116
0686,2016,0.139
0686,2017,0.188
0686,2018,0.21
0686,2019,0.201
0686,2020,0.215
0686,2021,0.2
0686,2022,0.201
0687,2012,0.127
0687,2013,0.14
0687,2014,0.137
0687,2015,0.147
0687,2016,0.176
0687,2017,0.186
0687,2018,0.185
0687,2019,0.205
0687,2020,0.191
0687,2021,0.192
0687,2022,0.187
0760,2012,0.221
0760,2013,0.26
0760,2014,0.259
0760,2015,0.304
0760,2016,0.344
0760,2017,0.352
0760,2018,0.37
0760,2019,0.363
0760,2020,0.354
0760,2021,0.339
0760,2022,0.351
0761,2012,0.225
0761,2013,0.288
0761,2014,0.372
0761,2015,0.46
0761,2016,0.482
0761,2017,0.482
0761,2018,0.458
0761,2019,0.434
0761,2020,0.427
0761,2021,0.396
0761,2022,0.372
0763,2012,0.147
0763,2013,0.181
0763,2014,0.208
0763,2015,0.261
0763,2016,0.3
0763,2017,0.299
0763,2018,0.272
0763,2019,0.254
0763,2020,0.259
0763,2021,0.253
0763,2022,0.243
0764,2012,0.257
0764,2013,0.318
0764,2014,0.354
0764,2015,0.368
0764,2016,0.381
0764,2017,0.4
0764,2018,0.399
0764,2019,0.407
0764,2020,0.401
0764,2021,0.379
0764,2022,0.391
0765,2012,0.223
0765,2013,0.201
0765,2014,0.21
0765,2015,0.232
0765,2016,0.256
0765,2017,0.327
0765,2018,0.35
0765,2019,0.338
0765,2020,0.349
0765,2021,0.339
0765,2022,0.325
0767,2012,0.199
0767,2013,0.186
0767,2014,0.22
0767,2015,0.235
0767,2016,0.292
0767,2017,0.312
0767,2018,0.317
0767,2019,0.331
0767,2020,0.324
0767,2021,0.305
0767,2022,0.251
0780,2012,0.196
0780,2013,0.212
0780,2014,0.21
0780,2015,0.209
0780,2016,0.221
0780,2017,0.231
0780,2018,0.229
0780,2019,0.228
0780,2020,0.219
0780,2021,0.215
0780,2022,0.213
0781,2012,0.144
0781,2013,0.154
0781,2014,0.161
0781,2015,0.166
0781,2016,0.177
0781,2017,0.189
0781,2018,0.192
0781,2019,0.196
0781,2020,0.181
0781,2021,0.168
0781,2022,0.166
0821,2012,0.263
0821,2013,0.269
0821,2014,0.307
0821,2015,0.337
0821,2016,0.423
0821,2017,0.447
0821,2018,0.462
0821,2019,0.418
0821,2020,0.301
0821,2021,0.288
0821,2022,0.285
0834,2012,0.13
0834,2013,0.19
0834,2014,0.17
0834,2015,0.215
0834,2016,0.231
0834,2017,0.235
0834,2018,0.276
0834,2019,0.248
0834,2020,0.259
0834,2021,0.222
0834,2022,0.234
0840,2012,0.098
0840,2013,0.126
0840,2014,0.117
0840,2015,0.123
0840,2016,0.172
0840,2017,0.188
0840,2018,0.197
0840,2019,0.193
0840,2020,0.182
0840,2021,0.198
0840,2022,0.198
0860,2012,0.176
0860,2013,0.211
0860,2014,0.205
0860,2015,0.249
0860,2016,0.315
0860,2017,0.309
0860,2018,0.279
0860,2019,0.259
0860,2020,0.226
0860,2021,0.196
0860,2022,0.209
0861,2012,0.143
0861,2013,0.173
0861,2014,0.181
0861,2015,0.228
0861,2016,0.24
0861,2017,0.251
0861,2018,0.239
0861,2019,0.234
0861,2020,0.225
0861,2021,0.216
0861,2022,0.176
0862,2012,0.128
0862,2013,0.143
0862,2014,0.173
0862,2015,0.181
0862,2016,0.204
0862,2017,0.256
0862,2018,0.282
0862,2019,0.272
0862,2020,0.273
0862,2021,0.262
0862,2022,0.257
0880,2012,0.165
0880,2013,0.173
0880,2014,0.172
0880,2015,0.18
0880,2016,0.186
0880,2017,0.187
0880,2018,0.172
0880,2019,0.18
0880,2020,0.167
0880,2021,0.167
0880,2022,0.165
0881,2012,0.126
0881,2013,0.142
0881,2014,0.186
0881,2015,0.186
0881,2016,0.23
0881,2017,0.261
0881,2018,0.268
0881,2019,0.245
0881,2020,0.231
0881,2021,0.206
0881,2022,0.187
0882,2012,0.129
0882,2013,0.147
0882,2014,0.165
0882,2015,0.169
0882,2016,0.183
0882,2017,0.189
0882,2018,0.187
0882,2019,0.19
0882,2020,0.198
0882,2021,0.187
0882,2022,0.192
0883,2012,0.131
0883,2013,0.137
0883,2014,0.137
0883,2015,0.136
0883,2016,0.14
0883,2017,0.151
0883,2018,0.156
0883,2019,0.171
0883,2020,0.152
0883,2021,0.15
0883,2022,0.15
0884,2012,0.17
0884,2013,0.169
0884,2014,0.144
0884,2015,0.161
0884,2016,0.202
0884,2017,0.229
0884,2018,0.25
0884,2019,0.225
0884,2020,0.213
0884,2021,0.197
0884,2022,0.19
0885,2012,0.163
0885,2013,0.129
0885,2014,0.134
0885,2015,0.16
0885,2016,0.136
0885,2017,0.137
0885,2018,0.15
0885,2019,0.159
0885,2020,0.16
0885,2021,0.143
0885,2022,0.163
0980,2012,0.153
0980,2013,0.157
0980,2014,0.15
0980,2015,0.16
0980,2016,0.168
0980,2017,0.172
0980,2018,0.17
0980,2019,0.171
0980,2020,0.162
0980,2021,0.16
0980,2022,0.167
1060,2012,0.183
1060,2013,0.185
1060,2014,0.212
1060,2015,0.233
1060,2016,0.287
1060,2017,0.312
1060,2018,0.345
1060,2019,0.333
1060,2020,0.289
1060,2021,0.267
1060,2022,0.262
1080,2012,0.205
1080,2013,0.205
1080,2014,0.209
1080,2015,0.22
1080,2016,0.232
1080,2017,0.233
1080,2018,0.228
1080,2019,0.215
1080,2020,0.196
1080,2021,0.192
1080,2022,0.183
1081,2012,0.177
1081,2013,0.206
1081,2014,0.206
1081,2015,0.252
1081,2016,0.285
1081,2017,0.315
1081,2018,0.334
1081,2019,0.345
1081,2020,0.333
1081,2021,0.319
1081,2022,0.292
1082,2012,0.179
1082,2013,0.201
1082,2014,0.204
1082,2015,0.21
1082,2016,0.23
1082,2017,0.238
1082,2018,0.234
1082,2019,0.239
1082,2020,0.225
1082,2021,0.21
1082,2022,0.206
1083,2012,0.146
1083,2013,0.144
1083,2014,0.172
1083,2015,0.169
1083,2016,0.193
1083,2017,0.212
1083,2018,0.235
1083,2019,0.213
1083,2020,0.188
1083,2021,0.187
1083,2022,0.187
1214,2012,0.229
1214,2013,0.247
1214,2014,0.243
1214,2015,0.295
1214,2016,0.33
1214,2017,0.357
1214,2018,0.352
1214,2019,0.33
1214,2020,0.301
1214,2021,0.316
1214,2022,0.259
1230,2012,0.224
1230,2013,0.22
1230,2014,0.207
1230,2015,0.209
1230,2016,0.208
1230,2017,0.226
1230,2018,0.234
1230,2019,0.224
1230,2020,0.206
1230,2021,0.207
1230,2022,0.207
1231,2012,0.288
1231,2013,0.267
1231,2014,0.261
1231,2015,0.258
1231,2016,0.261
1231,2017,0.267
1231,2018,0.264
1231,2019,0.257
1231,2020,0.225
1231,2021,0.223
1231,2022,0.23
1233,2012,0.08
1233,2013,0.082
1233,2014,0.091
1233,2015,0.09
1233,2016,0.097
1233,2017,0.108
1233,2018,0.122
1233,2019,0.13
1233,2020,0.105
1233,2021,0.108
1233,2022,0.087
1256,2012,0.121
1256,2013,0.158
1256,2014,0.191
1256,2015,0.22
1256,2016,0.272
1256,2017,0.311
1256,2018,0.317
1256,2019,0.341
1256,2020,0.325
1256,2021,0.323
1256,2022,0.296
1257,2012,0.2
1257,2013,0.188
1257,2014,0.213
1257,2015,0.22
1257,2016,0.192
1257,2017,0.213
1257,2018,0.235
1257,2019,0.257
1257,2020,0.257
1257,2021,0.233
1257,2022,0.217
1260,2012,0.296
1260,2013,0.277
1260,2014,0.289
1260,2015,0.301
1260,2016,0.318
1260,2017,0.34
1260,2018,0.337
1260,2019,0.334
1260,2020,0.371
1260,2021,0.37
1260,2022,0.362
1261,2012,0.167
1261,2013,0.179
1261,2014,0.202
1261,2015,0.195
1261,2016,0.216
1261,2017,0.236
1261,2018,0.242
1261,2019,0.256
1261,2020,0.256
1261,2021,0.242
1261,2022,0.243
1262,2012,0.212
1262,2013,0.168
1262,2014,0.158
1262,2015,0.159
1262,2016,0.18
1262,2017,0.189
1262,2018,0.176
1262,2019,0.198
1262,2020,0.167
1262,2021,0.204
1262,2022,0.206
1263,2012,0.181
1263,2013,0.172
1263,2014,0.174
1263,2015,0.181
1263,2016,0.196
1263,2017,0.202
1263,2018,0.198
1263,2019,0.202
1263,2020,0.205
1263,2021,0.191
1263,2022,0.2
1264,2012,0.195
1264,2013,0.193
1264,2014,0.194
1264,2015,0.214
1264,2016,0.239
1264,2017,0.267
1264,2018,0.245
1264,2019,0.242
1264,2020,0.264
1264,2021,0.222
1264,2022,0.21
1265,2012,0.129
1265,2013,0.141
1265,2014,0.15
1265,2015,0.148
1265,2016,0.161
1265,2017,0.166
1265,2018,0.17
1265,2019,0.14
1265,2020,0.142
1265,2021,0.14
1265,2022,0.143
1266,2012,0.222
1266,2013,0.217
1266,2014,0.223
1266,2015,0.243
1266,2016,0.258
1266,2017,0.275
1266,2018,0.246
1266,2019,0.259
1266,2020,0.229
1266,2021,0.209
1266,2022,0.219
1267,2012,0.135
1267,2013,0.148
1267,2014,0.136
1267,2015,0.142
1267,2016,0.117
1267,2017,0.128
1267,2018,0.116
1267,2019,0.126
1267,2020,0.134
1267,2021,0.138
1267,2022,0.125
1270,2012,0.215
1270,2013,0.236
1270,2014,0.233
1270,2015,0.239
1270,2016,0.239
1270,2017,0.248
1270,2018,0.24
1270,2019,0.242
1270,2020,0.238
1270,2021,0.239
1270,2022,0.234
1272,2012,0.164
1272,2013,0.201
1272,2014,0.231
1272,2015,0.271
1272,2016,0.261
1272,2017,0.281
1272,2018,0.284
1272,2019,0.273
1272,2020,0.27
1272,2021,0.212
1272,2022,0.223
1273,2012,0.186
1273,2013,0.201
1273,2014,0.184
1273,2015,0.209
1273,2016,0.217
1273,2017,0.252
1273,2018,0.251
1273,2019,0.271
1273,2020,0.25
1273,2021,0.243
1273,2022,0.234
1275,2012,0.177
1275,2013,0.234
1275,2014,0.24
1275,2015,0.179
1275,2016,0.277
1275,2017,0.258
1275,2018,0.263
1275,2019,0.25
1275,2020,0.241
1275,2021,0.257
1275,2022,0.266
1276,2012,0.208
1276,2013,0.206
1276,2014,0.205
1276,2015,0.199
1276,2016,0.216
1276,2017,0.235
1276,2018,0.236
1276,2019,0.248
1276,2020,0.213
1276,2021,0.201
1276,2022,0.22
1277,2012,0.258
1277,2013,0.249
1277,2014,0.235
1277,2015,0.247
1277,2016,0.279
1277,2017,0.33
1277,2018,0.334
1277,2019,0.328
1277,2020,0.306
1277,2021,0.342
1277,2022,0.341
1278,2012,0.171
1278,2013,0.184
1278,2014,0.202
1278,2015,0.166
1278,2016,0.207
1278,2017,0.21
1278,2018,0.236
1278,2019,0.224
1278,2020,0.212
1278,2021,0.224
1278,2022,0.219
1280,2012,0.274
1280,2013,0.28
1280,2014,0.276
1280,2015,0.282
1280,2016,0.287
1280,2017,0.288
1280,2018,0.284
1280,2019,0.28
1280,2020,0.259
1280,2021,0.253
1280,2022,0.25
1281,2012,0.171
1281,2013,0.176
1281,2014,0.173
1281,2015,0.171
1281,2016,0.177
1281,2017,0.192
1281,2018,0.198
1281,2019,0.202
1281,2020,0.192
1281,2021,0.187
1281,2022,0.182
1282,2012,0.259
1282,2013,0.268
1282,2014,0.272
1282,2015,0.275
1282,2016,0.287
1282,2017,0.297
1282,2018,0.295
1282,2019,0.282
1282,2020,0.278
1282,2021,0.268
1282,2022,0.269
1283,2012,0.217
1283,2013,0.221
1283,2014,0.229
1283,2015,0.236
1283,2016,0.247
1283,2017,0.257
1283,2018,0.257
1283,2019,0.259
1283,2020,0.253
1283,2021,0.25
1283,2022,0.251
1284,2012,0.147
1284,2013,0.152
1284,2014,0.15
1284,2015,0.151
1284,2016,0.154
1284,2017,0.175
1284,2018,0.173
1284,2019,0.181
1284,2020,0.193
1284,2021,0.18
1284,2022,0.185
1285,2012,0.212
1285,2013,0.208
1285,2014,0.215
1285,2015,0.228
1285,2016,0.247
1285,2017,0.259
1285,2018,0.264
1285,2019,0.271
1285,2020,0.254
1285,2021,0.245
1285,2022,0.244
1286,2012,0.138
1286,2013,0.13
1286,2014,0.124
1286,2015,0.125
1286,2016,0.14
1286,2017,0.135
1286,2018,0.137
1286,2019,0.136
1286,2020,0.128
1286,2021,0.12
1286,2022,0.127
1287,2012,0.255
1287,2013,0.244
1287,2014,0.242
1287,2015,0.242
1287,2016,0.246
1287,2017,0.258
1287,2018,0.259
1287,2019,0.256
1287,2020,0.247
1287,2021,0.241
1287,2022,0.239
1290,2012,0.217
1290,2013,0.217
1290,2014,0.235
1290,2015,0.234
1290,2016,0.25
1290,2017,0.254
1290,2018,0.257
1290,2019,0.253
1290,2020,0.254
1290,2021,0.249
1290,2022,0.243
1291,2012,0.138
1291,2013,0.146
1291,2014,0.151
1291,2015,0.175
1291,2016,0.203
1291,2017,0.204
1291,2018,0.229
1291,2019,0.224
1291,2020,0.206
1291,2021,0.19
1291,2022,0.174
1292,2012,0.129
1292,2013,0.124
1292,2014,0.129
1292,2015,0.127
1292,2016,0.138
1292,2017,0.155
1292,2018,0.169
1292,2019,0.171
1292,2020,0.16
1292,2021,0.154
1292,2022,0.143
1293,2012,0.203
1293,2013,0.207
1293,2014,0.215
1293,2015,0.206
1293,2016,0.227
1293,2017,0.225
1293,2018,0.223
1293,2019,0.219
1293,2020,0.216
1293,2021,0.188
1293,2022,0.196
1315,2012,0.284
1315,2013,0.303
1315,2014,0.351
1315,2015,0.403
1315,2016,0.458
1315,2017,0.459
1315,2018,0.457
1315,2019,0.487
1315,2020,0.457
1315,2021,0.439
1315,2022,0.412
1380,2012,0.178
1380,2013,0.185
1380,2014,0.184
1380,2015,0.192
1380,2016,0.205
1380,2017,0.214
1380,2018,0.226
1380,2019,0.232
1380,2020,0.227
1380,2021,0.229
1380,2022,0.225
1381,2012,0.162
1381,2013,0.172
1381,2014,0.201
1381,2015,0.225
1381,2016,0.243
1381,2017,0.269
1381,2018,0.27
1381,2019,0.251
1381,2020,0.261
1381,2021,0.217
1381,2022,0.217
1382,2012,0.191
1382,2013,0.191
1382,2014,0.207
1382,2015,0.22
1382,2016,0.245
1382,2017,0.257
1382,2018,0.26
1382,2019,0.249
1382,2020,0.24
1382,2021,0.249
1382,2022,0.248
1383,2012,0.139
1383,2013,0.132
1383,2014,0.141
1383,2015,0.137
1383,2016,0.142
1383,2017,0.146
1383,2018,0.149
1383,2019,0.149
1383,2020,0.143
1383,2021,0.137
1383,2022,0.134
1384,2012,0.106
1384,2013,0.112
1384,2014,0.109
1384,2015,0.111
1384,2016,0.116
1384,2017,0.13
1384,2018,0.138
1384,2019,0.146
1384,2020,0.14
1384,2021,0.137
1384,2022,0.129
1401,2012,0.201
1401,2013,0.209
1401,2014,0.215
1401,2015,0.211
1401,2016,0.212
1401,2017,0.224
1401,2018,0.235
1401,2019,0.233
1401,2020,0.234
1401,2021,0.233
1401,2022,0.245
1402,2012,0.188
1402,2013,0.196
1402,2014,0.197
1402,2015,0.2
1402,2016,0.219
1402,2017,0.233
1402,2018,0.237
1402,2019,0.237
1402,2020,0.23
1402,2021,0.232
1402,2022,0.232
1407,2012,0.192
1407,2013,0.158
1407,2014,0.147
1407,2015,0.139
1407,2016,0.156
1407,2017,0.168
1407,2018,0.159
1407,2019,0.14
1407,2020,0.12
1407,2021,0.123
1407,2022,0.121
1415,2012,0.129
1415,2013,0.134
1415,2014,0.129
1415,2015,0.135
1415,2016,0.151
1415,2017,0.179
1415,2018,0.176
1415,2019,0.196
1415,2020,0.186
1415,2021,0.168
1415,2022,0.175
1419,2012,0.252
1419,2013,0.295
1419,2014,0.293
1419,2015,0.308
1419,2016,0.312
1419,2017,0.307
1419,2018,0.317
1419,2019,0.324
1419,2020,0.329
1419,2021,0.319
1419,2022,0.339
1421,2012,0.115
1421,2013,0.118
1421,2014,0.132
1421,2015,0.132
1421,2016,0.152
1421,2017,0.173
1421,2018,0.203
1421,2019,0.196
1421,2020,0.212
1421,2021,0.181
1421,2022,0.172
1427,2012,0.115
1427,2013,0.111
1427,2014,0.077
1427,2015,0.073
1427,2016,0.103
1427,2017,0.116
1427,2018,0.131
1427,2019,0.137
1427,2020,0.125
1427,2021,0.117
1427,2022,0.124
1430,2012,0.167
1430,2013,0.174
1430,2014,0.239
1430,2015,0.237
1430,2016,0.238
1430,2017,0.267
1430,2018,0.27
1430,2019,0.254
1430,2020,0.263
1430,2021,0.248
1430,2022,0.233
1435,2012,0.211
1435,2013,0.206
1435,2014,0.221
1435,2015,0.244
1435,2016,0.248
1435,2017,0.267
1435,2018,0.301
1435,2019,0.269
1435,2020,0.243
1435,2021,0.219
1435,2022,0.236
1438,2012,0.15
1438,2013,0.191
1438,2014,0.172
1438,2015,0.196
1438,2016,0.211
1438,2017,0.196
1438,2018,0.227
1438,2019,0.228
1438,2020,0.176
1438,2021,0.176
1438,2022,0.16
1439,2012,0.147
1439,2013,0.163
1439,2014,0.211
1439,2015,0.199
1439,2016,0.22
1439,2017,0.242
1439,2018,0.198
1439,2019,0.206
1439,2020,0.205
1439,2021,0.187
1439,2022,0.163
1440,2012,0.186
1440,2013,0.182
1440,2014,0.17
1440,2015,0.171
1440,2016,0.193
1440,2017,0.213
1440,2018,0.217
1440,2019,0.24
1440,2020,0.232
1440,2021,0.22
1440,2022,0.224
1441,2012,0.228
1441,2013,0.234
1441,2014,0.23
1441,2015,0.247
1441,2016,0.268
1441,2017,0.268
1441,2018,0.282
1441,2019,0.274
1441,2020,0.274
1441,2021,0.266
1441,2022,0.26
1442,2012,0.187
1442,2013,0.189
1442,2014,0.176
1442,2015,0.173
1442,2016,0.192
1442,2017,0.217
1442,2018,0.247
1442,2019,0.253
1442,2020,0.249
1442,2021,0.249
1442,2022,0.235
1443,2012,0.145
1443,2013,0.148
1443,2014,0.143
1443,2015,0.163
1443,2016,0.19
1443,2017,0.181
1443,2018,0.202
1443,2019,0.204
1443,2020,0.205
1443,2021,0.193
1443,2022,0.186
1444,2012,0.162
1444,2013,0.19
1444,2014,0.209
1444,2015,0.211
1444,2016,0.21
1444,2017,0.154
1444,2018,0.205
1444,2019,0.179
1444,2020,0.143
1444,2021,0.147
1444,2022,0.152
1445,2012,0.183
1445,2013,0.15
1445,2014,0.221
1445,2015,0.26
1445,2016,0.213
1445,2017,0.22
1445,2018,0.229
1445,2019,0.219
1445,2020,0.155
1445,2021,0.133
1445,2022,0.166
1446,2012,0.064
1446,2013,0.096
1446,2014,0.11
1446,2015,0.095
1446,2016,0.112
1446,2017,0.142
1446,2018,0.123
1446,2019,0.097
1446,2020,0.112
1446,2021,0.106
1446,2022,0.071
1447,2012,0.217
1447,2013,0.28
1447,2014,0.346
1447,2015,0.343
1447,2016,0.328
1447,2017,0.337
1447,2018,0.339
1447,2019,0.303
1447,2020,0.254
1447,2021,0.298
1447,2022,0.282
1452,2012,0.216
1452,2013,0.21
1452,2014,0.215
1452,2015,0.197
1452,2016,0.215
1452,2017,0.257
1452,2018,0.272
1452,2019,0.258
1452,2020,0.22
1452,2021,0.231
1452,2022,0.229
1460,2012,0.136
1460,2013,0.157
1460,2014,0.179
1460,2015,0.231
1460,2016,0.327
1460,2017,0.315
1460,2018,0.309
1460,2019,0.3
1460,2020,0.263
1460,2021,0.228
1460,2022,0.198
1461,2012,0.206
1461,2013,0.229
1461,2014,0.221
1461,2015,0.265
1461,2016,0.307
1461,2017,0.356
1461,2018,0.343
1461,2019,0.318
1461,2020,0.291
1461,2021,0.282
1461,2022,0.301
1462,2012,0.216
1462,2013,0.242
1462,2014,0.236
1462,2015,0.239
1462,2016,0.264
1462,2017,0.27
1462,2018,0.263
1462,2019,0.253
1462,2020,0.24
1462,2021,0.249
1462,2022,0.261
1463,2012,0.208
1463,2013,0.208
1463,2014,0.21
1463,2015,0.212
1463,2016,0.231
1463,2017,0.266
1463,2018,0.28
1463,2019,0.276
1463,2020,0.267
1463,2021,0.263
1463,2022,0.254
1465,2012,0.19
1465,2013,0.221
1465,2014,0.27
1465,2015,0.277
1465,2016,0.259
1465,2017,0.297
1465,2018,0.311
1465,2019,0.295
1465,2020,0.294
1465,2021,0.319
1465,2022,0.285
1466,2012,0.177
1466,2013,0.147
1466,2014,0.147
1466,2015,0.181
1466,2016,0.199
1466,2017,0.21
1466,2018,0.217
1466,2019,0.208
1466,2020,0.181
1466,2021,0.184
1466,2022,0.173
1470,2012,0.143
1470,2013,0.149
1470,2014,0.159
1470,2015,0.182
1470,2016,0.203
1470,2017,0.244
1470,2018,0.228
1470,2019,0.223
1470,2020,0.208
1470,2021,0.223
1470,2022,0.247
1471,2012,0.201
1471,2013,0.221
1471,2014,0.264
1471,2015,0.283
1471,2016,0.276
1471,2017,0.299
1471,2018,0.295
1471,2019,0.29
1471,2020,0.323
1471,2021,0.282
1471,2022,0.275
1472,2012,0.181
1472,2013,0.178
1472,2014,0.219
1472,2015,0.247
1472,2016,0.245
1472,2017,0.264
1472,2018,0.262
1472,2019,0.278
1472,2020,0.286
1472,2021,0.259
1472,2022,0.261
1473,2012,0.168
1473,2013,0.173
1473,2014,0.222
1473,2015,0.271
1473,2016,0.324
1473,2017,0.308
1473,2018,0.284
1473,2019,0.294
1473,2020,0.255
1473,2021,0.233
1473,2022,0.211
1480,2012,0.241
1480,2013,0.249
1480,2014,0.254
1480,2015,0.259
1480,2016,0.266
1480,2017,0.275
1480,2018,0.279
1480,2019,0.278
1480,2020,0.268
1480,2021,0.259
1480,2022,0.255
1481,2012,0.191
1481,2013,0.193
1481,2014,0.204
1481,2015,0.198
1481,2016,0.199
1481,2017,0.208
1481,2018,0.21
1481,2019,0.205
1481,2020,0.197
1481,2021,0.199
1481,2022,0.191
1482,2012,0.189
1482,2013,0.214
1482,2014,0.206
1482,2015,0.194
1482,2016,0.193
1482,2017,0.208
1482,2018,0.209
1482,2019,0.22
1482,2020,0.205
1482,2021,0.2
1482,2022,0.194
1484,2012,0.162
1484,2013,0.188
1484,2014,0.157
1484,2015,0.18
1484,2016,0.194
1484,2017,0.208
1484,2018,0.21
1484,2019,0.228
1484,2020,0.206
1484,2021,0.192
1484,2022,0.18
1485,2012,0.208
1485,2013,0.218
1485,2014,0.228
1485,2015,0.239
1485,2016,0.262
1485,2017,0.273
1485,2018,0.276
1485,2019,0.275
1485,2020,0.272
1485,2021,0.269
1485,2022,0.254
1486,2012,0.214
1486,2013,0.229
1486,2014,0.223
1486,2015,0.22
1486,2016,0.238
1486,2017,0.272
1486,2018,0.291
1486,2019,0.29
1486,2020,0.294
1486,2021,0.3
1486,2022,0.288
1487,2012,0.185
1487,2013,0.207
1487,2014,0.226
1487,2015,0.242
1487,2016,0.266
1487,2017,0.277
1487,2018,0.283
1487,2019,0.284
1487,2020,0.267
1487,2021,0.259
1487,2022,0.249
1488,2012,0.247
1488,2013,0.274
1488,2014,0.28
1488,2015,0.291
1488,2016,0.29
1488,2017,0.292
1488,2018,0.303
1488,2019,0.298
1488,2020,0.28
1488,2021,0.268
1488,2022,0.256
1489,2012,0.175
1489,2013,0.199
1489,2014,0.187
1489,2015,0.198
1489,2016,0.203
1489,2017,0.213
1489,2018,0.203
1489,2019,0.207
1489,2020,0.21
1489,2021,0.203
1489,2022,0.204
1490,2012,0.224
1490,2013,0.235
1490,2014,0.246
1490,2015,0.252
1490,2016,0.263
1490,2017,0.272
1490,2018,0.276
1490,2019,0.276
1490,2020,0.272
1490,2021,0.266
1490,2022,0.254
1491,2012,0.138
1491,2013,0.164
1491,2014,0.157
1491,2015,0.162
1491,2016,0.172
1491,2017,0.173
1491,2018,0.162
1491,2019,0.18
1491,2020,0.172
1491,2021,0.172
1491,2022,0.176
1492,2012,0.122
1492,2013,0.122
1492,2014,0.174
1492,2015,0.233
1492,2016,0.271
1492,2017,0.275
1492,2018,0.277
1492,2019,0.264
1492,2020,0.24
1492,2021,0.216
1492,2022,0.213
1493,2012,0.119
1493,2013,0.123
1493,2014,0.123
1493,2015,0.116
1493,2016,0.132
1493,2017,0.135
1493,2018,0.14
1493,2019,0.159
1493,2020,0.127
1493,2021,0.121
1493,2022,0.124
1494,2012,0.136
1494,2013,0.138
1494,2014,0.147
1494,2015,0.147
1494,2016,0.161
1494,2017,0.164
1494,2018,0.167
1494,2019,0.166
1494,2020,0.159
1494,2021,0.175
1494,2022,0.172
1495,2012,0.13
1495,2013,0.156
1495,2014,0.186
1495,2015,0.204
1495,2016,0.22
1495,2017,0.22
1495,2018,0.212
1495,2019,0.221
1495,2020,0.214
1495,2021,0.219
1495,2022,0.221
1496,2012,0.143
1496,2013,0.151
1496,2014,0.153
1496,2015,0.158
1496,2016,0.16
1496,2017,0.168
1496,2018,0.158
1496,2019,0.147
1496,2020,0.142
1496,2021,0.134
1496,2022,0.133
1497,2012,0.087
1497,2013,0.078
1497,2014,0.085
1497,2015,0.134
1497,2016,0.138
1497,2017,0.12
1497,2018,0.117
1497,2019,0.104
1497,2020,0.102
1497,2021,0.113
1497,2022,0.126
1498,2012,0.151
1498,2013,0.161
1498,2014,0.18
1498,2015,0.18
1498,2016,0.209
1498,2017,0.205
1498,2018,0.203
1498,2019,0.184
1498,2020,0.176
1498,2021,0.181
1498,2022,0.172
1499,2012,0.193
1499,2013,0.218
1499,2014,0.217
1499,2015,0.24
1499,2016,0.257
1499,2017,0.273
1499,2018,0.277
1499,2019,0.285
1499,2020,0.281
1499,2021,0.27
1499,2022,0.263
1715,2012,0.184
1715,2013,0.166
1715,2014,0.159
1715,2015,0.151
1715,2016,0.177
1715,2017,0.175
1715,2018,0.185
1715,2019,0.184
1715,2020,0.169
1715,2021,0.178
1715,2022,0.182
1730,2012,0.165
1730,2013,0.189
1730,2014,0.177
1730,2015,0.229
1730,2016,0.264
1730,2017,0.265
1730,2018,0.278
1730,2019,0.294
1730,2020,0.295
1730,2021,0.255
1730,2022,0.267
1737,2012,0.126
1737,2013,0.115
1737,2014,0.133
1737,2015,0.139
1737,2016,0.167
1737,2017,0.188
1737,2018,0.187
1737,2019,0.187
1737,2020,0.185
1737,2021,0.183
1737,2022,0.173
1760,2012,0.22
1760,2013,0.253
1760,2014,0.245
1760,2015,0.258
1760,2016,0.276
1760,2017,0.303
1760,2018,0.276
1760,2019,0.237
1760,2020,0.198
1760,2021,0.143
1760,2022,0.071
1761,2012,0.247
1761,2013,0.224
1761,2014,0.223
1761,2015,0.219
1761,2016,0.226
1761,2017,0.246
1761,2018,0.239
1761,2019,0.243
1761,2020,0.24
1761,2021,0.237
1761,2022,0.244
1762,2012,0.173
1762,2013,0.16
1762,2014,0.181
1762,2015,0.27
1762,2016,0.289
1762,2017,0.321
1762,2018,0.276
1762,2019,0.215
1762,2020,0.186
1762,2021,0.136
1762,2022,0.132
1763,2012,0.146
1763,2013,0.165
1763,2014,0.154
1763,2015,0.169
1763,2016,0.21
1763,2017,0.232
1763,2018,0.215
1763,2019,0.216
1763,2020,0.196
1763,2021,0.199
1763,2022,0.192
1764,2012,0.13
1764,2013,0.129
1764,2014,0.175
1764,2015,0.18
1764,2016,0.219
1764,2017,0.225
1764,2018,0.223
1764,2019,0.212
1764,2020,0.182
1764,2021,0.203
1764,2022,0.187
1765,2012,0.167
1765,2013,0.196
1765,2014,0.183
1765,2015,0.192
1765,2016,0.229
1765,2017,0.257
1765,2018,0.234
1765,2019,0.232
1765,2020,0.197
1765,2021,0.228
1765,2022,0.218
1766,2012,0.154
1766,2013,0.138
1766,2014,0.164
1766,2015,0.183
1766,2016,0.219
1766,2017,0.225
1766,2018,0.233
1766,2019,0.223
1766,2020,0.226
1766,2021,0.206
1766,2022,0.204
1780,2012,0.158
1780,2013,0.161
1780,2014,0.157
1780,2015,0.152
1780,2016,0.162
1780,2017,0.168
1780,2018,0.166
1780,2019,0.159
1780,2020,0.157
1780,2021,0.153
1780,2022,0.151
1781,2012,0.167
1781,2013,0.184
1781,2014,0.176
1781,2015,0.198
1781,2016,0.215
1781,2017,0.229
1781,2018,0.217
1781,2019,0.221
1781,2020,0.207
1781,2021,0.19
1781,2022,0.186
1782,2012,0.208
1782,2013,0.263
1782,2014,0.288
1782,2015,0.308
1782,2016,0.369
1782,2017,0.356
1782,2018,0.398
1782,2019,0.392
1782,2020,0.334
1782,2021,0.325
1782,2022,0.315
1783,2012,0.107
1783,2013,0.161
1783,2014,0.155
1783,2015,0.167
1783,2016,0.173
1783,2017,0.22
1783,2018,0.236
1783,2019,0.256
1783,2020,0.229
1783,2021,0.218
1783,2022,0.223
1784,2012,0.148
1784,2013,0.156
1784,2014,0.164
1784,2015,0.17
1784,2016,0.172
1784,2017,0.18
1784,2018,0.186
1784,2019,0.183
1784,2020,0.18
1784,2021,0.161
1784,2022,0.163
1785,2012,0.133
1785,2013,0.174
1785,2014,0.187
1785,2015,0.195
1785,2016,0.242
1785,2017,0.278
1785,2018,0.296
1785,2019,0.267
1785,2020,0.259
1785,2021,0.268
1785,2022,0.245
1814,2012,0.117
1814,2013,0.133
1814,2014,0.117
1814,2015,0.119
1814,2016,0.14
1814,2017,0.18
1814,2018,0.188
1814,2019,0.199
1814,2020,0.191
1814,2021,0.181
1814,2022,0.128
1860,2012,0.145
1860,2013,0.179
1860,2014,0.195
1860,2015,0.229
1860,2016,0.272
1860,2017,0.257
1860,2018,0.303
1860,2019,0.31
1860,2020,0.299
1860,2021,0.322
1860,2022,0.321
1861,2012,0.227
1861,2013,0.229
1861,2014,0.246
1861,2015,0.255
1861,2016,0.256
1861,2017,0.293
1861,2018,0.329
1861,2019,0.316
1861,2020,0.275
1861,2021,0.28
1861,2022,0.284
1862,2012,0.142
1862,2013,0.161
1862,2014,0.156
1862,2015,0.178
1862,2016,0.201
1862,2017,0.211
1862,2018,0.231
1862,2019,0.24
1862,2020,0.241
1862,2021,0.216
1862,2022,0.221
1863,2012,0.228
1863,2013,0.236
1863,2014,0.295
1863,2015,0.289
1863,2016,0.312
1863,2017,0.32
1863,2018,0.354
1863,2019,0.394
1863,2020,0.346
1863,2021,0.367
1863,2022,0.331
1864,2012,0.133
1864,2013,0.245
1864,2014,0.19
1864,2015,0.261
1864,2016,0.289
1864,2017,0.322
1864,2018,0.32
1864,2019,0.306
1864,2020,0.302
1864,2021,0.267
1864,2022,0.218
1880,2012,0.211
1880,2013,0.216
1880,2014,0.221
1880,2015,0.217
1880,2016,0.219
1880,2017,0.21
1880,2018,0.206
1880,2019,0.208
1880,2020,0.199
1880,2021,0.194
1880,2022,0.187
1881,2012,0.163
1881,2013,0.175
1881,2014,0.173
1881,2015,0.183
1881,2016,0.191
1881,2017,0.19
1881,2018,0.196
1881,2019,0.187
1881,2020,0.2
1881,2021,0.197
1881,2022,0.198
1882,2012,0.098
1882,2013,0.109
1882,2014,0.131
1882,2015,0.164
1882,2016,0.185
1882,2017,0.187
1882,2018,0.207
1882,2019,0.214
1882,2020,0.222
1882,2021,0.211
1882,2022,0.194
1883,2012,0.187
1883,2013,0.212
1883,2014,0.239
1883,2015,0.275
1883,2016,0.284
1883,2017,0.296
1883,2018,0.31
1883,2019,0.306
1883,2020,0.291
1883,2021,0.275
1883,2022,0.256
1884,2012,0.191
1884,2013,0.192
1884,2014,0.177
1884,2015,0.208
1884,2016,0.227
1884,2017,0.276
1884,2018,0.268
1884,2019,0.262
1884,2020,0.257
1884,2021,0.233
1884,2022,0.216
1885,2012,0.276
1885,2013,0.295
1885,2014,0.313
1885,2015,0.339
1885,2016,0.34
1885,2017,0.324
1885,2018,0.324
1885,2019,0.298
1885,2020,0.288
1885,2021,0.288
1885,2022,0.273
1904,2012,0.178
1904,2013,0.205
1904,2014,0.222
1904,2015,0.325
1904,2016,0.269
1904,2017,0.267
1904,2018,0.237
1904,2019,0.277
1904,2020,0.225
1904,2021,0.193
1904,2022,0.262
1907,2012,0.181
1907,2013,0.188
1907,2014,0.191
1907,2015,0.208
1907,2016,0.214
1907,2017,0.169
1907,2018,0.177
1907,2019,0.217
1907,2020,0.217
1907,2021,0.196
1907,2022,0.175
1960,2012,0.161
1960,2013,0.22
1960,2014,0.243
1960,2015,0.265
1960,2016,0.267
1960,2017,0.297
1960,2018,0.31
1960,2019,0.285
1960,2020,0.279
1960,2021,0.263
1960,2022,0.28
1961,2012,0.203
1961,2013,0.227
1961,2014,0.237
1961,2015,0.232
1961,2016,0.253
1961,2017,0.249
1961,2018,0.281
1961,2019,0.278
1961,2020,0.246
1961,2021,0.248
1961,2022,0.242
1962,2012,0.142
1962,2013,0.18
1962,2014,0.179
1962,2015,0.204
1962,2016,0.237
1962,2017,0.244
1962,2018,0.259
1962,2019,0.242
1962,2020,0.24
1962,2021,0.237
1962,2022,0.18
1980,2012,0.229
1980,2013,0.238
1980,2014,0.239
1980,2015,0.245
1980,2016,0.253
1980,2017,0.263
1980,2018,0.268
1980,2019,0.265
1980,2020,0.259
1980,2021,0.261
1980,2022,0.259
1981,2012,0.148
1981,2013,0.167
1981,2014,0.188
1981,2015,0.204
1981,2016,0.215
1981,2017,0.255
1981,2018,0.263
1981,2019,0.266
1981,2020,0.259
1981,2021,0.264
1981,2022,0.269
1982,2012,0.275
1982,2013,0.325
1982,2014,0.32
1982,2015,0.312
1982,2016,0.315
1982,2017,0.307
1982,2018,0.31
1982,2019,0.309
1982,2020,0.296
1982,2021,0.305
1982,2022,0.32
1983,2012,0.228
1983,2013,0.264
1983,2014,0.272
1983,2015,0.277
1983,2016,0.296
1983,2017,0.299
1983,2018,0.303
1983,2019,0.298
1983,2020,0.3
1983,2021,0.291
1983,2022,0.265
1984,2012,0.142
1984,2013,0.155
1984,2014,0.166
1984,2015,0.168
1984,2016,0.169
1984,2017,0.175
1984,2018,0.184
1984,2019,0.182
1984,2020,0.175
1984,2021,0.191
1984,2022,0.171
2021,2012,0.104
2021,2013,0.147
2021,2014,0.13
2021,2015,0.145
2021,2016,0.229
2021,2017,0.252
2021,2018,0.209
2021,2019,0.204
2021,2020,0.191
2021,2021,0.202
2021,2022,0.21
2023,2012,0.152
2023,2013,0.138
2023,2014,0.144
2023,2015,0.185
2023,2016,0.178
2023,2017,0.167
2023,2018,0.17
2023,2019,0.188
2023,2020,0.202
2023,2021,0.184
2023,2022,0.191
2026,2012,0.154
2026,2013,0.186
2026,2014,0.135
2026,2015,0.145
2026,2016,0.108
2026,2017,0.157
2026,2018,0.149
2026,2019,0.191
2026,2020,0.171
2026,2021,0.138
2026,2022,0.15
2029,2012,0.152
2029,2013,0.152
2029,2014,0.173
2029,2015,0.191
2029,2016,0.192
2029,2017,0.181
2029,2018,0.182
2029,2019,0.191
2029,2020,0.182
2029,2021,0.186
2029,2022,0.17
2031,2012,0.09
2031,2013,0.1
2031,2014,0.112
2031,2015,0.118
2031,2016,0.154
2031,2017,0.14
2031,2018,0.125
2031,2019,0.148
2031,2020,0.154
2031,2021,0.165
2031,2022,0.168
2034,2012,0.185
2034,2013,0.21
2034,2014,0.23
2034,2015,0.251
2034,2016,0.259
2034,2017,0.247
2034,2018,0.267
2034,2019,0.259
2034,2020,0.253
2034,2021,0.233
2034,2022,0.24
2039,2012,0.12
2039,2013,0.136
2039,2014,0.207
2039,2015,0.168
2039,2016,0.183
2039,2017,0.222
2039,2018,0.229
2039,2019,0.235
2039,2020,0.214
2039,2021,0.2
2039,2022,0.217
2061,2012,0.179
2061,2013,0.239
2061,2014,0.238
2061,2015,0.275
2061,2016,0.312
2061,2017,0.302
2061,2018,0.282
2061,2019,0.272
2061,2020,0.234
2061,2021,0.24
2061,2022,0.231
2062,2012,0.167
2062,2013,0.137
2062,2014,0.174
2062,2015,0.159
2062,2016,0.185
2062,2017,0.187
2062,2018,0.185
2062,2019,0.174
2062,2020,0.16
2062,2021,0.162
2062,2022,0.152
2080,2012,0.178
2080,2013,0.174
2080,2014,0.177
2080,2015,0.184
2080,2016,0.185
2080,2017,0.195
2080,2018,0.201
2080,2019,0.205
2080,2020,0.193
2080,2021,0.187
2080,2022,0.186
2081,2012,0.256
2081,2013,0.281
2081,2014,0.305
2081,2015,0.319
2081,2016,0.342
2081,2017,0.345
2081,2018,0.346
2081,2019,0.335
2081,2020,0.328
2081,2021,0.363
2081,2022,0.357
2082,2012,0.131
2082,2013,0.162
2082,2014,0.159
2082,2015,0.18
2082,2016,0.184
2082,2017,0.199
2082,2018,0.199
2082,2019,0.202
2082,2020,0.188
2082,2021,0.2
2082,2022,0.192
2083,2012,0.206
2083,2013,0.212
2083,2014,0.218
2083,2015,0.234
2083,2016,0.273
2083,2017,0.302
2083,2018,0.305
2083,2019,0.3
2083,2020,0.274
2083,2021,0.271
2083,2022,0.261
2084,2012,0.229
2084,2013,0.228
2084,2014,0.258
2084,2015,0.282
2084,2016,0.323
2084,2017,0.352
2084,2018,0.368
2084,2019,0.354
2084,2020,0.333
2084,2021,0.331
2084,2022,0.308
2085,2012,0.182
2085,2013,0.205
2085,2014,0.245
2085,2015,0.255
2085,2016,0.298
2085,2017,0.31
2085,2018,0.337
2085,2019,0.347
2085,2020,0.334
2085,2021,0.33
2085,2022,0.307
2101,2012,0.177
2101,2013,0.213
2101,2014,0.201
2101,2015,0.284
2101,2016,0.283
2101,2017,0.319
2101,2018,0.314
2101,2019,0.364
2101,2020,0.393
2101,2021,0.371
2101,2022,0.361
2104,2012,0.182
2104,2013,0.213
2104,2014,0.199
2104,2015,0.215
2104,2016,0.206
2104,2017,0.264
2104,2018,0.241
2104,2019,0.231
2104,2020,0.253
2104,2021,0.221
2104,2022,0.22
2121,2012,0.12
2121,2013,0.133
2121,2014,0.146
2121,2015,0.171
2121,2016,0.153
2121,2017,0.161
2121,2018,0.176
2121,2019,0.19
2121,2020,0.189
2121,2021,0.202
2121,2022,0.205
2132,2012,0.231
2132,2013,0.265
2132,2014,0.25
2132,2015,0.276
2132,2016,0.265
2132,2017,0.264
2132,2018,0.287
2132,2019,0.252
2132,2020,0.278
2132,2021,0.23
2132,2022,0.234
2161,2012,0.16
2161,2013,0.191
2161,2014,0.193
2161,2015,0.229
2161,2016,0.233
2161,2017,0.234
2161,2018,0.241
2161,2019,0.228
2161,2020,0.223
2161,2021,0.213
2161,2022,0.204
2180,2012,0.188
2180,2013,0.207
2180,2014,0.22
2180,2015,0.234
2180,2016,0.241
2180,2017,0.243
2180,2018,0.242
2180,2019,0.24
2180,2020,0.236
2180,2021,0.228
2180,2022,0.218
2181,2012,0.184
2181,2013,0.188
2181,2014,0.204
2181,2015,0.237
2181,2016,0.263
2181,2017,0.286
2181,2018,0.273
2181,2019,0.277
2181,2020,0.271
2181,2021,0.266
2181,2022,0.264
2182,2012,0.144
2182,2013,0.17
2182,2014,0.186
2182,2015,0.228
2182,2016,0.257
2182,2017,0.258
2182,2018,0.25
2182,2019,0.257
2182,2020,0.238
2182,2021,0.251
2182,2022,0.251
2183,2012,0.158
2183,2013,0.158
2183,2014,0.177
2183,2015,0.205
2183,2016,0.213
2183,2017,0.223
2183,2018,0.226
2183,2019,0.226
2183,2020,0.215
2183,2021,0.215
2183,2022,0.214
2184,2012,0.171
2184,2013,0.173
2184,2014,0.186
2184,2015,0.196
2184,2016,0.19
2184,2017,0.18
2184,2018,0.181
2184,2019,0.186
2184,2020,0.182
2184,2021,0.18
2184,2022,0.166
2260,2012,0.137
2260,2013,0.151
2260,2014,0.137
2260,2015,0.154
2260,2016,0.154
2260,2017,0.152
2260,2018,0.168
2260,2019,0.155
2260,2020,0.104
2260,2021,0.121
2260,2022,0.114
2262,2012,0.274
2262,2013,0.284
2262,2014,0.283
2262,2015,0.265
2262,2016,0.267
2262,2017,0.278
2262,2018,0.253
2262,2019,0.235
2262,2020,0.234
2262,2021,0.227
2262,2022,0.219
2280,2012,0.174
2280,2013,0.178
2280,2014,0.189
2280,2015,0.229
2280,2016,0.239
2280,2017,0.23
2280,2018,0.226
2280,2019,0.225
2280,2020,0.228
2280,2021,0.222
2280,2022,0.211
2281,2012,0.224
2281,2013,0.226
2281,2014,0.223
2281,2015,0.221
2281,2016,0.23
2281,2017,0.229
2281,2018,0.225
2281,2019,0.22
2281,2020,0.209
2281,2021,0.202
2281,2022,0.2
2282,2012,0.143
2282,2013,0.159
2282,2014,0.171
2282,2015,0.162
2282,2016,0.193
2282,2017,0.22
2282,2018,0.201
2282,2019,0.232
2282,2020,0.225
2282,2021,0.216
2282,2022,0.2
2283,2012,0.175
2283,2013,0.187
2283,2014,0.201
2283,2015,0.202
2283,2016,0.235
2283,2017,0.25
2283,2018,0.257
2283,2019,0.226
2283,2020,0.217
2283,2021,0.191
2283,2022,0.19
2284,2012,0.162
2284,2013,0.166
2284,2014,0.163
2284,2015,0.175
2284,2016,0.184
2284,2017,0.18
2284,2018,0.181
2284,2019,0.187
2284,2020,0.165
2284,2021,0.157
2284,2022,0.149
2303,2012,0.165
2303,2013,0.176
2303,2014,0.171
2303,2015,0.173
2303,2016,0.21
2303,2017,0.243
2303,2018,0.224
2303,2019,0.206
2303,2020,0.192
2303,2021,0.214
2303,2022,0.198
2305,2012,0.17
2305,2013,0.194
2305,2014,0.195
2305,2015,0.221
2305,2016,0.243
2305,2017,0.276
2305,2018,0.282
2305,2019,0.225
2305,2020,0.247
2305,2021,0.244
2305,2022,0.193
2309,2012,0.183
2309,2013,0.194
2309,2014,0.18
2309,2015,0.211
2309,2016,0.212
2309,2017,0.189
2309,2018,0.211
2309,2019,0.221
2309,2020,0.218
2309,2021,0.24
2309,2022,0.224
2313,2012,0.257
2313,2013,0.271
2313,2014,0.254
2313,2015,0.229
2313,2016,0.245
2313,2017,0.266
2313,2018,0.272
2313,2019,0.237
2313,2020,0.249
2313,2021,0.251
2313,2022,0.292
2321,2012,0.233
2321,2013,0.232
2321,2014,0.251
2321,2015,0.247
2321,2016,0.293
2321,2017,0.299
2321,2018,0.312
2321,2019,0.314
2321,2020,0.331
2321,2021,0.311
2321,2022,0.29
2326,2012,0.25
2326,2013,0.294
2326,2014,0.302
2326,2015,0.329
2326,2016,0.325
2326,2017,0.312
2326,2018,0.305
2326,2019,0.318
2326,2020,0.344
2326,2021,0.375
2326,2022,0.365
2361,2012,0.178
2361,2013,0.24
2361,2014,0.192
2361,2015,0.237
2361,2016,0.24
2361,2017,0.297
2361,2018,0.278
2361,2019,0.264
2361,2020,0.262
2361,2021,0.253
2361,2022,0.259
2380,2012,0.133
2380,2013,0.136
2380,2014,0.138
2380,2015,0.149
2380,2016,0.156
2380,2017,0.157
2380,2018,0.16
2380,2019,0.155
2380,2020,0.154
2380,2021,0.15
2380,2022,0.149
2401,2012,0.136
2401,2013,0.159
2401,2014,0.208
2401,2015,0.196
2401,2016,0.198
2401,2017,0.185
2401,2018,0.194
2401,2019,0.2
2401,2020,0.187
2401,2021,0.176
2401,2022,0.126
2403,2012,0.229
2403,2013,0.11
2403,2014,0.121
2403,2015,0.261
2403,2016,0.313
2403,2017,0.261
2403,2018,0.217
2403,2019,0.199
2403,2020,0.148
2403,2021,0.215
2403,2022,0.232
2404,2012,0.102
2404,2013,0.164
2404,2014,0.185
2404,2015,0.203
2404,2016,0.241
2404,2017,0.215
2404,2018,0.223
2404,2019,0.241
2404,2020,0.193
2404,2021,0.193
2404,2022,0.212
2409,2012,0.154
2409,2013,0.165
2409,2014,0.17
2409,2015,0.16
2409,2016,0.158
2409,2017,0.173
2409,2018,0.173
2409,2019,0.179
2409,2020,0.185
2409,2021,0.187
2409,2022,0.175
2417,2012,0.127
2417,2013,0.168
2417,2014,0.177
2417,2015,0.169
2417,2016,0.152
2417,2017,0.194
2417,2018,0.181
2417,2019,0.174
2417,2020,0.184
2417,2021,0.2
2417,2022,0.196
2418,2012,0.102
2418,2013,0.117
2418,2014,0.138
2418,2015,0.205
2418,2016,0.201
2418,2017,0.214
2418,2018,0.234
2418,2019,0.275
2418,2020,0.258
2418,2021,0.278
2418,2022,0.254
2421,2012,0.098
2421,2013,0.104
2421,2014,0.118
2421,2015,0.154
2421,2016,0.169
2421,2017,0.173
2421,2018,0.185
2421,2019,0.203
2421,2020,0.166
2421,2021,0.179
2421,2022,0.138
2422,2012,0.429
2422,2013,0.313
2422,2014,0.296
2422,2015,0.332
2422,2016,0.477
2422,2017,0.476
2422,2018,0.402
2422,2019,0.315
2422,2020,0.29
2422,2021,0.235
2422,2022,0.275
2425,2012,0.118
2425,2013,0.152
2425,2014,0.117
2425,2015,0.194
2425,2016,0.194
2425,2017,0.179
2425,2018,0.106
2425,2019,0.152
2425,2020,0.104
2425,2021,0.084
2425,2022,0.094
2460,2012,0.111
2460,2013,0.111
2460,2014,0.139
2460,2015,0.133
2460,2016,0.143
2460,2017,0.172
2460,2018,0.172
2460,2019,0.157
2460,2020,0.13
2460,2021,0.123
2460,2022,0.112
2462,2012,0.178
2462,2013,0.189
2462,2014,0.179
2462,2015,0.172
2462,2016,0.179
2462,2017,0.21
2462,2018,0.215
2462,2019,0.219
2462,2020,0.194
2462,2021,0.175
2462,2022,0.173
2463,2012,0.087
2463,2013,0.099
2463,2014,0.131
2463,2015,0.188
2463,2016,0.17
2463,2017,0.15
2463,2018,0.095
2463,2019,0.108
2463,2020,0.179
2463,2021,0.128
2463,2022,0.108
2480,2012,0.121
2480,2013,0.126
2480,2014,0.122
2480,2015,0.13
2480,2016,0.132
2480,2017,0.137
2480,2018,0.138
2480,2019,0.146
2480,2020,0.146
2480,2021,0.138
2480,2022,0.138
2481,2012,0.134
2481,2013,0.138
2481,2014,0.142
2481,2015,0.129
2481,2016,0.132
2481,2017,0.125
2481,2018,0.135
2481,2019,0.134
2481,2020,0.127
2481,2021,0.128
2481,2022,0.124
2482,2012,0.13
2482,2013,0.143
2482,2014,0.136
2482,2015,0.14
2482,2016,0.145
2482,2017,0.146
2482,2018,0.152
2482,2019,0.144
2482,2020,0.142
2482,2021,0.145
2482,2022,0.142
2505,2012,0.099
2505,2013,0.12
2505,2014,0.153
2505,2015,0.133
2505,2016,0.129
2505,2017,0.13
2505,2018,0.115
2505,2019,0.119
2505,2020,0.093
2505,2021,0.091
2505,2022,0.099
2506,2012,0.179
2506,2013,0.2
2506,2014,0.155
2506,2015,0.172
2506,2016,0.257
2506,2017,0.215
2506,2018,0.192
2506,2019,0.198
2506,2020,0.138
2506,2021,0.08
2506,2022,0.128
2510,2012,0.172
2510,2013,0.128
2510,2014,0.133
2510,2015,0.155
2510,2016,0.207
2510,2017,0.225
2510,2018,0.165
2510,2019,0.183
2510,2020,0.182
2510,2021,0.181
2510,2022,0.152
2513,2012,0.077
2513,2013,0.054
2513,2014,0.094
2513,2015,0.218
2513,2016,0.195
2513,2017,0.208
2513,2018,0.124
2513,2019,0.129
2513,2020,0.157
2513,2021,0.137
2513,2022,0.125
2514,2012,0.117
2514,2013,0.118
2514,2014,0.135
2514,2015,0.128
2514,2016,0.144
2514,2017,0.164
2514,2018,0.14
2514,2019,0.135
2514,2020,0.125
2514,2021,0.117
2514,2022,0.134
2518,2012,0.189
2518,2013,0.241
2518,2014,0.22
2518,2015,0.238
2518,2016,0.269
2518,2017,0.253
2518,2018,0.25
2518,2019,0.187
2518,2020,0.181
2518,2021,0.209
2518,2022,0.181
2521,2012,0.213
2521,2013,0.208
2521,2014,0.216
2521,2015,0.221
2521,2016,0.245
2521,2017,0.239
2521,2018,0.225
2521,2019,0.232
2521,2020,0.201
2521,2021,0.189
2521,2022,0.182
2523,2012,0.145
2523,2013,0.16
2523,2014,0.143
2523,2015,0.133
2523,2016,0.142
2523,2017,0.144
2523,2018,0.157
2523,2019,0.149
2523,2020,0.141
2523,2021,0.139
2523,2022,0.142
2560,2012,0.157
2560,2013,0.165
2560,2014,0.16
2560,2015,0.153
2560,2016,0.192
2560,2017,0.207
2560,2018,0.169
2560,2019,0.165
2560,2020,0.176
2560,2021,0.175
2560,2022,0.145
2580,2012,0.144
2580,2013,0.157
2580,2014,0.154
2580,2015,0.149
2580,2016,0.15
2580,2017,0.149
2580,2018,0.136
2580,2019,0.139
2580,2020,0.13
2580,2021,0.131
2580,2022,0.131
2581,2012,0.118
2581,2013,0.127
2581,2014,0.116
2581,2015,0.114
2581,2016,0.116
2581,2017,0.127
2581,2018,0.124
2581,2019,0.131
2581,2020,0.126
2581,2021,0.126
2581,2022,0.122
2582,2012,0.136
2582,2013,0.149
2582,2014,0.139
2582,2015,0.145
2582,2016,0.148
2582,2017,0.15
2582,2018,0.147
2582,2019,0.137
2582,2020,0.128
2582,2021,0.132
2582,2022,0.133
2583,2012,0.163
2583,2013,0.196
2583,2014,0.185
2583,2015,0.186
2583,2016,0.222
2583,2017,0.198
2583,2018,0.227
2583,2019,0.221
2583,2020,0.186
2583,2021,0.162
2583,2022,0.184
2584,2012,0.156
2584,2013,0.168
2584,2014,0.172
2584,2015,0.177
2584,2016,0.166
2584,2017,0.147
2584,2018,0.137
2584,2019,0.147
2584,2020,0.14
2584,2021,0.144
2584,2022,0.144
