kommun,year,mean_boarea_allmhyres
0114,2012,67.01
0114,2013,67.169
0114,2014,66.92
0114,2015,66.657
0114,2016,66.917
0114,2017,66.908
0114,2018,66.857
0114,2019,67.022
0114,2020,66.696
0114,2021,66.761
0114,2022,65.781
0115,2012,62.758
0115,2013,62.793
0115,2014,62.793
0115,2015,63.24
0115,2016,63.216
0115,2017,62.624
0115,2018,63.207
0115,2019,62.494
0115,2020,63.215
0115,2021,62.533
0115,2022,62.533
0117,2012,67.986
0117,2013,68.149
0117,2014,67.893
0117,2015,67.887
0117,2016,67.828
0117,2017,67.749
0117,2018,67.814
0117,2019,67.77
0117,2020,67.809
0117,2021,67.452
0117,2022,67.738
0120,2012,62.308
0120,2013,62.132
0120,2014,61.743
0120,2015,61.757
0120,2016,61.642
0120,2017,61.605
0120,2018,61.52
0120,2019,61.147
0120,2020,60.908
0120,2021,60.618
0120,2022,60.621
0123,2012,74.315
0123,2013,74.758
0123,2014,74.837
0123,2015,74.74
0123,2016,74.715
0123,2017,74.778
0123,2018,74.732
0123,2019,74.743
0123,2020,74.034
0123,2021,73.938
0123,2022,73.847
0125,2012,73.398
0125,2013,73.37
0125,2014,73.513
0125,2015,73.538
0125,2016,73.382
0125,2017,73.425
0125,2018,73.282
0125,2019,72.821
0125,2020,73.107
0125,2021,71.928
0125,2022,71.608
0126,2012,67.522
0126,2013,67.699
0126,2014,67.692
0126,2015,67.538
0126,2016,67.491
0126,2017,67.575
0126,2018,67.348
0126,2019,67.204
0126,2020,67.075
0126,2021,67.072
0126,2022,67.213
0127,2012,72.683
0127,2013,72.655
0127,2014,72.614
0127,2015,71.815
0127,2016,71.777
0127,2017,71.697
0127,2018,71.696
0127,2019,71.615
0127,2020,71.567
0127,2021,71.56
0127,2022,71.562
0136,2012,75.436
0136,2013,75.447
0136,2014,75.123
0136,2015,74.883
0136,2016,74.92
0136,2017,75.052
0136,2018,72.672
0136,2019,72.54
0136,2020,72.171
0136,2021,71.941
0136,2022,71.744
0138,2012,72.408
0138,2013,72.481
0138,2014,72.251
0138,2015,72.231
0138,2016,72.215
0138,2017,72.099
0138,2018,70.747
0138,2019,70.527
0138,2020,70.568
0138,2021,70.539
0138,2022,70.398
0139,2012,68.192
0139,2013,67.771
0139,2014,68.189
0139,2015,68.324
0139,2016,68.429
0139,2017,68.446
0139,2018,68.63
0139,2019,67.408
0139,2020,67.523
0139,2021,67.345
0139,2022,67.655
0140,2012,65.107
0140,2013,64.395
0140,2014,62.713
0140,2015,65.007
0140,2016,65.352
0140,2017,65.269
0140,2018,65.128
0140,2019,65.09
0140,2020,65.119
0140,2021,64.639
0140,2022,63.99
0163,2012,67.87
0163,2013,67.953
0163,2014,67.69
0163,2015,67.745
0163,2016,67.217
0163,2017,67.194
0163,2018,67.156
0163,2019,68.004
0163,2020,67.935
0163,2021,67.782
0163,2022,67.709
0180,2012,65.524
0180,2013,65.559
0180,2014,65.573
0180,2015,65.652
0180,2016,65.656
0180,2017,65.724
0180,2018,65.758
0180,2019,65.854
0180,2020,65.726
0180,2021,65.709
0180,2022,65.611
0181,2012,67.417
0181,2013,67.02
0181,2014,67.276
0181,2015,67.247
0181,2016,66.901
0181,2017,66.842
0181,2018,66.651
0181,2019,66.501
0181,2020,66.241
0181,2021,66.349
0181,2022,66.322
0183,2012,72.764
0183,2013,73.196
0183,2014,72.849
0183,2015,72.556
0183,2016,72.458
0183,2017,71.936
0183,2018,71.965
0183,2019,71.853
0183,2020,71.951
0183,2021,71.761
0183,2022,71.607
0184,2012,71.809
0184,2013,71.874
0184,2014,71.648
0184,2015,71.748
0184,2016,71.725
0184,2017,71.743
0184,2018,71.798
0184,2019,71.755
0184,2020,71.034
0184,2021,71.108
0184,2022,71.031
0186,2012,59.753
0186,2013,59.493
0186,2014,59.157
0186,2015,59.17
0186,2016,59.142
0188,2012,65.315
0188,2013,65.222
0188,2014,65.196
0188,2015,65.132
0188,2016,65.163
0188,2017,65.161
0188,2018,64.682
0188,2019,64.664
0188,2020,64.751
0188,2021,64.678
0188,2022,64.753
0191,2012,71.215
0191,2013,71.231
0191,2014,70.668
0191,2015,70.688
0191,2016,70.37
0191,2017,70.077
0191,2018,70.019
0191,2019,70.105
0191,2020,70.221
0191,2021,69.478
0191,2022,69.236
0192,2012,68.467
0192,2013,68.409
0192,2014,68.354
0192,2015,67.74
0192,2016,66.665
0192,2017,66.515
0192,2018,66.933
0192,2019,66.905
0192,2020,66.812
0192,2021,66.828
0192,2022,66.256
0305,2012,68.707
0305,2013,68.327
0305,2014,68.458
0305,2015,68.303
0305,2016,68.139
0305,2017,67.801
0305,2018,67.824
0305,2019,66.29
0305,2020,66.134
0305,2021,66.068
0305,2022,65.894
0319,2012,60.644
0319,2013,60.831
0319,2014,60.675
0319,2015,60.95
0319,2016,60.336
0319,2017,60.473
0319,2018,60.486
0319,2019,60.559
0319,2020,60.944
0319,2021,60.642
0319,2022,60.541
0330,2012,69.133
0330,2013,69.265
0330,2014,69.16
0330,2015,69.033
0330,2016,69.101
0330,2017,69.375
0330,2018,68.822
0330,2019,67.442
0330,2020,67.45
0330,2021,67.584
0330,2022,67.613
0331,2012,61.123
0331,2013,61.696
0331,2014,61.538
0331,2015,61.602
0331,2016,61.546
0331,2017,61.353
0331,2018,61.185
0331,2019,61.237
0331,2020,61.2
0331,2021,60.89
0331,2022,61.107
0360,2012,66.583
0360,2013,66.331
0360,2014,66.364
0360,2015,66.548
0360,2016,66.638
0360,2017,66.278
0360,2018,65.965
0360,2019,65.599
0360,2020,64.971
0360,2021,64.644
0360,2022,64.596
0380,2012,65.326
0380,2013,65.163
0380,2014,65.139
0380,2015,64.974
0380,2016,64.887
0380,2017,64.964
0380,2018,64.79
0380,2019,64.509
0380,2020,64.382
0380,2021,64.197
0380,2022,64.179
0381,2012,68.897
0381,2013,68.746
0381,2014,68.345
0381,2015,68.241
0381,2016,68.179
0381,2017,68.015
0381,2018,68.056
0381,2019,66.476
0381,2020,65.292
0381,2021,64.569
0381,2022,63.868
0382,2012,62.966
0382,2013,63.066
0382,2014,62.958
0382,2015,63.302
0382,2016,63.441
0382,2017,63.413
0382,2018,62.637
0382,2019,62.613
0382,2020,62.634
0382,2021,62.499
0382,2022,62.326
0428,2012,62.679
0428,2013,64.813
0428,2014,64.838
0428,2015,66.38
0428,2016,66.302
0428,2017,66.036
0428,2018,67.245
0428,2019,67.085
0428,2020,68.31
0428,2021,67.2
0428,2022,66.98
0461,2012,67.946
0461,2013,67.765
0461,2014,67.825
0461,2015,67.755
0461,2016,67.939
0461,2017,68.186
0461,2018,68.177
0461,2019,67.847
0461,2020,66.805
0461,2021,66.658
0461,2022,66.578
0480,2012,68.343
0480,2013,68.24
0480,2014,66.952
0480,2015,66.646
0480,2016,66.657
0480,2017,66.572
0480,2018,66.665
0480,2019,66.495
0480,2020,66.215
0480,2021,66.138
0480,2022,66.317
0481,2012,71.177
0481,2013,71.247
0481,2014,71.101
0481,2015,71.207
0481,2016,71.654
0481,2017,71.434
0481,2018,70.947
0481,2019,71.049
0481,2020,71.068
0481,2021,70.948
0481,2022,70.908
0482,2012,66.468
0482,2013,66.614
0482,2014,66.467
0482,2015,66.561
0482,2016,66.413
0482,2017,66.339
0482,2018,66.415
0482,2019,66.771
0482,2020,66.658
0482,2021,66.582
0482,2022,66.52
0483,2012,63.467
0483,2013,64.258
0483,2014,64.045
0483,2015,64.002
0483,2016,63.851
0483,2017,63.548
0483,2018,63.389
0483,2019,63.238
0483,2020,63.362
0483,2021,63.187
0483,2022,63.129
0484,2012,70.376
0484,2013,70.464
0484,2014,70.286
0484,2015,70.312
0484,2016,70.014
0484,2017,69.587
0484,2018,69.623
0484,2019,68.888
0484,2020,68.75
0484,2021,68.38
0484,2022,68.352
0486,2012,70.651
0486,2013,70.622
0486,2014,70.376
0486,2015,70.17
0486,2016,70.308
0486,2017,70.253
0486,2018,69.688
0486,2019,69.569
0486,2020,69.81
0486,2021,69.669
0486,2022,69.582
0488,2012,62.015
0488,2013,61.691
0488,2014,61.69
0488,2015,61.893
0488,2016,61.911
0488,2017,61.901
0488,2018,62.499
0488,2019,62.016
0488,2020,59.283
0488,2021,58.823
0488,2022,59.201
0509,2012,66.455
0509,2013,66.94
0509,2014,66.188
0509,2015,67.212
0509,2016,66.37
0509,2017,66.311
0509,2018,66.158
0509,2019,66.409
0509,2020,66.088
0509,2021,66.072
0509,2022,65.694
0512,2012,63.352
0512,2013,62.409
0512,2014,63.057
0512,2015,64.443
0512,2016,64.402
0512,2017,65.751
0512,2018,65.807
0512,2019,65.298
0512,2020,64.225
0512,2021,62.023
0512,2022,64.226
0513,2012,65.642
0513,2013,66.079
0513,2014,65.91
0513,2015,66.02
0513,2016,65.686
0513,2017,65.777
0513,2018,65.766
0513,2019,65.635
0513,2020,65.582
0513,2021,65.346
0513,2022,65.592
0560,2012,65.009
0560,2013,65.104
0560,2014,64.739
0560,2015,64.675
0560,2016,64.674
0560,2017,64.436
0560,2018,64.595
0560,2019,63.865
0560,2020,63.625
0560,2021,63.851
0560,2022,63.651
0562,2012,67.234
0562,2013,66.708
0562,2014,66.826
0562,2015,66.565
0562,2016,66.523
0562,2017,66.71
0562,2018,66.674
0562,2019,65.707
0562,2020,65.245
0562,2021,65.427
0562,2022,65.314
0580,2012,69.701
0580,2013,70.007
0580,2014,69.836
0580,2015,69.865
0580,2016,69.728
0580,2017,69.801
0580,2018,69.743
0580,2019,69.598
0580,2020,69.334
0580,2021,69.449
0580,2022,69.422
0581,2012,69.46
0581,2013,70.039
0581,2014,70.087
0581,2015,70.119
0581,2016,70.168
0581,2017,70.148
0581,2018,70.39
0581,2019,70.253
0581,2020,69.946
0581,2021,69.693
0581,2022,69.716
0582,2012,73.074
0582,2013,73.37
0582,2014,73.37
0582,2015,73.512
0582,2016,72.796
0582,2017,73.01
0582,2018,72.888
0582,2019,72.471
0582,2020,72.91
0582,2021,72.78
0582,2022,72.98
0583,2012,68.58
0583,2013,68.622
0583,2014,68.641
0583,2015,68.741
0583,2016,68.84
0583,2017,68.889
0583,2018,68.76
0583,2019,68.607
0583,2020,68.61
0583,2021,68.699
0583,2022,68.618
0584,2012,69.948
0584,2013,69.793
0584,2014,70.025
0584,2015,69.867
0584,2016,69.842
0584,2017,70.225
0584,2018,70.139
0584,2019,69.938
0584,2020,70.091
0584,2021,69.475
0584,2022,69.515
0586,2012,67.69
0586,2013,67.486
0586,2014,67.657
0586,2015,67.466
0586,2016,67.204
0586,2017,66.973
0586,2018,66.905
0586,2019,66.859
0586,2020,66.466
0586,2021,66.446
0586,2022,65.997
0604,2012,71.512
0604,2013,71.51
0604,2014,71.494
0604,2015,71.301
0604,2016,72.249
0604,2017,70.93
0604,2018,70.72
0604,2019,70.428
0604,2020,70.325
0604,2021,70.243
0604,2022,70.172
0617,2012,63.791
0617,2013,63.425
0617,2014,63.79
0617,2015,63.865
0617,2016,64.166
0617,2017,63.425
0617,2018,63.582
0617,2019,64.099
0617,2020,63.795
0617,2021,63.726
0617,2022,64.022
0642,2012,64.238
0642,2013,64.462
0642,2014,64.494
0642,2015,64.313
0642,2016,64.415
0642,2017,63.487
0642,2018,63.694
0642,2019,63.54
0642,2020,63.676
0642,2021,63.453
0642,2022,63.439
0643,2012,64.444
0643,2013,64.575
0643,2014,64.634
0643,2015,64.666
0643,2016,64.271
0643,2017,64.398
0643,2018,63.548
0643,2019,63.37
0643,2020,63.165
0643,2021,63.661
0643,2022,63.271
0662,2012,65.987
0662,2013,65.996
0662,2014,65.531
0662,2015,65.963
0662,2016,66.144
0662,2017,66.12
0662,2018,66.182
0662,2019,66.082
0662,2020,65.665
0662,2021,65.798
0662,2022,65.827
0665,2012,65.784
0665,2013,65.188
0665,2014,65.285
0665,2015,64.931
0665,2016,64.825
0665,2017,64.856
0665,2018,64.918
0665,2019,64.818
0665,2020,65.524
0665,2021,65.531
0665,2022,65.434
0680,2012,69.086
0680,2013,69.036
0680,2014,68.96
0680,2015,69.045
0680,2016,69.044
0680,2017,68.95
0680,2018,68.868
0680,2019,68.85
0680,2020,68.684
0680,2021,68.726
0680,2022,68.583
0682,2012,68.305
0682,2013,68.033
0682,2014,67.854
0682,2015,67.696
0682,2016,67.396
0682,2017,67.807
0682,2018,67.621
0682,2019,67.668
0682,2020,67.768
0682,2021,67.889
0682,2022,67.997
0683,2012,65.119
0683,2013,65.149
0683,2014,64.982
0683,2015,64.912
0683,2016,64.784
0683,2017,64.682
0683,2018,65.181
0683,2019,65.258
0683,2020,65.27
0683,2021,65.137
0683,2022,65.189
0684,2012,70.457
0684,2013,70.016
0684,2014,70.605
0684,2015,70.114
0684,2016,67.391
0684,2017,67.235
0684,2018,66.703
0684,2019,66.846
0684,2020,66.728
0684,2021,66.758
0684,2022,67.403
0685,2012,69.638
0685,2013,71.098
0685,2014,70.635
0685,2015,70.892
0685,2016,70.809
0685,2017,70.807
0685,2018,70.441
0685,2019,69.822
0685,2020,69.779
0685,2021,70.043
0685,2022,69.783
0686,2012,70.5
0686,2013,70.441
0686,2014,71.192
0686,2015,71.242
0686,2016,70.832
0686,2017,70.024
0686,2018,69.63
0686,2019,69.453
0686,2020,69.162
0686,2021,69.32
0686,2022,68.835
0687,2012,60.765
0687,2013,62.327
0687,2014,62.657
0687,2015,62.774
0687,2016,62.797
0687,2017,62.98
0687,2018,62.824
0687,2019,62.7
0687,2020,63.236
0687,2021,63.606
0687,2022,63.903
0760,2012,62.983
0760,2013,63.243
0760,2014,62.744
0760,2015,62.178
0760,2016,62.572
0760,2017,62.948
0760,2018,62.71
0760,2019,62.867
0760,2020,62.965
0760,2021,63.299
0760,2022,62.781
0761,2012,61.69
0761,2013,61.342
0761,2014,61.735
0761,2015,61.685
0761,2016,61.438
0761,2017,61.121
0761,2018,61.173
0761,2019,61.648
0761,2020,61.275
0761,2021,61.446
0761,2022,61.566
0763,2012,64.038
0763,2013,64.176
0763,2014,64.109
0763,2015,63.584
0763,2016,64.339
0763,2017,64.341
0763,2018,64.098
0763,2019,63.844
0763,2020,63.849
0763,2021,64.061
0763,2022,64.013
0764,2012,63.899
0764,2013,63.994
0764,2014,63.98
0764,2015,63.877
0764,2016,63.883
0764,2017,63.781
0764,2018,63.771
0764,2019,63.772
0764,2020,63.943
0764,2021,63.56
0764,2022,63.739
0765,2012,65.25
0765,2013,65.46
0765,2014,65.832
0765,2015,65.861
0765,2016,65.867
0765,2017,66.282
0765,2018,66.918
0765,2019,66.873
0765,2020,66.369
0765,2021,66.378
0765,2022,65.775
0780,2012,71.167
0780,2013,71.106
0780,2014,70.98
0780,2015,71.232
0780,2016,70.336
0780,2017,70.13
0780,2018,70.152
0780,2019,70.034
0780,2020,69.95
0780,2021,69.956
0780,2022,70.29
0781,2012,62.672
0781,2013,63.118
0781,2014,62.841
0781,2015,63.187
0781,2016,63.781
0781,2017,63.682
0781,2018,62.647
0781,2019,61.526
0781,2020,60.653
0781,2021,60.856
0781,2022,60.682
0821,2012,63.074
0821,2013,63.119
0821,2014,62.739
0821,2015,63.285
0821,2016,62.84
0821,2017,62.994
0821,2018,63.103
0821,2019,63.002
0821,2020,63.448
0821,2021,63.245
0821,2022,62.748
0834,2012,60.434
0834,2013,59.978
0834,2014,60.533
0834,2015,60.32
0834,2016,59.563
0834,2017,59.046
0834,2018,59.927
0834,2019,59.717
0834,2020,59.674
0834,2021,59.634
0834,2022,59.285
0840,2012,63.08
0840,2013,63.005
0840,2014,62.954
0840,2015,63.142
0840,2016,62.912
0840,2017,62.995
0840,2018,63.037
0840,2019,62.102
0840,2020,62.078
0840,2021,62.179
0840,2022,61.997
0860,2012,64.489
0860,2013,64.65
0860,2014,64.859
0860,2015,64.76
0860,2016,64.846
0860,2017,64.724
0860,2018,65.12
0860,2019,65.026
0860,2020,64.904
0860,2021,65.44
0860,2022,65.36
0861,2012,60.858
0861,2013,60.98
0861,2014,60.862
0861,2015,60.511
0861,2016,60.551
0861,2017,60.582
0861,2018,60.741
0861,2019,60.898
0861,2020,61.105
0861,2021,60.889
0861,2022,62.09
0862,2012,63.368
0862,2013,64.036
0862,2014,63.816
0862,2015,64.076
0862,2016,63.897
0862,2017,63.745
0862,2018,63.272
0862,2019,63.427
0862,2020,63.333
0862,2021,63.748
0862,2022,63.423
0880,2012,65.195
0880,2013,65.17
0880,2014,64.996
0880,2015,64.915
0880,2016,65.111
0880,2017,64.934
0880,2018,64.473
0880,2019,64.532
0880,2020,63.219
0880,2021,63.194
0880,2022,63.164
0881,2012,66.072
0881,2013,65.966
0881,2014,66.048
0881,2015,65.893
0881,2016,66.058
0881,2017,65.604
0881,2018,65.768
0881,2019,65.477
0881,2020,65.374
0881,2021,65.541
0881,2022,65.553
0882,2012,67.627
0882,2013,67.633
0882,2014,67.58
0882,2015,67.516
0882,2016,67.796
0882,2017,67.994
0882,2018,67.868
0882,2019,67.66
0882,2020,67.626
0882,2021,67.613
0882,2022,67.763
0883,2012,67.127
0883,2013,66.919
0883,2014,66.708
0883,2015,66.716
0883,2016,66.831
0883,2017,67.241
0883,2018,67.025
0883,2019,67.052
0883,2020,67.067
0883,2021,67.008
0883,2022,67.166
0884,2012,65.029
0884,2013,64.962
0884,2014,64.721
0884,2015,64.649
0884,2016,64.883
0884,2017,64.882
0884,2018,64.836
0884,2019,64.526
0884,2020,64.461
0884,2021,64.643
0884,2022,64.836
0980,2012,65.991
0980,2013,66.109
0980,2014,65.93
0980,2015,65.942
0980,2016,65.759
0980,2017,65.751
0980,2018,65.425
0980,2019,65.236
0980,2020,65.304
0980,2021,65.087
0980,2022,65.158
1060,2012,62.986
1060,2013,62.998
1060,2014,63.051
1060,2015,62.887
1060,2016,62.89
1060,2017,62.927
1060,2018,62.73
1060,2019,62.852
1060,2020,62.581
1060,2021,62.839
1060,2022,63.028
1080,2012,67.143
1080,2013,66.982
1080,2014,66.977
1080,2015,66.948
1080,2016,66.894
1080,2017,66.897
1080,2018,67.332
1080,2019,67.387
1080,2020,66.987
1080,2021,67.138
1080,2022,66.859
1081,2012,64.488
1081,2013,64.678
1081,2014,65.351
1081,2015,65.453
1081,2016,65.363
1081,2017,65.366
1081,2018,65.356
1081,2019,65.575
1081,2020,65.507
1081,2021,66.008
1081,2022,66.089
1082,2012,63.232
1082,2013,63.138
1082,2014,63.264
1082,2015,63.332
1082,2016,63.435
1082,2017,63.447
1082,2018,63.572
1082,2019,63.531
1082,2020,63.453
1082,2021,63.741
1082,2022,64.191
1083,2012,64.127
1083,2013,64.355
1083,2014,64.366
1083,2015,64.395
1083,2016,64.348
1083,2017,64.412
1083,2018,62.679
1083,2019,62.733
1083,2020,62.759
1083,2021,62.684
1083,2022,62.668
1214,2012,63.364
1214,2013,63.292
1214,2014,63.411
1214,2015,63.245
1214,2016,63.317
1214,2017,62.953
1214,2018,62.493
1214,2019,62.903
1214,2020,62.637
1214,2021,62.87
1214,2022,62.604
1230,2012,63.493
1230,2013,63.583
1231,2012,70.688
1231,2013,70.611
1231,2014,70.631
1231,2015,70.665
1231,2016,70.559
1231,2017,70.652
1231,2018,70.696
1231,2019,70.645
1231,2020,70.652
1231,2021,70.647
1231,2022,70.589
1233,2012,69.955
1233,2013,69.747
1233,2014,69.546
1233,2015,69.709
1233,2016,68.847
1233,2017,68.956
1233,2018,68.859
1233,2019,69.17
1233,2020,69.011
1233,2021,69.006
1233,2022,69.062
1256,2012,65.131
1256,2013,65.512
1256,2014,65.478
1256,2015,65.087
1256,2016,65.147
1256,2017,64.999
1256,2018,64.87
1256,2019,64.945
1256,2020,64.818
1256,2021,64.796
1256,2022,64.749
1257,2012,67.26
1257,2013,67.981
1257,2014,68.121
1257,2015,67.063
1257,2016,67.367
1257,2017,66.629
1257,2018,67.25
1257,2019,66.704
1257,2020,67.457
1257,2021,66.811
1257,2022,67.416
1260,2012,66.749
1260,2013,67.049
1260,2014,67.194
1260,2015,66.773
1260,2016,66.788
1260,2017,66.654
1260,2018,66.962
1260,2019,67.159
1260,2020,66.377
1260,2021,66.575
1260,2022,66.683
1261,2012,64.232
1261,2013,64.327
1261,2014,64.173
1261,2015,64.187
1261,2016,64.4
1261,2017,64.43
1261,2018,64.511
1261,2019,64.454
1261,2020,64.248
1261,2021,64.18
1261,2022,64.241
1263,2012,65.717
1263,2013,65.697
1263,2014,65.682
1263,2015,65.762
1263,2016,65.945
1263,2017,65.902
1263,2018,65.995
1263,2019,66.026
1263,2020,65.955
1263,2021,65.39
1263,2022,65.271
1264,2012,67.289
1264,2013,67.541
1264,2014,67.53
1264,2015,67.792
1264,2016,67.234
1264,2017,67.248
1264,2018,67.263
1264,2019,67.298
1264,2020,67.5
1264,2021,67.173
1264,2022,67.405
1265,2012,60.263
1265,2013,60.631
1265,2014,60.662
1265,2015,60.785
1265,2016,60.878
1265,2017,60.095
1265,2018,60.171
1265,2019,60.213
1265,2020,60.32
1265,2021,60.884
1265,2022,60.595
1266,2012,64.586
1266,2013,64.515
1266,2014,65.474
1266,2015,64.95
1266,2016,64.643
1266,2017,64.531
1266,2018,64.637
1266,2019,64.756
1266,2020,64.537
1266,2021,64.441
1266,2022,64.743
1267,2012,70.372
1267,2013,70.064
1267,2014,69.991
1267,2015,70.446
1267,2016,70.213
1267,2017,69.636
1267,2018,69.704
1267,2019,69.702
1267,2020,69.499
1267,2021,69.832
1267,2022,69.7
1270,2012,71.374
1270,2013,72.077
1270,2014,71.685
1270,2015,71.714
1270,2016,71.925
1270,2017,71.912
1270,2018,71.466
1270,2019,68.943
1270,2020,68.96
1270,2021,68.84
1270,2022,68.357
1272,2012,70.093
1272,2013,69.836
1272,2014,69.993
1272,2015,69.741
1272,2016,69.926
1272,2017,69.88
1272,2018,69.72
1272,2019,69.891
1272,2020,69.513
1272,2021,69.565
1272,2022,69.778
1273,2012,63.0
1273,2013,63.792
1273,2014,63.881
1273,2015,63.278
1273,2016,63.241
1273,2017,63.441
1273,2018,63.091
1273,2019,63.09
1273,2020,63.568
1273,2021,63.596
1273,2022,63.927
1275,2012,67.795
1275,2013,67.24
1275,2014,66.629
1275,2015,66.64
1275,2016,67.293
1275,2017,68.068
1275,2018,67.757
1275,2019,67.645
1275,2020,67.399
1275,2021,66.599
1275,2022,66.848
1276,2012,66.294
1276,2013,66.263
1276,2014,66.521
1276,2015,66.528
1276,2016,66.784
1276,2017,66.774
1276,2018,66.639
1276,2019,66.585
1276,2020,66.635
1276,2021,66.664
1276,2022,66.784
1277,2012,73.54
1277,2013,73.707
1277,2014,73.67
1277,2015,74.413
1277,2016,73.84
1277,2017,73.67
1277,2018,74.472
1277,2019,73.212
1277,2020,71.762
1277,2021,71.247
1277,2022,70.344
1278,2012,62.825
1278,2013,62.709
1278,2014,63.039
1278,2015,63.007
1278,2016,62.829
1278,2017,62.909
1278,2018,63.026
1278,2019,62.463
1278,2020,62.424
1278,2021,62.032
1278,2022,62.399
1280,2012,69.0
1280,2013,68.925
1280,2014,68.866
1280,2015,68.832
1280,2016,68.581
1280,2017,68.444
1280,2018,68.038
1280,2019,67.953
1280,2020,67.778
1280,2021,67.534
1280,2022,67.445
1281,2012,70.78
1281,2013,70.69
1281,2014,70.433
1281,2015,70.363
1281,2016,70.164
1281,2017,69.545
1281,2018,69.457
1281,2019,69.041
1281,2020,68.66
1281,2021,68.465
1281,2022,68.359
1282,2012,67.161
1282,2013,67.228
1282,2014,67.219
1282,2015,67.614
1282,2016,66.03
1282,2017,68.086
1282,2018,68.028
1282,2019,67.899
1282,2020,67.456
1282,2021,67.378
1282,2022,67.447
1283,2012,69.524
1283,2013,69.615
1283,2014,69.454
1283,2015,69.341
1283,2016,69.328
1283,2017,68.889
1283,2018,68.985
1283,2019,68.919
1283,2020,68.867
1283,2021,68.888
1283,2022,68.63
1284,2012,67.296
1284,2013,67.531
1284,2014,67.53
1284,2015,67.402
1284,2016,67.51
1284,2017,67.489
1284,2018,67.285
1284,2019,65.433
1284,2020,65.376
1284,2021,65.271
1284,2022,65.506
1285,2012,73.115
1285,2013,72.804
1285,2014,72.867
1285,2015,72.762
1285,2016,71.102
1285,2017,70.538
1285,2018,70.469
1285,2019,70.277
1285,2020,70.032
1285,2021,70.062
1285,2022,69.959
1286,2012,66.842
1286,2013,66.995
1286,2014,66.762
1286,2015,66.874
1286,2016,66.556
1286,2017,66.691
1286,2018,66.355
1286,2019,66.29
1286,2020,65.489
1286,2021,65.345
1286,2022,65.382
1287,2012,66.247
1287,2013,66.095
1287,2014,66.036
1287,2015,66.105
1287,2016,66.019
1287,2017,65.355
1287,2018,65.191
1287,2019,64.859
1287,2020,65.222
1287,2021,64.629
1287,2022,63.542
1290,2012,67.763
1290,2013,67.657
1290,2014,67.78
1290,2015,67.574
1290,2016,67.623
1290,2017,67.677
1290,2018,67.438
1290,2019,67.294
1290,2020,67.178
1290,2021,67.143
1290,2022,67.062
1291,2012,69.991
1291,2013,69.8
1291,2014,70.23
1291,2015,69.474
1291,2016,69.432
1291,2017,69.3
1291,2018,68.756
1291,2019,68.871
1291,2020,68.737
1291,2021,68.633
1291,2022,68.796
1292,2012,63.424
1292,2013,63.383
1292,2014,63.674
1292,2015,63.875
1292,2016,64.02
1292,2017,63.983
1292,2018,64.13
1292,2019,64.059
1292,2020,64.047
1292,2021,64.159
1292,2022,64.135
1293,2012,68.775
1293,2013,68.557
1293,2014,68.665
1293,2015,68.702
1293,2016,68.645
1293,2017,68.796
1293,2018,68.787
1293,2019,68.969
1293,2020,68.611
1293,2021,68.921
1293,2022,69.088
1315,2012,67.21
1315,2013,67.543
1315,2014,67.753
1315,2015,67.137
1315,2016,67.751
1315,2017,67.823
1315,2018,67.588
1315,2019,67.791
1315,2020,67.917
1315,2021,68.026
1315,2022,67.956
1380,2012,67.782
1380,2013,67.797
1380,2014,68.045
1380,2015,68.035
1380,2016,67.817
1380,2017,67.664
1380,2018,66.186
1380,2019,66.012
1380,2020,65.972
1380,2021,65.805
1380,2022,65.808
1381,2012,63.423
1381,2013,63.482
1381,2014,63.071
1381,2015,63.156
1381,2016,63.147
1381,2017,64.008
1381,2018,63.712
1381,2019,63.756
1381,2020,64.132
1381,2021,64.186
1381,2022,63.667
1382,2012,65.906
1382,2013,65.818
1382,2014,65.742
1382,2015,65.397
1382,2016,65.509
1382,2017,65.648
1382,2018,65.711
1382,2019,65.193
1382,2020,64.719
1382,2021,64.682
1382,2022,64.578
1383,2012,69.881
1383,2013,69.727
1383,2014,69.423
1383,2015,69.372
1383,2016,69.329
1383,2017,69.288
1383,2018,68.743
1383,2019,68.634
1383,2020,68.507
1383,2021,68.285
1383,2022,67.918
1384,2012,72.287
1384,2013,72.017
1384,2014,71.976
1384,2015,71.907
1384,2016,71.837
1384,2017,71.855
1384,2018,71.689
1384,2019,71.797
1384,2020,71.63
1384,2021,71.569
1384,2022,71.565
1401,2012,66.667
1401,2013,66.55
1401,2014,66.487
1401,2015,66.644
1401,2016,66.624
1401,2017,66.565
1401,2018,66.605
1401,2019,66.606
1401,2020,66.464
1401,2021,66.27
1401,2022,66.33
1402,2012,71.593
1402,2013,71.584
1402,2014,71.029
1402,2015,70.561
1402,2016,70.362
1402,2017,70.041
1402,2018,69.83
1402,2019,69.133
1402,2020,69.142
1402,2021,69.062
1402,2022,69.053
1407,2012,64.947
1407,2013,64.544
1407,2014,62.88
1407,2015,63.095
1407,2016,63.543
1407,2017,64.251
1407,2018,64.219
1407,2019,63.97
1407,2020,64.327
1407,2021,63.97
1407,2022,63.88
1415,2012,69.758
1415,2013,69.549
1415,2014,69.503
1415,2015,69.341
1415,2016,69.517
1415,2017,69.315
1415,2018,69.251
1415,2019,69.284
1415,2020,69.099
1415,2021,69.022
1415,2022,68.917
1419,2012,69.106
1419,2013,69.513
1419,2014,69.518
1419,2015,69.598
1419,2016,69.276
1419,2017,69.544
1419,2018,68.45
1419,2019,68.221
1419,2020,68.308
1419,2021,68.354
1419,2022,68.349
1421,2012,64.254
1421,2013,64.29
1421,2014,64.315
1421,2015,64.118
1421,2016,64.035
1421,2017,63.974
1421,2018,64.103
1421,2019,63.226
1421,2020,63.294
1421,2021,62.931
1421,2022,62.615
1427,2012,68.898
1427,2013,68.832
1427,2014,68.689
1427,2015,68.57
1427,2016,68.245
1427,2017,67.754
1427,2018,67.816
1427,2019,67.085
1427,2020,67.122
1427,2021,66.956
1427,2022,65.892
1430,2012,60.502
1430,2013,60.19
1430,2014,59.494
1430,2015,59.807
1430,2016,60.229
1430,2017,59.754
1430,2018,59.593
1430,2019,59.8
1430,2020,59.719
1430,2021,59.755
1430,2022,59.839
1435,2012,64.519
1435,2013,65.089
1435,2014,65.11
1435,2015,64.778
1435,2016,64.544
1435,2017,64.617
1435,2018,63.243
1435,2019,62.473
1435,2020,61.758
1435,2021,61.925
1435,2022,61.656
1438,2012,61.903
1438,2013,62.095
1438,2014,62.075
1438,2015,61.964
1438,2016,61.944
1438,2017,61.706
1438,2018,61.574
1438,2019,61.548
1438,2020,61.454
1438,2021,61.727
1438,2022,61.557
1439,2012,61.622
1439,2013,61.536
1439,2014,62.211
1439,2015,63.897
1439,2016,63.337
1439,2017,63.957
1439,2018,63.514
1439,2019,63.984
1439,2020,63.924
1439,2021,63.727
1439,2022,63.984
1440,2012,71.385
1440,2013,71.115
1440,2014,71.331
1440,2015,71.299
1440,2016,71.157
1440,2017,71.112
1440,2018,71.069
1440,2019,71.155
1440,2020,71.057
1440,2021,70.374
1440,2022,69.395
1441,2012,67.58
1441,2013,67.713
1441,2014,67.697
1441,2015,67.441
1441,2016,67.143
1441,2017,67.127
1441,2018,67.031
1441,2019,66.837
1441,2020,66.995
1441,2021,66.837
1441,2022,66.72
1442,2012,68.366
1442,2013,68.282
1442,2014,68.156
1442,2015,68.34
1442,2016,68.059
1442,2017,68.182
1442,2018,68.546
1442,2019,68.62
1442,2020,67.96
1442,2021,67.445
1442,2022,67.274
1443,2012,70.663
1443,2013,70.882
1443,2014,70.829
1443,2015,70.894
1443,2016,71.137
1443,2017,69.979
1443,2018,69.842
1443,2019,69.907
1443,2020,69.586
1443,2021,69.291
1443,2022,69.433
1445,2012,63.319
1445,2013,64.551
1445,2014,63.765
1445,2015,63.988
1445,2016,63.497
1445,2017,64.472
1445,2018,64.852
1445,2019,65.236
1445,2020,63.795
1445,2021,64.046
1445,2022,64.226
1446,2012,66.75
1446,2013,66.97
1446,2014,66.91
1446,2015,67.096
1446,2016,67.276
1446,2017,68.394
1446,2018,68.18
1446,2019,68.169
1446,2020,68.071
1446,2021,67.718
1446,2022,67.509
1447,2012,61.599
1447,2013,61.802
1447,2014,61.401
1447,2015,62.227
1447,2016,61.903
1447,2017,61.491
1447,2018,63.039
1447,2019,63.29
1447,2020,62.709
1447,2021,63.698
1447,2022,63.199
1452,2012,65.628
1452,2013,65.361
1452,2014,65.388
1452,2015,65.512
1452,2016,65.356
1452,2017,65.23
1452,2018,65.159
1452,2019,65.082
1452,2020,65.396
1452,2021,65.517
1452,2022,64.997
1460,2012,61.697
1460,2013,61.857
1460,2014,61.861
1460,2015,61.378
1460,2016,61.193
1460,2017,61.721
1460,2018,62.406
1460,2019,62.452
1460,2020,62.298
1460,2021,62.284
1460,2022,63.006
1461,2012,60.498
1461,2013,61.562
1461,2014,60.637
1461,2015,60.247
1461,2016,60.35
1461,2017,60.482
1461,2018,60.57
1461,2019,60.816
1461,2020,61.233
1461,2021,61.092
1461,2022,60.97
1462,2012,66.602
1462,2013,65.71
1462,2014,65.531
1462,2015,65.277
1462,2016,65.384
1462,2017,65.225
1462,2018,65.124
1462,2019,65.553
1462,2020,65.36
1462,2021,64.828
1462,2022,64.656
1463,2012,63.101
1463,2013,62.969
1463,2014,63.05
1463,2015,63.335
1463,2016,63.288
1463,2017,63.287
1463,2018,63.116
1463,2019,62.857
1463,2020,63.026
1463,2021,63.014
1463,2022,63.23
1465,2012,61.742
1465,2013,61.274
1465,2014,61.076
1465,2015,61.313
1465,2016,60.202
1465,2017,60.229
1465,2018,60.553
1465,2019,60.068
1465,2020,60.243
1465,2021,59.695
1465,2022,60.119
1466,2012,68.627
1466,2013,68.399
1466,2014,68.272
1466,2015,68.222
1466,2016,68.099
1466,2017,67.926
1466,2018,67.725
1466,2019,67.651
1466,2020,68.091
1466,2021,67.452
1466,2022,67.551
1470,2012,62.365
1470,2013,63.13
1470,2014,62.731
1470,2015,62.266
1470,2016,62.501
1470,2017,62.286
1470,2018,62.273
1470,2019,62.046
1470,2020,62.163
1470,2021,62.235
1470,2022,62.596
1471,2012,68.124
1471,2013,68.315
1471,2014,69.374
1471,2015,68.116
1471,2016,68.551
1471,2017,68.351
1471,2018,68.105
1471,2019,68.101
1471,2020,67.983
1471,2021,67.865
1471,2022,68.047
1472,2012,68.688
1472,2013,68.53
1472,2014,67.642
1472,2015,67.437
1472,2016,67.341
1472,2017,67.276
1472,2018,67.164
1472,2019,66.958
1472,2020,66.934
1472,2021,67.005
1472,2022,66.82
1473,2012,64.903
1473,2013,64.285
1473,2014,64.722
1473,2015,63.732
1473,2016,65.009
1473,2017,64.818
1473,2018,64.717
1473,2019,64.884
1473,2020,65.144
1473,2021,64.801
1473,2022,65.389
1480,2012,64.271
1480,2013,64.213
1480,2014,64.135
1480,2015,64.098
1480,2016,64.084
1480,2017,64.104
1480,2018,64.135
1480,2019,64.088
1480,2020,64.003
1480,2021,63.899
1480,2022,63.826
1481,2012,65.446
1481,2013,65.445
1481,2014,65.649
1481,2015,65.763
1481,2016,65.737
1481,2017,65.743
1481,2018,65.905
1481,2019,65.762
1481,2020,65.746
1481,2021,65.734
1481,2022,65.699
1482,2012,64.562
1482,2013,64.661
1482,2014,64.66
1482,2015,64.462
1482,2016,64.411
1482,2017,63.792
1482,2018,63.894
1482,2019,63.708
1482,2020,63.796
1482,2021,63.705
1482,2022,63.755
1484,2012,67.282
1484,2013,67.058
1484,2014,67.263
1484,2015,67.895
1484,2016,67.861
1484,2017,67.552
1484,2018,67.718
1484,2019,67.508
1484,2020,67.132
1484,2021,67.135
1484,2022,66.825
1485,2012,65.151
1485,2013,64.775
1485,2014,64.762
1485,2015,64.744
1485,2016,64.864
1485,2017,64.627
1485,2018,64.654
1485,2019,64.223
1485,2020,64.24
1485,2021,64.212
1485,2022,64.185
1486,2012,69.523
1486,2013,69.146
1486,2014,69.445
1486,2015,69.209
1486,2016,68.486
1486,2017,68.384
1486,2018,68.316
1486,2019,68.26
1486,2020,68.296
1486,2021,68.045
1486,2022,68.198
1487,2012,65.257
1487,2013,65.322
1487,2014,65.25
1487,2015,65.357
1487,2016,65.42
1487,2017,65.37
1487,2018,65.441
1487,2019,65.43
1487,2020,65.455
1487,2021,66.275
1487,2022,66.317
1488,2012,63.101
1488,2013,63.192
1488,2014,63.248
1488,2015,63.587
1488,2016,63.653
1488,2017,63.688
1488,2018,63.879
1488,2019,63.936
1488,2020,63.728
1488,2021,63.659
1488,2022,63.433
1489,2012,65.765
1489,2013,65.877
1489,2014,66.321
1489,2015,66.479
1489,2016,66.476
1489,2017,66.31
1489,2018,66.079
1489,2019,66.035
1489,2020,65.329
1489,2021,65.348
1489,2022,65.13
1490,2012,64.565
1490,2013,64.695
1490,2014,64.749
1490,2015,65.087
1490,2016,65.151
1490,2017,65.272
1490,2018,65.24
1490,2019,65.353
1490,2020,65.418
1490,2021,65.4
1490,2022,65.307
1491,2012,66.124
1491,2013,66.398
1491,2014,66.499
1491,2015,66.188
1491,2016,66.027
1491,2017,66.366
1491,2018,66.435
1491,2019,66.331
1491,2020,65.949
1491,2021,65.811
1491,2022,65.267
1492,2012,66.698
1492,2013,66.763
1492,2014,66.956
1492,2015,66.856
1492,2016,66.815
1492,2017,66.637
1492,2018,67.261
1492,2019,67.046
1492,2020,67.095
1492,2021,66.791
1492,2022,66.818
1493,2012,65.903
1493,2013,66.208
1493,2014,66.406
1493,2015,66.601
1493,2016,67.112
1493,2017,66.879
1493,2018,66.755
1493,2019,66.265
1493,2020,66.259
1493,2021,66.492
1493,2022,66.288
1494,2012,67.498
1494,2013,67.135
1494,2014,67.052
1494,2015,66.837
1494,2016,67.059
1494,2017,66.623
1494,2018,66.747
1494,2019,66.581
1494,2020,66.543
1494,2021,66.354
1494,2022,66.429
1495,2012,69.571
1495,2013,69.916
1495,2014,68.961
1495,2015,69.063
1495,2016,69.062
1495,2017,69.187
1495,2018,68.476
1495,2019,68.24
1495,2020,67.683
1495,2021,67.641
1495,2022,67.824
1496,2012,68.07
1496,2013,68.212
1496,2014,68.304
1496,2015,68.457
1496,2016,68.42
1496,2017,68.525
1496,2018,67.916
1496,2019,68.098
1496,2020,68.258
1496,2021,68.131
1496,2022,68.173
1498,2012,67.474
1498,2013,67.812
1498,2014,67.467
1498,2015,67.176
1498,2016,66.688
1498,2017,66.586
1498,2018,65.673
1498,2019,65.09
1498,2020,65.683
1498,2021,66.814
1498,2022,66.731
1499,2012,64.396
1499,2013,64.346
1499,2014,65.263
1499,2015,65.287
1499,2016,65.082
1499,2017,65.02
1499,2018,64.95
1499,2019,64.873
1499,2020,64.991
1499,2021,65.406
1499,2022,65.124
1715,2012,64.388
1715,2013,64.382
1715,2014,64.316
1715,2015,63.956
1715,2016,63.98
1715,2017,63.868
1715,2018,63.614
1715,2019,63.494
1715,2020,63.547
1715,2021,63.673
1715,2022,63.686
1730,2012,64.388
1730,2013,64.386
1730,2014,63.903
1730,2015,64.084
1730,2016,64.199
1730,2017,64.006
1730,2018,64.048
1730,2019,63.956
1730,2020,63.755
1730,2021,63.877
1730,2022,63.948
1737,2012,64.75
1737,2013,64.739
1737,2014,64.711
1737,2015,65.18
1737,2016,65.16
1737,2017,64.63
1737,2018,63.913
1737,2019,63.948
1737,2020,63.696
1737,2021,63.74
1737,2022,63.786
1760,2012,65.659
1760,2013,65.056
1760,2014,65.506
1760,2015,65.835
1760,2016,65.104
1760,2017,65.296
1760,2018,65.837
1760,2019,65.64
1760,2020,64.999
1760,2021,65.375
1760,2022,65.42
1761,2012,62.585
1761,2013,62.583
1761,2014,62.64
1761,2015,62.802
1761,2016,63.516
1761,2017,63.578
1761,2018,63.236
1761,2019,63.428
1761,2020,63.494
1761,2021,63.317
1761,2022,63.202
1762,2012,73.448
1762,2013,73.321
1762,2014,73.214
1762,2015,74.095
1762,2016,73.324
1762,2017,72.341
1762,2018,71.867
1762,2019,73.326
1762,2020,72.89
1762,2021,73.746
1762,2022,74.343
1763,2012,62.929
1763,2013,63.17
1763,2014,62.978
1763,2015,62.897
1763,2016,62.778
1763,2017,63.175
1763,2018,63.288
1763,2019,63.266
1763,2020,63.481
1763,2021,63.423
1763,2022,63.414
1764,2012,64.22
1764,2013,63.95
1764,2014,63.558
1764,2015,63.273
1764,2016,63.325
1764,2017,63.33
1764,2018,62.98
1764,2019,63.393
1764,2020,63.22
1764,2021,63.377
1764,2022,63.658
1765,2012,64.355
1765,2013,64.509
1765,2014,64.527
1765,2015,64.047
1765,2016,64.016
1765,2017,64.153
1765,2018,64.144
1765,2019,64.203
1765,2020,64.209
1765,2021,64.376
1765,2022,63.772
1766,2012,64.599
1766,2013,64.265
1766,2014,64.453
1766,2015,64.217
1766,2016,64.282
1766,2017,63.95
1766,2018,64.145
1766,2019,62.544
1766,2020,62.127
1766,2021,62.248
1766,2022,62.217
1780,2012,68.761
1780,2013,68.876
1780,2014,69.012
1780,2015,69.054
1780,2016,68.984
1780,2017,68.86
1780,2018,68.665
1780,2019,68.487
1780,2020,68.44
1780,2021,68.209
1780,2022,68.116
1781,2012,68.074
1781,2013,68.066
1781,2014,68.555
1781,2015,68.539
1781,2016,69.515
1781,2017,68.647
1781,2018,70.398
1781,2019,70.386
1781,2020,70.186
1781,2021,70.525
1781,2022,70.35
1782,2012,64.931
1782,2013,64.63
1782,2014,64.776
1782,2015,64.414
1782,2016,64.163
1782,2017,64.941
1782,2018,65.069
1782,2019,65.413
1782,2020,65.07
1782,2021,64.912
1782,2022,64.587
1783,2012,60.845
1783,2013,60.852
1783,2014,60.986
1783,2015,59.704
1783,2016,59.607
1783,2017,59.51
1783,2018,59.925
1783,2019,59.87
1783,2020,59.693
1783,2021,60.137
1783,2022,60.097
1784,2012,64.772
1784,2013,64.825
1784,2014,64.842
1784,2015,64.597
1784,2016,64.503
1784,2017,64.723
1784,2018,64.718
1784,2019,64.859
1784,2020,64.589
1784,2021,65.11
1784,2022,64.71
1785,2012,61.82
1785,2013,61.702
1785,2014,62.08
1785,2015,62.118
1785,2016,61.756
1785,2017,61.586
1785,2018,61.849
1785,2019,62.135
1785,2020,61.985
1785,2021,62.154
1785,2022,62.573
1814,2012,64.523
1814,2013,64.524
1814,2014,64.689
1814,2015,64.523
1814,2016,64.318
1814,2017,64.485
1814,2018,64.57
1814,2019,64.695
1814,2020,64.419
1814,2021,64.264
1814,2022,64.212
1860,2012,65.509
1860,2013,65.762
1860,2014,64.828
1860,2015,65.026
1860,2016,64.323
1860,2017,64.542
1860,2018,64.937
1860,2019,65.79
1860,2020,65.354
1860,2021,65.04
1860,2022,65.225
1861,2012,63.223
1861,2013,63.5
1861,2014,63.485
1861,2015,63.563
1861,2016,63.986
1861,2017,63.855
1861,2018,63.577
1861,2019,64.061
1861,2020,64.232
1861,2021,64.002
1861,2022,61.913
1862,2012,68.793
1862,2013,68.721
1862,2014,68.719
1862,2015,68.84
1862,2016,68.731
1862,2017,68.335
1862,2018,68.326
1862,2019,68.158
1862,2020,68.435
1862,2021,68.585
1862,2022,68.305
1863,2012,61.641
1863,2013,61.663
1863,2014,60.816
1863,2015,61.046
1863,2016,60.906
1863,2017,60.764
1863,2018,61.095
1863,2019,61.31
1863,2020,60.99
1863,2021,61.625
1863,2022,61.661
1864,2012,65.584
1864,2013,65.464
1864,2014,64.844
1864,2015,65.266
1864,2016,68.936
1864,2017,67.797
1864,2018,68.432
1864,2019,63.444
1864,2020,64.734
1864,2021,63.62
1864,2022,64.299
1880,2012,69.596
1880,2013,69.611
1880,2014,69.611
1880,2015,69.615
1880,2016,69.528
1880,2017,69.407
1880,2018,69.237
1880,2019,69.106
1880,2020,69.028
1880,2021,68.976
1880,2022,68.889
1881,2012,68.012
1881,2013,67.846
1881,2014,67.571
1881,2015,67.652
1881,2016,67.57
1881,2017,67.573
1881,2018,67.605
1881,2019,67.845
1881,2020,67.591
1881,2021,67.308
1881,2022,67.184
1882,2012,66.588
1882,2013,66.271
1882,2014,66.281
1882,2015,65.904
1882,2016,66.0
1882,2017,66.126
1882,2018,65.774
1882,2019,66.185
1882,2020,66.06
1882,2021,66.353
1882,2022,66.211
1883,2012,64.426
1883,2013,64.682
1883,2014,64.743
1883,2015,64.524
1883,2016,64.78
1883,2017,64.584
1883,2018,64.344
1883,2019,64.478
1883,2020,65.083
1883,2021,65.062
1883,2022,65.092
1884,2012,62.841
1884,2013,62.488
1884,2014,63.67
1884,2015,64.112
1884,2016,63.735
1884,2017,63.79
1884,2018,63.954
1884,2019,63.523
1884,2020,63.497
1884,2021,63.783
1884,2022,63.373
1885,2012,62.455
1885,2013,62.495
1885,2014,62.718
1885,2015,62.458
1885,2016,63.276
1885,2017,63.325
1885,2018,63.975
1885,2019,63.924
1885,2020,64.375
1885,2021,64.498
1885,2022,64.93
1904,2012,59.067
1904,2013,58.724
1904,2014,58.764
1904,2015,59.52
1904,2016,58.587
1904,2017,59.118
1904,2018,58.793
1904,2019,59.749
1904,2020,59.034
1904,2021,58.853
1904,2022,58.881
1907,2012,65.639
1907,2013,65.481
1907,2014,65.655
1907,2015,65.264
1907,2016,65.08
1907,2017,65.926
1907,2018,66.112
1907,2019,65.868
1907,2020,65.909
1907,2021,66.092
1907,2022,66.219
1960,2012,65.339
1960,2013,64.994
1960,2014,65.635
1960,2015,65.148
1960,2016,65.903
1960,2017,65.792
1960,2018,65.908
1960,2019,65.661
1960,2020,65.557
1960,2021,65.78
1960,2022,65.614
1961,2012,61.885
1961,2013,61.96
1961,2014,61.958
1961,2015,61.772
1961,2016,62.139
1961,2017,62.016
1961,2018,62.038
1961,2019,62.079
1961,2020,62.186
1961,2021,61.738
1961,2022,61.795
1962,2012,73.143
1962,2013,73.447
1962,2014,73.243
1962,2015,73.674
1962,2016,74.291
1962,2017,73.577
1962,2018,73.862
1962,2019,73.261
1962,2020,73.584
1962,2021,73.281
1962,2022,73.662
1980,2012,70.44
1980,2013,70.39
1980,2014,70.387
1980,2015,70.386
1980,2016,70.368
1980,2017,70.35
1980,2018,70.25
1980,2019,69.324
1980,2020,69.195
1980,2021,69.13
1980,2022,68.874
1981,2012,65.09
1981,2013,65.252
1981,2014,65.038
1981,2015,65.103
1981,2016,65.03
1981,2017,64.911
1981,2018,64.964
1981,2019,65.02
1981,2020,64.041
1981,2021,63.937
1981,2022,64.045
1982,2012,70.369
1982,2013,70.466
1982,2014,70.647
1982,2015,70.345
1982,2016,71.239
1982,2017,70.81
1982,2018,71.057
1982,2019,71.251
1982,2020,71.093
1982,2021,70.552
1982,2022,70.296
1983,2012,65.544
1983,2013,65.167
1983,2014,65.147
1983,2015,65.153
1983,2016,65.064
1983,2017,65.27
1983,2018,65.3
1983,2019,64.657
1983,2020,64.757
1983,2021,64.867
1983,2022,64.672
1984,2012,64.911
1984,2013,64.502
1984,2014,67.042
1984,2015,65.364
1984,2016,65.286
1984,2017,66.548
1984,2018,66.758
1984,2019,66.538
1984,2020,66.234
1984,2021,66.214
1984,2022,66.74
2021,2012,60.5
2021,2013,60.611
2021,2014,60.912
2021,2015,61.152
2021,2016,60.378
2021,2017,59.801
2021,2018,59.867
2021,2019,59.321
2021,2020,59.202
2021,2021,59.245
2021,2022,58.631
2023,2012,65.745
2023,2013,66.297
2023,2014,65.254
2023,2015,65.356
2023,2016,66.338
2023,2017,65.971
2023,2018,66.077
2023,2019,65.404
2023,2020,65.152
2023,2021,65.579
2023,2022,65.625
2026,2012,58.18
2026,2013,58.096
2026,2014,57.763
2026,2015,57.896
2026,2016,57.98
2026,2017,58.039
2026,2018,58.284
2026,2019,58.223
2026,2020,58.316
2026,2021,58.43
2026,2022,58.684
2029,2012,63.354
2029,2013,62.929
2029,2014,63.044
2029,2015,63.116
2029,2016,62.832
2029,2017,62.924
2029,2018,63.048
2029,2019,62.767
2029,2020,62.678
2029,2021,62.708
2029,2022,62.959
2031,2012,67.538
2031,2013,67.474
2031,2014,67.233
2031,2015,67.119
2031,2016,67.001
2031,2017,67.519
2031,2018,67.452
2031,2019,64.439
2031,2020,64.144
2031,2021,64.168
2031,2022,64.276
2034,2012,63.982
2034,2013,64.056
2034,2014,64.25
2034,2015,64.36
2034,2016,64.672
2034,2017,64.813
2034,2018,64.829
2034,2019,64.729
2034,2020,65.08
2034,2021,64.582
2034,2022,64.983
2039,2012,61.968
2039,2013,61.393
2039,2014,62.254
2039,2015,63.187
2039,2016,61.846
2039,2017,61.819
2039,2018,62.167
2039,2019,62.132
2039,2020,60.827
2039,2021,60.499
2039,2022,60.892
2061,2012,58.534
2061,2013,59.142
2061,2014,59.19
2061,2015,58.964
2061,2016,58.822
2061,2017,58.674
2061,2018,58.495
2061,2019,58.411
2061,2020,58.529
2061,2021,58.367
2061,2022,58.376
2062,2012,64.886
2062,2013,65.602
2062,2014,65.321
2062,2015,65.071
2062,2016,65.226
2062,2017,64.946
2062,2018,64.924
2062,2019,64.702
2062,2020,64.487
2062,2021,64.455
2062,2022,64.359
2080,2012,66.407
2080,2013,66.288
2080,2014,66.381
2080,2015,65.871
2080,2016,65.762
2080,2017,65.275
2080,2018,65.557
2080,2019,65.241
2080,2020,65.089
2080,2021,64.963
2080,2022,64.971
2081,2012,64.432
2081,2013,64.181
2081,2014,64.147
2081,2015,64.249
2081,2016,63.933
2081,2017,64.204
2081,2018,63.034
2081,2019,63.167
2081,2020,63.288
2081,2021,63.56
2081,2022,63.585
2082,2012,64.355
2082,2013,64.705
2082,2014,65.068
2082,2015,64.767
2082,2016,64.589
2082,2017,64.776
2082,2018,64.617
2082,2019,64.506
2082,2020,64.351
2082,2021,64.628
2082,2022,64.171
2083,2012,62.873
2083,2013,62.849
2083,2014,62.783
2083,2015,62.691
2083,2016,62.535
2083,2017,62.315
2083,2018,62.557
2083,2019,62.548
2083,2020,62.639
2083,2021,62.851
2083,2022,62.585
2084,2012,68.854
2084,2013,69.131
2084,2014,68.794
2084,2015,68.668
2084,2016,68.622
2084,2017,67.917
2084,2018,67.976
2084,2019,67.737
2084,2020,67.975
2084,2021,67.99
2084,2022,68.048
2085,2012,62.242
2085,2013,62.33
2085,2014,62.176
2085,2015,62.103
2085,2016,62.213
2085,2017,62.046
2085,2018,61.926
2085,2019,62.132
2085,2020,61.275
2085,2021,61.169
2085,2022,61.179
2101,2012,59.997
2101,2013,59.402
2101,2014,59.525
2101,2015,59.401
2101,2016,59.1
2101,2017,58.454
2101,2018,58.649
2101,2019,58.456
2101,2020,57.891
2101,2021,57.736
2101,2022,57.74
2104,2012,60.263
2104,2013,60.117
2104,2014,60.048
2104,2015,60.199
2104,2016,60.36
2104,2017,60.254
2104,2018,60.337
2104,2019,60.912
2104,2020,60.725
2104,2021,60.5
2104,2022,60.905
2121,2012,63.641
2121,2013,63.542
2121,2014,63.54
2121,2015,63.391
2121,2016,63.423
2121,2017,63.502
2121,2018,63.64
2121,2019,63.619
2121,2020,63.595
2121,2021,63.603
2121,2022,63.91
2132,2012,59.908
2132,2013,60.147
2132,2014,60.753
2132,2015,60.727
2132,2016,60.717
2132,2017,60.537
2132,2018,60.39
2132,2019,60.832
2132,2020,60.869
2132,2021,60.673
2132,2022,60.695
2161,2012,64.57
2161,2013,64.565
2161,2014,64.168
2161,2015,64.122
2161,2016,64.048
2161,2017,63.862
2161,2018,63.993
2161,2019,63.912
2161,2020,63.74
2161,2021,63.839
2161,2022,63.822
2180,2012,65.439
2180,2013,65.37
2180,2014,65.38
2180,2015,64.903
2180,2016,64.923
2180,2017,64.849
2180,2018,64.634
2180,2019,64.406
2180,2020,64.308
2180,2021,64.277
2180,2022,64.243
2181,2012,65.85
2181,2013,65.869
2181,2014,65.912
2181,2015,65.898
2181,2016,65.643
2181,2017,65.598
2181,2018,65.607
2181,2019,65.479
2181,2020,65.207
2181,2021,65.306
2181,2022,65.326
2182,2012,64.98
2182,2013,65.103
2182,2014,65.169
2182,2015,64.697
2182,2016,64.633
2182,2017,64.474
2182,2018,64.565
2182,2019,64.602
2182,2020,64.685
2182,2021,64.514
2182,2022,64.571
2183,2012,62.326
2183,2013,62.352
2183,2014,62.322
2183,2015,62.373
2183,2016,61.957
2183,2017,61.954
2183,2018,61.756
2183,2019,61.83
2183,2020,61.855
2183,2021,61.707
2183,2022,61.832
2184,2012,65.593
2184,2013,65.668
2184,2014,65.804
2184,2015,65.818
2184,2016,65.801
2184,2017,65.564
2184,2018,65.645
2184,2019,65.614
2184,2020,65.592
2184,2021,65.645
2184,2022,65.611
2260,2012,62.945
2260,2013,63.29
2260,2014,63.639
2260,2015,63.387
2260,2016,63.743
2260,2017,63.544
2260,2018,63.456
2260,2019,63.379
2260,2020,63.496
2260,2021,62.889
2260,2022,62.925
2262,2012,63.676
2262,2013,63.548
2262,2014,63.197
2262,2015,63.592
2262,2016,63.372
2262,2017,63.148
2262,2018,63.038
2262,2019,62.745
2262,2020,62.914
2262,2021,62.935
2262,2022,63.202
2280,2012,67.769
2280,2013,67.918
2280,2014,67.634
2280,2015,67.329
2280,2016,67.215
2280,2017,67.274
2280,2018,67.012
2280,2019,67.328
2280,2020,67.411
2280,2021,67.269
2280,2022,67.532
2281,2012,67.699
2281,2013,67.769
2281,2014,67.665
2281,2015,67.746
2281,2016,67.164
2281,2017,67.033
2281,2018,66.835
2281,2019,66.512
2281,2020,66.356
2281,2021,66.237
2281,2022,66.039
2282,2012,65.395
2282,2013,65.923
2282,2014,66.156
2282,2015,65.626
2282,2016,65.796
2282,2017,65.937
2282,2018,65.779
2282,2019,65.59
2282,2020,65.517
2282,2021,65.977
2282,2022,65.898
2283,2012,62.281
2283,2013,62.438
2283,2014,62.403
2283,2015,62.546
2283,2016,62.303
2283,2017,62.251
2283,2018,62.497
2283,2019,62.001
2283,2020,62.417
2283,2021,62.949
2283,2022,62.79
2284,2012,66.145
2284,2013,65.935
2284,2014,65.965
2284,2015,65.976
2284,2016,65.999
2284,2017,66.104
2284,2018,66.261
2284,2019,66.057
2284,2020,65.836
2284,2021,65.72
2284,2022,65.713
2303,2012,61.112
2303,2013,60.935
2303,2014,60.841
2303,2015,60.59
2303,2016,60.781
2303,2017,61.225
2303,2018,60.975
2303,2019,60.577
2303,2020,61.02
2303,2021,61.375
2303,2022,61.774
2305,2012,63.115
2305,2013,64.62
2305,2014,63.014
2305,2015,63.796
2305,2016,63.568
2305,2017,63.839
2305,2018,63.841
2305,2019,64.313
2305,2020,63.423
2305,2021,64.231
2305,2022,64.169
2309,2012,66.287
2309,2013,66.346
2309,2014,66.106
2309,2015,66.419
2309,2016,66.29
2309,2017,66.53
2309,2018,66.271
2309,2019,66.587
2309,2020,66.287
2309,2021,65.933
2309,2022,65.74
2313,2012,65.514
2313,2013,65.163
2313,2014,64.283
2313,2015,64.495
2313,2016,64.623
2313,2017,64.51
2313,2018,64.749
2313,2019,64.39
2313,2020,63.727
2313,2021,63.608
2313,2022,63.449
2321,2012,58.027
2321,2013,58.024
2321,2014,57.588
2321,2015,57.225
2321,2016,57.584
2321,2017,56.502
2321,2018,53.636
2321,2019,53.215
2321,2020,53.028
2321,2021,52.416
2321,2022,54.4
2326,2012,61.497
2326,2014,62.756
2326,2015,61.453
2326,2016,61.836
2326,2017,62.79
2326,2018,62.106
2326,2019,61.702
2326,2020,62.515
2326,2021,62.139
2326,2022,62.306
2361,2012,62.619
2361,2013,61.894
2361,2014,61.572
2361,2015,61.968
2361,2016,61.792
2361,2017,61.578
2361,2018,61.255
2361,2019,61.459
2361,2020,61.448
2361,2021,61.422
2361,2022,61.551
2380,2012,69.318
2380,2013,69.284
2380,2014,69.242
2380,2015,69.044
2380,2016,67.377
2380,2017,68.123
2380,2018,66.929
2380,2019,65.388
2380,2020,65.667
2380,2021,65.297
2380,2022,65.063
2401,2012,66.987
2401,2013,66.887
2401,2014,67.219
2401,2015,66.707
2401,2016,67.325
2401,2017,67.155
2401,2018,67.028
2401,2019,65.194
2401,2020,65.647
2401,2021,65.592
2401,2022,65.868
2403,2012,66.417
2403,2013,65.796
2403,2014,64.981
2403,2015,66.321
2403,2016,65.679
2403,2017,68.372
2403,2018,67.634
2403,2019,67.378
2403,2020,67.819
2403,2021,68.532
2403,2022,68.632
2404,2012,65.012
2404,2013,65.125
2404,2014,63.742
2404,2015,64.151
2404,2016,64.463
2404,2017,64.033
2404,2018,63.963
2404,2019,62.361
2404,2020,62.664
2404,2021,61.861
2404,2022,61.145
2409,2012,61.185
2409,2013,60.496
2409,2014,59.846
2409,2015,60.24
2409,2016,60.539
2409,2017,59.942
2409,2018,60.475
2409,2019,60.626
2409,2020,60.439
2409,2021,58.587
2409,2022,59.901
2417,2012,63.0
2417,2013,62.831
2417,2014,63.593
2417,2015,62.691
2417,2016,62.933
2417,2017,63.056
2417,2018,62.96
2417,2019,63.542
2417,2020,63.008
2417,2021,62.516
2417,2022,63.317
2418,2012,61.125
2418,2013,61.957
2418,2014,62.617
2418,2015,62.813
2418,2016,62.519
2418,2017,62.703
2418,2018,62.636
2418,2019,63.232
2418,2020,62.421
2418,2021,62.678
2418,2022,63.336
2421,2012,63.7
2421,2013,62.006
2421,2014,61.325
2421,2015,62.304
2421,2016,62.127
2421,2017,61.665
2421,2018,60.883
2421,2019,61.146
2421,2020,62.247
2421,2021,62.363
2421,2022,62.211
2422,2012,64.273
2422,2013,62.726
2422,2014,63.642
2422,2015,64.751
2422,2016,64.461
2422,2017,63.993
2422,2018,63.621
2422,2019,62.984
2422,2020,62.177
2422,2021,63.875
2422,2022,64.37
2425,2012,65.146
2425,2013,65.035
2425,2014,64.874
2425,2015,64.976
2425,2016,65.388
2425,2017,64.698
2425,2018,63.583
2425,2019,63.87
2425,2020,63.828
2425,2021,64.925
2425,2022,64.517
2460,2012,65.168
2460,2013,64.857
2460,2014,65.321
2460,2015,64.635
2460,2016,63.553
2460,2017,64.296
2460,2018,61.237
2460,2019,61.273
2460,2020,62.515
2460,2021,62.345
2460,2022,62.622
2462,2012,64.615
2462,2013,64.092
2462,2014,64.885
2462,2015,64.938
2462,2016,65.199
2462,2017,64.684
2462,2018,64.436
2462,2019,64.248
2462,2020,64.347
2462,2021,64.623
2462,2022,64.913
2463,2012,63.763
2463,2013,63.555
2463,2014,63.958
2463,2015,63.585
2463,2016,63.187
2463,2017,63.329
2463,2018,63.15
2463,2019,62.25
2463,2020,61.844
2463,2021,61.542
2463,2022,61.759
2480,2012,68.013
2480,2013,68.027
2480,2014,67.717
2480,2015,67.486
2480,2016,67.135
2480,2017,66.516
2480,2018,66.877
2480,2019,66.575
2480,2020,66.496
2480,2021,66.356
2480,2022,66.235
2481,2012,68.772
2481,2013,68.447
2481,2014,68.468
2481,2015,68.572
2481,2016,68.315
2481,2017,68.542
2481,2018,68.291
2481,2019,68.141
2481,2020,68.118
2481,2021,67.89
2481,2022,67.87
2482,2012,67.52
2482,2013,67.484
2482,2014,67.568
2482,2015,67.971
2482,2016,67.734
2482,2017,67.61
2482,2018,68.008
2482,2019,68.018
2482,2020,67.443
2482,2021,67.333
2482,2022,66.145
2505,2012,58.819
2505,2013,57.265
2505,2014,56.998
2505,2015,57.272
2505,2016,56.896
2505,2017,56.882
2505,2018,58.523
2505,2019,59.338
2505,2020,59.405
2505,2021,59.717
2505,2022,59.506
2506,2012,62.187
2506,2013,61.52
2506,2014,61.333
2506,2015,61.318
2506,2016,60.964
2506,2017,61.104
2506,2018,61.45
2506,2019,62.037
2506,2020,61.456
2506,2021,62.173
2506,2022,63.183
2510,2012,66.927
2510,2013,67.237
2510,2014,67.17
2510,2015,67.095
2510,2016,66.621
2510,2017,66.278
2510,2018,67.42
2510,2019,66.589
2510,2020,66.604
2510,2021,67.597
2510,2022,67.868
2513,2012,65.44
2513,2013,65.312
2513,2014,66.191
2513,2015,65.86
2513,2016,65.22
2513,2017,65.326
2513,2018,66.212
2513,2019,66.063
2513,2020,65.984
2513,2021,65.615
2513,2022,65.788
2514,2012,64.321
2514,2013,64.049
2514,2014,64.545
2514,2015,64.927
2514,2016,64.631
2514,2017,64.379
2514,2018,64.954
2514,2019,64.52
2514,2020,65.222
2514,2021,64.988
2514,2022,64.742
2518,2012,61.014
2518,2013,62.133
2518,2014,62.136
2518,2015,61.993
2518,2016,61.567
2518,2017,61.642
2518,2018,61.319
2518,2019,60.643
2518,2020,61.125
2518,2021,60.611
2518,2022,60.894
2521,2012,61.29
2521,2013,61.5
2521,2014,61.788
2521,2015,61.759
2521,2016,60.776
2521,2017,60.248
2521,2018,60.337
2521,2019,60.434
2521,2020,60.527
2521,2021,60.97
2521,2022,61.065
2523,2012,66.587
2523,2013,66.778
2523,2014,66.641
2523,2015,66.657
2523,2016,66.466
2523,2017,66.472
2523,2018,66.05
2523,2019,65.597
2523,2020,65.746
2523,2021,64.946
2523,2022,64.746
2560,2012,62.498
2560,2013,62.3
2560,2014,62.17
2560,2015,61.542
2560,2016,61.62
2560,2017,61.415
2560,2018,61.739
2560,2019,61.541
2560,2020,61.142
2560,2021,60.959
2560,2022,60.867
2580,2012,71.89
2580,2013,71.928
2580,2014,72.004
2580,2015,72.052
2580,2016,71.888
2580,2017,71.67
2580,2018,71.203
2580,2019,71.385
2580,2020,71.19
2580,2021,70.636
2580,2022,70.709
2581,2012,64.24
2581,2013,64.098
2581,2014,63.89
2581,2015,63.833
2581,2016,63.775
2581,2017,63.84
2581,2018,63.919
2581,2019,63.571
2581,2020,63.321
2581,2021,63.438
2581,2022,63.495
2582,2012,65.496
2582,2013,65.469
2582,2014,65.599
2582,2015,65.522
2582,2016,65.736
2582,2017,65.775
2582,2018,66.293
2582,2019,65.525
2582,2020,65.483
2582,2021,65.381
2582,2022,65.428
2583,2012,62.433
2583,2013,62.395
2583,2014,63.019
2583,2015,63.647
2583,2016,63.496
2583,2017,63.871
2583,2018,64.283
2583,2019,64.055
2583,2020,64.299
2583,2021,63.883
2583,2022,64.006
2584,2012,64.451
2584,2013,64.656
2584,2014,64.467
2584,2015,64.302
2584,2016,65.296
2584,2017,65.084
2584,2018,64.932
2584,2019,65.317
2584,2020,66.036
2584,2021,65.679
2584,2022,66.374
