kommun,year,mean_andelhushall_allmhyres
0114,2012,0.293
0114,2013,0.282
0114,2014,0.263
0114,2015,0.272
0114,2016,0.269
0114,2017,0.236
0114,2018,0.226
0114,2019,0.223
0114,2020,0.223
0114,2021,0.223
0114,2022,0.227
0115,2012,0.006
0115,2013,0.006
0115,2014,0.006
0115,2015,0.005
0115,2016,0.005
0115,2017,0.005
0115,2018,0.006
0115,2019,0.005
0115,2020,0.005
0115,2021,0.005
0115,2022,0.005
0117,2012,0.084
0117,2013,0.083
0117,2014,0.084
0117,2015,0.083
0117,2016,0.081
0117,2017,0.08
0117,2018,0.079
0117,2019,0.077
0117,2020,0.075
0117,2021,0.07
0117,2022,0.068
0120,2012,0.114
0120,2013,0.114
0120,2014,0.117
0120,2015,0.117
0120,2016,0.115
0120,2017,0.109
0120,2018,0.106
0120,2019,0.106
0120,2020,0.104
0120,2021,0.104
0120,2022,0.104
0123,2012,0.209
0123,2013,0.194
0123,2014,0.188
0123,2015,0.185
0123,2016,0.179
0123,2017,0.175
0123,2018,0.171
0123,2019,0.167
0123,2020,0.165
0123,2021,0.161
0123,2022,0.152
0125,2012,0.077
0125,2013,0.076
0125,2014,0.074
0125,2015,0.073
0125,2016,0.072
0125,2017,0.071
0125,2018,0.069
0125,2019,0.071
0125,2020,0.071
0125,2021,0.073
0125,2022,0.073
0126,2012,0.182
0126,2013,0.179
0126,2014,0.178
0126,2015,0.179
0126,2016,0.176
0126,2017,0.171
0126,2018,0.165
0126,2019,0.166
0126,2020,0.167
0126,2021,0.164
0126,2022,0.161
0127,2012,0.373
0127,2013,0.372
0127,2014,0.364
0127,2015,0.32
0127,2016,0.316
0127,2017,0.319
0127,2018,0.31
0127,2019,0.306
0127,2020,0.303
0127,2021,0.299
0127,2022,0.298
0136,2012,0.054
0136,2013,0.054
0136,2014,0.055
0136,2015,0.056
0136,2016,0.055
0136,2017,0.054
0136,2018,0.059
0136,2019,0.059
0136,2020,0.058
0136,2021,0.057
0136,2022,0.055
0138,2012,0.168
0138,2013,0.167
0138,2014,0.156
0138,2015,0.154
0138,2016,0.149
0138,2017,0.148
0138,2018,0.154
0138,2019,0.16
0138,2020,0.158
0138,2021,0.157
0138,2022,0.157
0139,2012,0.189
0139,2013,0.19
0139,2014,0.181
0139,2015,0.181
0139,2016,0.17
0139,2017,0.166
0139,2018,0.162
0139,2019,0.175
0139,2020,0.169
0139,2021,0.165
0139,2022,0.154
0140,2012,0.135
0140,2013,0.128
0140,2014,0.134
0140,2015,0.115
0140,2016,0.131
0140,2017,0.127
0140,2018,0.125
0140,2019,0.124
0140,2020,0.122
0140,2021,0.128
0140,2022,0.113
0163,2012,0.196
0163,2013,0.2
0163,2014,0.195
0163,2015,0.193
0163,2016,0.184
0163,2017,0.186
0163,2018,0.183
0163,2019,0.117
0163,2020,0.114
0163,2021,0.113
0163,2022,0.112
0180,2012,0.168
0180,2013,0.165
0180,2014,0.163
0180,2015,0.162
0180,2016,0.161
0180,2017,0.16
0180,2018,0.159
0180,2019,0.159
0180,2020,0.159
0180,2021,0.158
0180,2022,0.158
0181,2012,0.282
0181,2013,0.272
0181,2014,0.261
0181,2015,0.261
0181,2016,0.248
0181,2017,0.247
0181,2018,0.239
0181,2019,0.24
0181,2020,0.223
0181,2021,0.219
0181,2022,0.216
0183,2012,0.404
0183,2013,0.388
0183,2014,0.385
0183,2015,0.379
0183,2016,0.362
0183,2017,0.318
0183,2018,0.291
0183,2019,0.282
0183,2020,0.275
0183,2021,0.268
0183,2022,0.27
0184,2012,0.112
0184,2013,0.11
0184,2014,0.109
0184,2015,0.107
0184,2016,0.105
0184,2017,0.102
0184,2018,0.101
0184,2019,0.099
0184,2020,0.102
0184,2021,0.1
0184,2022,0.098
0186,2012,0.025
0186,2013,0.025
0186,2014,0.026
0186,2015,0.025
0186,2016,0.025
0188,2012,0.076
0188,2013,0.076
0188,2014,0.074
0188,2015,0.076
0188,2016,0.073
0188,2017,0.07
0188,2018,0.071
0188,2019,0.07
0188,2020,0.067
0188,2021,0.066
0188,2022,0.063
0191,2012,0.295
0191,2013,0.292
0191,2014,0.294
0191,2015,0.29
0191,2016,0.298
0191,2017,0.295
0191,2018,0.294
0191,2019,0.288
0191,2020,0.282
0191,2021,0.22
0191,2022,0.221
0192,2012,0.206
0192,2013,0.207
0192,2014,0.181
0192,2015,0.198
0192,2016,0.166
0192,2017,0.171
0192,2018,0.164
0192,2019,0.17
0192,2020,0.168
0192,2021,0.163
0192,2022,0.166
0305,2012,0.141
0305,2013,0.142
0305,2014,0.144
0305,2015,0.144
0305,2016,0.144
0305,2017,0.144
0305,2018,0.142
0305,2019,0.152
0305,2020,0.148
0305,2021,0.146
0305,2022,0.146
0319,2012,0.196
0319,2013,0.2
0319,2014,0.2
0319,2015,0.198
0319,2016,0.2
0319,2017,0.199
0319,2018,0.199
0319,2019,0.198
0319,2020,0.2
0319,2021,0.208
0319,2022,0.206
0330,2012,0.086
0330,2013,0.084
0330,2014,0.079
0330,2015,0.077
0330,2016,0.075
0330,2017,0.073
0330,2018,0.07
0330,2019,0.073
0330,2020,0.072
0330,2021,0.068
0330,2022,0.065
0331,2012,0.1
0331,2013,0.097
0331,2014,0.101
0331,2015,0.101
0331,2016,0.1
0331,2017,0.1
0331,2018,0.1
0331,2019,0.098
0331,2020,0.1
0331,2021,0.1
0331,2022,0.096
0360,2012,0.156
0360,2013,0.157
0360,2014,0.16
0360,2015,0.165
0360,2016,0.163
0360,2017,0.166
0360,2018,0.165
0360,2019,0.168
0360,2020,0.171
0360,2021,0.171
0360,2022,0.169
0380,2012,0.134
0380,2013,0.137
0380,2014,0.136
0380,2015,0.138
0380,2016,0.138
0380,2017,0.137
0380,2018,0.139
0380,2019,0.138
0380,2020,0.137
0380,2021,0.136
0380,2022,0.13
0381,2012,0.118
0381,2013,0.118
0381,2014,0.12
0381,2015,0.128
0381,2016,0.126
0381,2017,0.126
0381,2018,0.124
0381,2019,0.114
0381,2020,0.119
0381,2021,0.123
0381,2022,0.122
0382,2012,0.133
0382,2013,0.137
0382,2014,0.135
0382,2015,0.137
0382,2016,0.139
0382,2017,0.14
0382,2018,0.144
0382,2019,0.144
0382,2020,0.143
0382,2021,0.142
0382,2022,0.144
0428,2012,0.049
0428,2013,0.051
0428,2014,0.052
0428,2015,0.054
0428,2016,0.055
0428,2017,0.054
0428,2018,0.051
0428,2019,0.05
0428,2020,0.048
0428,2021,0.051
0428,2022,0.056
0461,2012,0.164
0461,2013,0.166
0461,2014,0.164
0461,2015,0.169
0461,2016,0.168
0461,2017,0.168
0461,2018,0.165
0461,2019,0.162
0461,2020,0.168
0461,2021,0.173
0461,2022,0.171
0480,2012,0.138
0480,2013,0.138
0480,2014,0.125
0480,2015,0.128
0480,2016,0.127
0480,2017,0.127
0480,2018,0.126
0480,2019,0.127
0480,2020,0.13
0480,2021,0.129
0480,2022,0.126
0481,2012,0.186
0481,2013,0.188
0481,2014,0.187
0481,2015,0.188
0481,2016,0.183
0481,2017,0.181
0481,2018,0.184
0481,2019,0.184
0481,2020,0.183
0481,2021,0.181
0481,2022,0.182
0482,2012,0.195
0482,2013,0.196
0482,2014,0.201
0482,2015,0.197
0482,2016,0.197
0482,2017,0.197
0482,2018,0.196
0482,2019,0.198
0482,2020,0.196
0482,2021,0.199
0482,2022,0.196
0483,2012,0.097
0483,2013,0.085
0483,2014,0.086
0483,2015,0.09
0483,2016,0.089
0483,2017,0.09
0483,2018,0.093
0483,2019,0.095
0483,2020,0.094
0483,2021,0.094
0483,2022,0.095
0484,2012,0.137
0484,2013,0.137
0484,2014,0.138
0484,2015,0.138
0484,2016,0.112
0484,2017,0.139
0484,2018,0.139
0484,2019,0.141
0484,2020,0.13
0484,2021,0.131
0484,2022,0.132
0486,2012,0.081
0486,2013,0.083
0486,2014,0.081
0486,2015,0.081
0486,2016,0.082
0486,2017,0.081
0486,2018,0.082
0486,2019,0.08
0486,2020,0.079
0486,2021,0.078
0486,2022,0.075
0488,2012,0.099
0488,2013,0.097
0488,2014,0.096
0488,2015,0.096
0488,2016,0.092
0488,2017,0.091
0488,2018,0.093
0488,2019,0.093
0488,2020,0.102
0488,2021,0.103
0488,2022,0.106
0509,2012,0.101
0509,2013,0.101
0509,2014,0.098
0509,2015,0.098
0509,2016,0.099
0509,2017,0.1
0509,2018,0.103
0509,2019,0.101
0509,2020,0.098
0509,2021,0.094
0509,2022,0.1
0512,2012,0.06
0512,2013,0.058
0512,2014,0.058
0512,2015,0.061
0512,2016,0.056
0512,2017,0.056
0512,2018,0.056
0512,2019,0.053
0512,2020,0.049
0512,2021,0.049
0512,2022,0.044
0513,2012,0.186
0513,2013,0.182
0513,2014,0.18
0513,2015,0.181
0513,2016,0.179
0513,2017,0.18
0513,2018,0.177
0513,2019,0.177
0513,2020,0.174
0513,2021,0.176
0513,2022,0.173
0560,2012,0.168
0560,2013,0.169
0560,2014,0.169
0560,2015,0.175
0560,2016,0.172
0560,2017,0.177
0560,2018,0.178
0560,2019,0.191
0560,2020,0.19
0560,2021,0.187
0560,2022,0.19
0562,2012,0.144
0562,2013,0.147
0562,2014,0.149
0562,2015,0.148
0562,2016,0.149
0562,2017,0.149
0562,2018,0.152
0562,2019,0.152
0562,2020,0.153
0562,2021,0.153
0562,2022,0.156
0580,2012,0.2
0580,2013,0.196
0580,2014,0.191
0580,2015,0.188
0580,2016,0.188
0580,2017,0.18
0580,2018,0.178
0580,2019,0.178
0580,2020,0.177
0580,2021,0.163
0580,2022,0.164
0581,2012,0.136
0581,2013,0.129
0581,2014,0.129
0581,2015,0.126
0581,2016,0.125
0581,2017,0.124
0581,2018,0.121
0581,2019,0.121
0581,2020,0.123
0581,2021,0.124
0581,2022,0.122
0582,2012,0.121
0582,2013,0.119
0582,2014,0.119
0582,2015,0.118
0582,2016,0.121
0582,2017,0.12
0582,2018,0.121
0582,2019,0.128
0582,2020,0.124
0582,2021,0.122
0582,2022,0.122
0583,2012,0.25
0583,2013,0.247
0583,2014,0.247
0583,2015,0.244
0583,2016,0.243
0583,2017,0.244
0583,2018,0.246
0583,2019,0.247
0583,2020,0.245
0583,2021,0.244
0583,2022,0.242
0584,2012,0.169
0584,2013,0.174
0584,2014,0.172
0584,2015,0.171
0584,2016,0.173
0584,2017,0.161
0584,2018,0.163
0584,2019,0.164
0584,2020,0.159
0584,2021,0.166
0584,2022,0.166
0586,2012,0.174
0586,2013,0.178
0586,2014,0.183
0586,2015,0.184
0586,2016,0.185
0586,2017,0.189
0586,2018,0.188
0586,2019,0.188
0586,2020,0.183
0586,2021,0.183
0586,2022,0.185
0604,2012,0.071
0604,2013,0.073
0604,2014,0.08
0604,2015,0.078
0604,2016,0.075
0604,2017,0.083
0604,2018,0.089
0604,2019,0.092
0604,2020,0.092
0604,2021,0.091
0604,2022,0.093
0617,2012,0.097
0617,2013,0.096
0617,2014,0.096
0617,2015,0.098
0617,2016,0.098
0617,2017,0.095
0617,2018,0.099
0617,2019,0.098
0617,2020,0.098
0617,2021,0.099
0617,2022,0.102
0642,2012,0.138
0642,2013,0.138
0642,2014,0.138
0642,2015,0.146
0642,2016,0.148
0642,2017,0.156
0642,2018,0.152
0642,2019,0.156
0642,2020,0.152
0642,2021,0.148
0642,2022,0.154
0643,2012,0.112
0643,2013,0.11
0643,2014,0.11
0643,2015,0.106
0643,2016,0.105
0643,2017,0.105
0643,2018,0.109
0643,2019,0.11
0643,2020,0.112
0643,2021,0.111
0643,2022,0.112
0662,2012,0.155
0662,2013,0.155
0662,2014,0.16
0662,2015,0.167
0662,2016,0.145
0662,2017,0.148
0662,2018,0.149
0662,2019,0.149
0662,2020,0.148
0662,2021,0.147
0662,2022,0.149
0665,2012,0.142
0665,2013,0.15
0665,2014,0.151
0665,2015,0.151
0665,2016,0.153
0665,2017,0.153
0665,2018,0.152
0665,2019,0.156
0665,2020,0.166
0665,2021,0.164
0665,2022,0.164
0680,2012,0.156
0680,2013,0.157
0680,2014,0.158
0680,2015,0.158
0680,2016,0.157
0680,2017,0.159
0680,2018,0.158
0680,2019,0.157
0680,2020,0.158
0680,2021,0.157
0680,2022,0.159
0682,2012,0.095
0682,2013,0.097
0682,2014,0.099
0682,2015,0.099
0682,2016,0.099
0682,2017,0.099
0682,2018,0.099
0682,2019,0.1
0682,2020,0.1
0682,2021,0.1
0682,2022,0.098
0683,2012,0.141
0683,2013,0.142
0683,2014,0.144
0683,2015,0.148
0683,2016,0.148
0683,2017,0.148
0683,2018,0.15
0683,2019,0.153
0683,2020,0.156
0683,2021,0.157
0683,2022,0.158
0684,2012,0.071
0684,2013,0.072
0684,2014,0.073
0684,2015,0.07
0684,2016,0.059
0684,2017,0.057
0684,2018,0.062
0684,2019,0.064
0684,2020,0.063
0684,2021,0.065
0684,2022,0.064
0685,2012,0.059
0685,2013,0.056
0685,2014,0.057
0685,2015,0.057
0685,2016,0.054
0685,2017,0.052
0685,2018,0.053
0685,2019,0.054
0685,2020,0.055
0685,2021,0.056
0685,2022,0.054
0686,2012,0.161
0686,2013,0.158
0686,2014,0.134
0686,2015,0.136
0686,2016,0.135
0686,2017,0.125
0686,2018,0.132
0686,2019,0.132
0686,2020,0.13
0686,2021,0.129
0686,2022,0.132
0687,2012,0.054
0687,2013,0.053
0687,2014,0.054
0687,2015,0.055
0687,2016,0.054
0687,2017,0.054
0687,2018,0.054
0687,2019,0.053
0687,2020,0.052
0687,2021,0.053
0687,2022,0.051
0760,2012,0.121
0760,2013,0.117
0760,2014,0.117
0760,2015,0.117
0760,2016,0.121
0760,2017,0.122
0760,2018,0.124
0760,2019,0.13
0760,2020,0.133
0760,2021,0.133
0760,2022,0.132
0761,2012,0.14
0761,2013,0.139
0761,2014,0.147
0761,2015,0.151
0761,2016,0.15
0761,2017,0.153
0761,2018,0.154
0761,2019,0.149
0761,2020,0.149
0761,2021,0.149
0761,2022,0.139
0763,2012,0.126
0763,2013,0.127
0763,2014,0.132
0763,2015,0.136
0763,2016,0.133
0763,2017,0.135
0763,2018,0.134
0763,2019,0.139
0763,2020,0.138
0763,2021,0.139
0763,2022,0.137
0764,2012,0.146
0764,2013,0.149
0764,2014,0.146
0764,2015,0.144
0764,2016,0.147
0764,2017,0.144
0764,2018,0.144
0764,2019,0.143
0764,2020,0.144
0764,2021,0.142
0764,2022,0.141
0765,2012,0.142
0765,2013,0.143
0765,2014,0.145
0765,2015,0.147
0765,2016,0.147
0765,2017,0.146
0765,2018,0.128
0765,2019,0.124
0765,2020,0.125
0765,2021,0.123
0765,2022,0.131
0780,2012,0.206
0780,2013,0.204
0780,2014,0.208
0780,2015,0.205
0780,2016,0.177
0780,2017,0.175
0780,2018,0.17
0780,2019,0.169
0780,2020,0.167
0780,2021,0.165
0780,2022,0.139
0781,2012,0.066
0781,2013,0.065
0781,2014,0.063
0781,2015,0.069
0781,2016,0.067
0781,2017,0.067
0781,2018,0.071
0781,2019,0.069
0781,2020,0.071
0781,2021,0.072
0781,2022,0.072
0821,2012,0.077
0821,2013,0.078
0821,2014,0.078
0821,2015,0.075
0821,2016,0.076
0821,2017,0.073
0821,2018,0.067
0821,2019,0.07
0821,2020,0.071
0821,2021,0.071
0821,2022,0.07
0834,2012,0.112
0834,2013,0.117
0834,2014,0.118
0834,2015,0.117
0834,2016,0.116
0834,2017,0.123
0834,2018,0.122
0834,2019,0.124
0834,2020,0.122
0834,2021,0.122
0834,2022,0.122
0840,2012,0.096
0840,2013,0.097
0840,2014,0.093
0840,2015,0.095
0840,2016,0.093
0840,2017,0.092
0840,2018,0.094
0840,2019,0.096
0840,2020,0.096
0840,2021,0.093
0840,2022,0.095
0860,2012,0.157
0860,2013,0.167
0860,2014,0.168
0860,2015,0.169
0860,2016,0.173
0860,2017,0.173
0860,2018,0.168
0860,2019,0.164
0860,2020,0.158
0860,2021,0.156
0860,2022,0.157
0861,2012,0.163
0861,2013,0.168
0861,2014,0.17
0861,2015,0.172
0861,2016,0.169
0861,2017,0.176
0861,2018,0.179
0861,2019,0.181
0861,2020,0.179
0861,2021,0.179
0861,2022,0.189
0862,2012,0.177
0862,2013,0.17
0862,2014,0.172
0862,2015,0.173
0862,2016,0.173
0862,2017,0.177
0862,2018,0.176
0862,2019,0.176
0862,2020,0.174
0862,2021,0.17
0862,2022,0.172
0880,2012,0.096
0880,2013,0.095
0880,2014,0.096
0880,2015,0.098
0880,2016,0.096
0880,2017,0.097
0880,2018,0.097
0880,2019,0.096
0880,2020,0.105
0880,2021,0.104
0880,2022,0.106
0881,2012,0.172
0881,2013,0.173
0881,2014,0.172
0881,2015,0.173
0881,2016,0.172
0881,2017,0.175
0881,2018,0.174
0881,2019,0.177
0881,2020,0.175
0881,2021,0.177
0881,2022,0.178
0882,2012,0.171
0882,2013,0.171
0882,2014,0.171
0882,2015,0.17
0882,2016,0.164
0882,2017,0.161
0882,2018,0.162
0882,2019,0.167
0882,2020,0.165
0882,2021,0.164
0882,2022,0.164
0883,2012,0.143
0883,2013,0.145
0883,2014,0.145
0883,2015,0.146
0883,2016,0.144
0883,2017,0.144
0883,2018,0.144
0883,2019,0.143
0883,2020,0.146
0883,2021,0.145
0883,2022,0.143
0884,2012,0.134
0884,2013,0.137
0884,2014,0.136
0884,2015,0.139
0884,2016,0.14
0884,2017,0.141
0884,2018,0.142
0884,2019,0.143
0884,2020,0.143
0884,2021,0.139
0884,2022,0.138
0980,2012,0.139
0980,2013,0.139
0980,2014,0.139
0980,2015,0.139
0980,2016,0.14
0980,2017,0.14
0980,2018,0.106
0980,2019,0.106
0980,2020,0.106
0980,2021,0.106
0980,2022,0.105
1060,2012,0.213
1060,2013,0.21
1060,2014,0.218
1060,2015,0.221
1060,2016,0.22
1060,2017,0.221
1060,2018,0.22
1060,2019,0.218
1060,2020,0.228
1060,2021,0.226
1060,2022,0.227
1080,2012,0.113
1080,2013,0.114
1080,2014,0.114
1080,2015,0.116
1080,2016,0.113
1080,2017,0.113
1080,2018,0.105
1080,2019,0.104
1080,2020,0.106
1080,2021,0.105
1080,2022,0.103
1081,2012,0.162
1081,2013,0.162
1081,2014,0.158
1081,2015,0.161
1081,2016,0.161
1081,2017,0.162
1081,2018,0.117
1081,2019,0.117
1081,2020,0.114
1081,2021,0.117
1081,2022,0.115
1082,2012,0.12
1082,2013,0.119
1082,2014,0.119
1082,2015,0.12
1082,2016,0.121
1082,2017,0.121
1082,2018,0.124
1082,2019,0.125
1082,2020,0.124
1082,2021,0.123
1082,2022,0.118
1083,2012,0.134
1083,2013,0.134
1083,2014,0.135
1083,2015,0.134
1083,2016,0.133
1083,2017,0.131
1083,2018,0.139
1083,2019,0.138
1083,2020,0.137
1083,2021,0.137
1083,2022,0.136
1214,2012,0.129
1214,2013,0.131
1214,2014,0.131
1214,2015,0.131
1214,2016,0.132
1214,2017,0.134
1214,2018,0.133
1214,2019,0.136
1214,2020,0.136
1214,2021,0.136
1214,2022,0.138
1230,2012,0.051
1230,2013,0.05
1231,2012,0.33
1231,2013,0.331
1231,2014,0.347
1231,2015,0.343
1231,2016,0.341
1231,2017,0.338
1231,2018,0.338
1231,2019,0.322
1231,2020,0.317
1231,2021,0.319
1231,2022,0.316
1233,2012,0.051
1233,2013,0.054
1233,2014,0.054
1233,2015,0.054
1233,2016,0.048
1233,2017,0.049
1233,2018,0.049
1233,2019,0.047
1233,2020,0.047
1233,2021,0.048
1233,2022,0.046
1256,2012,0.197
1256,2013,0.202
1256,2014,0.202
1256,2015,0.203
1256,2016,0.205
1256,2017,0.205
1256,2018,0.204
1256,2019,0.2
1256,2020,0.203
1256,2021,0.197
1256,2022,0.191
1257,2012,0.055
1257,2013,0.021
1257,2014,0.024
1257,2015,0.027
1257,2016,0.026
1257,2017,0.027
1257,2018,0.026
1257,2019,0.027
1257,2020,0.024
1257,2021,0.026
1257,2022,0.024
1260,2012,0.142
1260,2013,0.141
1260,2014,0.147
1260,2015,0.148
1260,2016,0.148
1260,2017,0.147
1260,2018,0.148
1260,2019,0.142
1260,2020,0.094
1260,2021,0.094
1260,2022,0.093
1261,2012,0.147
1261,2013,0.146
1261,2014,0.146
1261,2015,0.146
1261,2016,0.146
1261,2017,0.151
1261,2018,0.151
1261,2019,0.15
1261,2020,0.117
1261,2021,0.121
1261,2022,0.122
1263,2012,0.12
1263,2013,0.12
1263,2014,0.119
1263,2015,0.119
1263,2016,0.122
1263,2017,0.125
1263,2018,0.122
1263,2019,0.119
1263,2020,0.119
1263,2021,0.1
1263,2022,0.1
1264,2012,0.062
1264,2013,0.063
1264,2014,0.066
1264,2015,0.065
1264,2016,0.065
1264,2017,0.065
1264,2018,0.064
1264,2019,0.066
1264,2020,0.063
1264,2021,0.035
1264,2022,0.034
1265,2012,0.019
1265,2013,0.019
1265,2014,0.019
1265,2015,0.019
1265,2016,0.018
1265,2017,0.018
1265,2018,0.017
1265,2019,0.018
1265,2020,0.018
1265,2021,0.017
1265,2022,0.018
1266,2012,0.037
1266,2013,0.038
1266,2014,0.038
1266,2015,0.036
1266,2016,0.037
1266,2017,0.038
1266,2018,0.038
1266,2019,0.038
1266,2020,0.038
1266,2021,0.039
1266,2022,0.039
1267,2012,0.057
1267,2013,0.055
1267,2014,0.052
1267,2015,0.055
1267,2016,0.052
1267,2017,0.055
1267,2018,0.057
1267,2019,0.057
1267,2020,0.058
1267,2021,0.055
1267,2022,0.055
1270,2012,0.055
1270,2013,0.053
1270,2014,0.056
1270,2015,0.055
1270,2016,0.058
1270,2017,0.057
1270,2018,0.058
1270,2019,0.061
1270,2020,0.061
1270,2021,0.061
1270,2022,0.064
1272,2012,0.086
1272,2013,0.086
1272,2014,0.085
1272,2015,0.085
1272,2016,0.085
1272,2017,0.086
1272,2018,0.094
1272,2019,0.093
1272,2020,0.091
1272,2021,0.087
1272,2022,0.088
1273,2012,0.093
1273,2013,0.089
1273,2014,0.09
1273,2015,0.091
1273,2016,0.089
1273,2017,0.089
1273,2018,0.089
1273,2019,0.091
1273,2020,0.09
1273,2021,0.09
1273,2022,0.089
1275,2012,0.089
1275,2013,0.089
1275,2014,0.09
1275,2015,0.088
1275,2016,0.091
1275,2017,0.09
1275,2018,0.097
1275,2019,0.097
1275,2020,0.098
1275,2021,0.118
1275,2022,0.119
1276,2012,0.118
1276,2013,0.118
1276,2014,0.118
1276,2015,0.12
1276,2016,0.116
1276,2017,0.115
1276,2018,0.121
1276,2019,0.119
1276,2020,0.123
1276,2021,0.127
1276,2022,0.126
1277,2012,0.043
1277,2013,0.042
1277,2014,0.042
1277,2015,0.042
1277,2016,0.042
1277,2017,0.043
1277,2018,0.04
1277,2019,0.041
1277,2020,0.045
1277,2021,0.045
1277,2022,0.051
1278,2012,0.089
1278,2013,0.098
1278,2014,0.092
1278,2015,0.094
1278,2016,0.104
1278,2017,0.106
1278,2018,0.105
1278,2019,0.106
1278,2020,0.104
1278,2021,0.099
1278,2022,0.098
1280,2012,0.153
1280,2013,0.152
1280,2014,0.152
1280,2015,0.152
1280,2016,0.152
1280,2017,0.152
1280,2018,0.14
1280,2019,0.14
1280,2020,0.141
1280,2021,0.141
1280,2022,0.14
1281,2012,0.157
1281,2013,0.157
1281,2014,0.159
1281,2015,0.159
1281,2016,0.159
1281,2017,0.162
1281,2018,0.163
1281,2019,0.165
1281,2020,0.168
1281,2021,0.166
1281,2022,0.167
1282,2012,0.189
1282,2013,0.189
1282,2014,0.188
1282,2015,0.184
1282,2016,0.165
1282,2017,0.11
1282,2018,0.109
1282,2019,0.107
1282,2020,0.095
1282,2021,0.096
1282,2022,0.094
1283,2012,0.187
1283,2013,0.173
1283,2014,0.171
1283,2015,0.174
1283,2016,0.174
1283,2017,0.161
1283,2018,0.161
1283,2019,0.158
1283,2020,0.154
1283,2021,0.153
1283,2022,0.154
1284,2012,0.111
1284,2013,0.111
1284,2014,0.112
1284,2015,0.112
1284,2016,0.112
1284,2017,0.111
1284,2018,0.115
1284,2019,0.105
1284,2020,0.108
1284,2021,0.106
1284,2022,0.104
1285,2012,0.121
1285,2013,0.125
1285,2014,0.124
1285,2015,0.124
1285,2016,0.095
1285,2017,0.097
1285,2018,0.097
1285,2019,0.098
1285,2020,0.1
1285,2021,0.103
1285,2022,0.103
1286,2012,0.086
1286,2013,0.084
1286,2014,0.087
1286,2015,0.086
1286,2016,0.087
1286,2017,0.088
1286,2018,0.088
1286,2019,0.087
1286,2020,0.091
1286,2021,0.089
1286,2022,0.089
1287,2012,0.089
1287,2013,0.089
1287,2014,0.09
1287,2015,0.089
1287,2016,0.088
1287,2017,0.093
1287,2018,0.094
1287,2019,0.095
1287,2020,0.06
1287,2021,0.058
1287,2022,0.064
1290,2012,0.204
1290,2013,0.207
1290,2014,0.204
1290,2015,0.204
1290,2016,0.204
1290,2017,0.201
1290,2018,0.202
1290,2019,0.201
1290,2020,0.201
1290,2021,0.198
1290,2022,0.195
1291,2012,0.067
1291,2013,0.067
1291,2014,0.068
1291,2015,0.07
1291,2016,0.07
1291,2017,0.071
1291,2018,0.078
1291,2019,0.077
1291,2020,0.078
1291,2021,0.079
1291,2022,0.079
1292,2012,0.126
1292,2013,0.129
1292,2014,0.127
1292,2015,0.126
1292,2016,0.127
1292,2017,0.127
1292,2018,0.135
1292,2019,0.129
1292,2020,0.129
1292,2021,0.135
1292,2022,0.139
1293,2012,0.045
1293,2013,0.046
1293,2014,0.046
1293,2015,0.046
1293,2016,0.048
1293,2017,0.048
1293,2018,0.048
1293,2019,0.048
1293,2020,0.049
1293,2021,0.049
1293,2022,0.049
1315,2012,0.089
1315,2013,0.089
1315,2014,0.095
1315,2015,0.101
1315,2016,0.102
1315,2017,0.1
1315,2018,0.1
1315,2019,0.101
1315,2020,0.097
1315,2021,0.095
1315,2022,0.095
1380,2012,0.199
1380,2013,0.2
1380,2014,0.199
1380,2015,0.201
1380,2016,0.198
1380,2017,0.199
1380,2018,0.194
1380,2019,0.19
1380,2020,0.186
1380,2021,0.188
1380,2022,0.188
1381,2012,0.087
1381,2013,0.086
1381,2014,0.085
1381,2015,0.085
1381,2016,0.083
1381,2017,0.083
1381,2018,0.084
1381,2019,0.086
1381,2020,0.08
1381,2021,0.076
1381,2022,0.075
1382,2012,0.121
1382,2013,0.123
1382,2014,0.121
1382,2015,0.12
1382,2016,0.116
1382,2017,0.114
1382,2018,0.114
1382,2019,0.114
1382,2020,0.119
1382,2021,0.114
1382,2022,0.111
1383,2012,0.181
1383,2013,0.181
1383,2014,0.181
1383,2015,0.18
1383,2016,0.176
1383,2017,0.174
1383,2018,0.175
1383,2019,0.174
1383,2020,0.175
1383,2021,0.172
1383,2022,0.173
1384,2012,0.054
1384,2013,0.055
1384,2014,0.057
1384,2015,0.057
1384,2016,0.056
1384,2017,0.055
1384,2018,0.058
1384,2019,0.058
1384,2020,0.058
1384,2021,0.057
1384,2022,0.057
1401,2012,0.119
1401,2013,0.118
1401,2014,0.121
1401,2015,0.119
1401,2016,0.118
1401,2017,0.117
1401,2018,0.115
1401,2019,0.115
1401,2020,0.115
1401,2021,0.12
1401,2022,0.116
1402,2012,0.225
1402,2013,0.22
1402,2014,0.227
1402,2015,0.223
1402,2016,0.214
1402,2017,0.219
1402,2018,0.221
1402,2019,0.223
1402,2020,0.222
1402,2021,0.224
1402,2022,0.222
1407,2012,0.024
1407,2013,0.024
1407,2014,0.02
1407,2015,0.02
1407,2016,0.019
1407,2017,0.03
1407,2018,0.03
1407,2019,0.029
1407,2020,0.03
1407,2021,0.03
1407,2022,0.03
1415,2012,0.167
1415,2013,0.166
1415,2014,0.164
1415,2015,0.164
1415,2016,0.161
1415,2017,0.162
1415,2018,0.161
1415,2019,0.16
1415,2020,0.161
1415,2021,0.158
1415,2022,0.158
1419,2012,0.048
1419,2013,0.048
1419,2014,0.047
1419,2015,0.047
1419,2016,0.046
1419,2017,0.048
1419,2018,0.052
1419,2019,0.052
1419,2020,0.052
1419,2021,0.051
1419,2022,0.051
1421,2012,0.084
1421,2013,0.082
1421,2014,0.08
1421,2015,0.082
1421,2016,0.083
1421,2017,0.082
1421,2018,0.081
1421,2019,0.089
1421,2020,0.088
1421,2021,0.09
1421,2022,0.092
1427,2012,0.141
1427,2013,0.142
1427,2014,0.144
1427,2015,0.144
1427,2016,0.145
1427,2017,0.141
1427,2018,0.141
1427,2019,0.144
1427,2020,0.142
1427,2021,0.139
1427,2022,0.141
1430,2012,0.088
1430,2013,0.09
1430,2014,0.09
1430,2015,0.098
1430,2016,0.092
1430,2017,0.095
1430,2018,0.097
1430,2019,0.098
1430,2020,0.097
1430,2021,0.096
1430,2022,0.096
1435,2012,0.096
1435,2013,0.096
1435,2014,0.095
1435,2015,0.096
1435,2016,0.093
1435,2017,0.096
1435,2018,0.1
1435,2019,0.103
1435,2020,0.106
1435,2021,0.106
1435,2022,0.105
1438,2012,0.175
1438,2013,0.181
1438,2014,0.183
1438,2015,0.187
1438,2016,0.186
1438,2017,0.196
1438,2018,0.2
1438,2019,0.198
1438,2020,0.196
1438,2021,0.189
1438,2022,0.189
1439,2012,0.088
1439,2013,0.088
1439,2014,0.082
1439,2015,0.089
1439,2016,0.09
1439,2017,0.087
1439,2018,0.088
1439,2019,0.086
1439,2020,0.089
1439,2021,0.087
1439,2022,0.084
1440,2012,0.143
1440,2013,0.143
1440,2014,0.141
1440,2015,0.143
1440,2016,0.139
1440,2017,0.139
1440,2018,0.136
1440,2019,0.133
1440,2020,0.13
1440,2021,0.132
1440,2022,0.139
1441,2012,0.057
1441,2013,0.058
1441,2014,0.057
1441,2015,0.058
1441,2016,0.056
1441,2017,0.055
1441,2018,0.054
1441,2019,0.054
1441,2020,0.054
1441,2021,0.054
1441,2022,0.055
1442,2012,0.151
1442,2013,0.151
1442,2014,0.152
1442,2015,0.147
1442,2016,0.145
1442,2017,0.133
1442,2018,0.128
1442,2019,0.127
1442,2020,0.128
1442,2021,0.13
1442,2022,0.136
1443,2012,0.082
1443,2013,0.086
1443,2014,0.087
1443,2015,0.084
1443,2016,0.08
1443,2017,0.09
1443,2018,0.089
1443,2019,0.089
1443,2020,0.095
1443,2021,0.094
1443,2022,0.093
1445,2012,0.077
1445,2013,0.076
1445,2014,0.078
1445,2015,0.077
1445,2016,0.077
1445,2017,0.081
1445,2018,0.081
1445,2019,0.079
1445,2020,0.076
1445,2021,0.072
1445,2022,0.079
1446,2012,0.105
1446,2013,0.106
1446,2014,0.103
1446,2015,0.101
1446,2016,0.102
1446,2017,0.113
1446,2018,0.115
1446,2019,0.116
1446,2020,0.117
1446,2021,0.117
1446,2022,0.119
1447,2012,0.079
1447,2013,0.077
1447,2014,0.084
1447,2015,0.084
1447,2016,0.088
1447,2017,0.089
1447,2018,0.094
1447,2019,0.094
1447,2020,0.088
1447,2021,0.088
1447,2022,0.084
1452,2012,0.094
1452,2013,0.096
1452,2014,0.094
1452,2015,0.097
1452,2016,0.097
1452,2017,0.098
1452,2018,0.097
1452,2019,0.095
1452,2020,0.092
1452,2021,0.095
1452,2022,0.097
1460,2012,0.131
1460,2013,0.128
1460,2014,0.133
1460,2015,0.139
1460,2016,0.147
1460,2017,0.143
1460,2018,0.145
1460,2019,0.143
1460,2020,0.141
1460,2021,0.141
1460,2022,0.136
1461,2012,0.127
1461,2013,0.125
1461,2014,0.129
1461,2015,0.134
1461,2016,0.132
1461,2017,0.137
1461,2018,0.139
1461,2019,0.141
1461,2020,0.131
1461,2021,0.13
1461,2022,0.134
1462,2012,0.036
1462,2013,0.041
1462,2014,0.043
1462,2015,0.044
1462,2016,0.043
1462,2017,0.043
1462,2018,0.043
1462,2019,0.046
1462,2020,0.045
1462,2021,0.044
1462,2022,0.045
1463,2012,0.172
1463,2013,0.171
1463,2014,0.174
1463,2015,0.177
1463,2016,0.177
1463,2017,0.175
1463,2018,0.176
1463,2019,0.177
1463,2020,0.175
1463,2021,0.176
1463,2022,0.176
1465,2012,0.05
1465,2013,0.05
1465,2014,0.05
1465,2015,0.053
1465,2016,0.054
1465,2017,0.052
1465,2018,0.053
1465,2019,0.053
1465,2020,0.052
1465,2021,0.049
1465,2022,0.049
1466,2012,0.089
1466,2013,0.089
1466,2014,0.089
1466,2015,0.088
1466,2016,0.092
1466,2017,0.093
1466,2018,0.097
1466,2019,0.096
1466,2020,0.096
1466,2021,0.093
1466,2022,0.092
1470,2012,0.054
1470,2013,0.051
1470,2014,0.052
1470,2015,0.053
1470,2016,0.054
1470,2017,0.054
1470,2018,0.055
1470,2019,0.058
1470,2020,0.046
1470,2021,0.051
1470,2022,0.05
1471,2012,0.054
1471,2013,0.053
1471,2014,0.048
1471,2015,0.055
1471,2016,0.053
1471,2017,0.053
1471,2018,0.056
1471,2019,0.055
1471,2020,0.056
1471,2021,0.055
1471,2022,0.056
1472,2012,0.058
1472,2013,0.059
1472,2014,0.119
1472,2015,0.119
1472,2016,0.121
1472,2017,0.121
1472,2018,0.12
1472,2019,0.123
1472,2020,0.123
1472,2021,0.124
1472,2022,0.122
1473,2012,0.049
1473,2013,0.053
1473,2014,0.055
1473,2015,0.057
1473,2016,0.059
1473,2017,0.06
1473,2018,0.06
1473,2019,0.061
1473,2020,0.071
1473,2021,0.069
1473,2022,0.068
1480,2012,0.285
1480,2013,0.284
1480,2014,0.282
1480,2015,0.281
1480,2016,0.28
1480,2017,0.278
1480,2018,0.277
1480,2019,0.276
1480,2020,0.275
1480,2021,0.274
1480,2022,0.272
1481,2012,0.131
1481,2013,0.129
1481,2014,0.126
1481,2015,0.125
1481,2016,0.123
1481,2017,0.123
1481,2018,0.124
1481,2019,0.122
1481,2020,0.125
1481,2021,0.123
1481,2022,0.122
1482,2012,0.172
1482,2013,0.173
1482,2014,0.171
1482,2015,0.173
1482,2016,0.171
1482,2017,0.177
1482,2018,0.174
1482,2019,0.173
1482,2020,0.169
1482,2021,0.166
1482,2022,0.163
1484,2012,0.148
1484,2013,0.146
1484,2014,0.15
1484,2015,0.15
1484,2016,0.142
1484,2017,0.14
1484,2018,0.142
1484,2019,0.142
1484,2020,0.14
1484,2021,0.138
1484,2022,0.142
1485,2012,0.181
1485,2013,0.184
1485,2014,0.182
1485,2015,0.183
1485,2016,0.181
1485,2017,0.181
1485,2018,0.181
1485,2019,0.184
1485,2020,0.183
1485,2021,0.182
1485,2022,0.182
1486,2012,0.215
1486,2013,0.218
1486,2014,0.221
1486,2015,0.226
1486,2016,0.229
1486,2017,0.23
1486,2018,0.228
1486,2019,0.229
1486,2020,0.225
1486,2021,0.227
1486,2022,0.226
1487,2012,0.136
1487,2013,0.136
1487,2014,0.137
1487,2015,0.137
1487,2016,0.138
1487,2017,0.14
1487,2018,0.14
1487,2019,0.138
1487,2020,0.14
1487,2021,0.144
1487,2022,0.141
1488,2012,0.166
1488,2013,0.172
1488,2014,0.171
1488,2015,0.169
1488,2016,0.171
1488,2017,0.17
1488,2018,0.174
1488,2019,0.176
1488,2020,0.174
1488,2021,0.175
1488,2022,0.175
1489,2012,0.147
1489,2013,0.145
1489,2014,0.148
1489,2015,0.146
1489,2016,0.145
1489,2017,0.145
1489,2018,0.147
1489,2019,0.146
1489,2020,0.148
1489,2021,0.144
1489,2022,0.144
1490,2012,0.162
1490,2013,0.163
1490,2014,0.162
1490,2015,0.145
1490,2016,0.146
1490,2017,0.145
1490,2018,0.144
1490,2019,0.144
1490,2020,0.146
1490,2021,0.145
1490,2022,0.146
1491,2012,0.077
1491,2013,0.078
1491,2014,0.074
1491,2015,0.078
1491,2016,0.077
1491,2017,0.075
1491,2018,0.077
1491,2019,0.076
1491,2020,0.077
1491,2021,0.077
1491,2022,0.079
1492,2012,0.141
1492,2013,0.14
1492,2014,0.142
1492,2015,0.145
1492,2016,0.144
1492,2017,0.144
1492,2018,0.142
1492,2019,0.143
1492,2020,0.142
1492,2021,0.139
1492,2022,0.138
1493,2012,0.11
1493,2013,0.111
1493,2014,0.111
1493,2015,0.112
1493,2016,0.117
1493,2017,0.117
1493,2018,0.118
1493,2019,0.111
1493,2020,0.113
1493,2021,0.114
1493,2022,0.113
1494,2012,0.106
1494,2013,0.109
1494,2014,0.109
1494,2015,0.108
1494,2016,0.107
1494,2017,0.11
1494,2018,0.115
1494,2019,0.115
1494,2020,0.114
1494,2021,0.113
1494,2022,0.113
1495,2012,0.039
1495,2013,0.038
1495,2014,0.041
1495,2015,0.048
1495,2016,0.047
1495,2017,0.047
1495,2018,0.051
1495,2019,0.052
1495,2020,0.052
1495,2021,0.052
1495,2022,0.052
1496,2012,0.146
1496,2013,0.149
1496,2014,0.15
1496,2015,0.149
1496,2016,0.147
1496,2017,0.148
1496,2018,0.161
1496,2019,0.164
1496,2020,0.167
1496,2021,0.166
1496,2022,0.167
1498,2012,0.042
1498,2013,0.041
1498,2014,0.041
1498,2015,0.042
1498,2016,0.041
1498,2017,0.041
1498,2018,0.042
1498,2019,0.037
1498,2020,0.038
1498,2021,0.038
1498,2022,0.039
1499,2012,0.097
1499,2013,0.1
1499,2014,0.099
1499,2015,0.101
1499,2016,0.1
1499,2017,0.101
1499,2018,0.101
1499,2019,0.103
1499,2020,0.104
1499,2021,0.107
1499,2022,0.109
1715,2012,0.135
1715,2013,0.136
1715,2014,0.138
1715,2015,0.135
1715,2016,0.134
1715,2017,0.137
1715,2018,0.139
1715,2019,0.14
1715,2020,0.139
1715,2021,0.138
1715,2022,0.137
1730,2012,0.172
1730,2013,0.174
1730,2014,0.177
1730,2015,0.177
1730,2016,0.18
1730,2017,0.187
1730,2018,0.187
1730,2019,0.187
1730,2020,0.183
1730,2021,0.181
1730,2022,0.182
1737,2012,0.154
1737,2013,0.155
1737,2014,0.155
1737,2015,0.154
1737,2016,0.153
1737,2017,0.159
1737,2018,0.171
1737,2019,0.173
1737,2020,0.172
1737,2021,0.171
1737,2022,0.169
1760,2012,0.152
1760,2013,0.161
1760,2014,0.156
1760,2015,0.154
1760,2016,0.161
1760,2017,0.163
1760,2018,0.161
1760,2019,0.155
1760,2020,0.15
1760,2021,0.144
1760,2022,0.137
1761,2012,0.083
1761,2013,0.083
1761,2014,0.081
1761,2015,0.08
1761,2016,0.08
1761,2017,0.08
1761,2018,0.089
1761,2019,0.089
1761,2020,0.088
1761,2021,0.088
1761,2022,0.087
1762,2012,0.103
1762,2013,0.106
1762,2014,0.115
1762,2015,0.112
1762,2016,0.115
1762,2017,0.114
1762,2018,0.118
1762,2019,0.097
1762,2020,0.1
1762,2021,0.1
1762,2022,0.097
1763,2012,0.111
1763,2013,0.111
1763,2014,0.113
1763,2015,0.115
1763,2016,0.112
1763,2017,0.113
1763,2018,0.121
1763,2019,0.121
1763,2020,0.122
1763,2021,0.123
1763,2022,0.122
1764,2012,0.143
1764,2013,0.145
1764,2014,0.146
1764,2015,0.144
1764,2016,0.146
1764,2017,0.147
1764,2018,0.149
1764,2019,0.138
1764,2020,0.137
1764,2021,0.136
1764,2022,0.134
1765,2012,0.179
1765,2013,0.18
1765,2014,0.181
1765,2015,0.183
1765,2016,0.181
1765,2017,0.187
1765,2018,0.186
1765,2019,0.186
1765,2020,0.185
1765,2021,0.18
1765,2022,0.188
1766,2012,0.06
1766,2013,0.064
1766,2014,0.064
1766,2015,0.066
1766,2016,0.065
1766,2017,0.066
1766,2018,0.064
1766,2019,0.071
1766,2020,0.075
1766,2021,0.078
1766,2022,0.081
1780,2012,0.198
1780,2013,0.198
1780,2014,0.197
1780,2015,0.197
1780,2016,0.196
1780,2017,0.195
1780,2018,0.193
1780,2019,0.188
1780,2020,0.185
1780,2021,0.185
1780,2022,0.185
1781,2012,0.093
1781,2013,0.093
1781,2014,0.091
1781,2015,0.09
1781,2016,0.091
1781,2017,0.09
1781,2018,0.095
1781,2019,0.094
1781,2020,0.094
1781,2021,0.095
1781,2022,0.099
1782,2012,0.094
1782,2013,0.1
1782,2014,0.099
1782,2015,0.101
1782,2016,0.1
1782,2017,0.091
1782,2018,0.092
1782,2019,0.089
1782,2020,0.091
1782,2021,0.087
1782,2022,0.088
1783,2012,0.101
1783,2013,0.099
1783,2014,0.096
1783,2015,0.092
1783,2016,0.093
1783,2017,0.082
1783,2018,0.081
1783,2019,0.077
1783,2020,0.077
1783,2021,0.074
1783,2022,0.074
1784,2012,0.183
1784,2013,0.182
1784,2014,0.18
1784,2015,0.183
1784,2016,0.181
1784,2017,0.183
1784,2018,0.179
1784,2019,0.178
1784,2020,0.181
1784,2021,0.176
1784,2022,0.181
1785,2012,0.125
1785,2013,0.128
1785,2014,0.131
1785,2015,0.133
1785,2016,0.136
1785,2017,0.134
1785,2018,0.133
1785,2019,0.13
1785,2020,0.13
1785,2021,0.126
1785,2022,0.12
1814,2012,0.091
1814,2013,0.088
1814,2014,0.092
1814,2015,0.095
1814,2016,0.095
1814,2017,0.094
1814,2018,0.089
1814,2019,0.089
1814,2020,0.087
1814,2021,0.086
1814,2022,0.087
1860,2012,0.139
1860,2013,0.145
1860,2014,0.152
1860,2015,0.159
1860,2016,0.152
1860,2017,0.155
1860,2018,0.148
1860,2019,0.143
1860,2020,0.155
1860,2021,0.157
1860,2022,0.15
1861,2012,0.174
1861,2013,0.176
1861,2014,0.171
1861,2015,0.176
1861,2016,0.176
1861,2017,0.136
1861,2018,0.135
1861,2019,0.136
1861,2020,0.154
1861,2021,0.157
1861,2022,0.098
1862,2012,0.114
1862,2013,0.114
1862,2014,0.116
1862,2015,0.117
1862,2016,0.121
1862,2017,0.122
1862,2018,0.124
1862,2019,0.124
1862,2020,0.121
1862,2021,0.121
1862,2022,0.122
1863,2012,0.146
1863,2013,0.142
1863,2014,0.144
1863,2015,0.15
1863,2016,0.148
1863,2017,0.151
1863,2018,0.151
1863,2019,0.15
1863,2020,0.143
1863,2021,0.138
1863,2022,0.135
1864,2012,0.078
1864,2013,0.075
1864,2014,0.08
1864,2015,0.082
1864,2016,0.05
1864,2017,0.054
1864,2018,0.052
1864,2019,0.074
1864,2020,0.073
1864,2021,0.069
1864,2022,0.068
1880,2012,0.292
1880,2013,0.295
1880,2014,0.293
1880,2015,0.291
1880,2016,0.289
1880,2017,0.287
1880,2018,0.283
1880,2019,0.279
1880,2020,0.277
1880,2021,0.273
1880,2022,0.267
1881,2012,0.194
1881,2013,0.195
1881,2014,0.202
1881,2015,0.203
1881,2016,0.207
1881,2017,0.209
1881,2018,0.204
1881,2019,0.192
1881,2020,0.191
1881,2021,0.192
1881,2022,0.193
1882,2012,0.149
1882,2013,0.149
1882,2014,0.15
1882,2015,0.149
1882,2016,0.144
1882,2017,0.146
1882,2018,0.148
1882,2019,0.147
1882,2020,0.145
1882,2021,0.147
1882,2022,0.147
1883,2012,0.136
1883,2013,0.137
1883,2014,0.141
1883,2015,0.142
1883,2016,0.141
1883,2017,0.14
1883,2018,0.139
1883,2019,0.139
1883,2020,0.142
1883,2021,0.142
1883,2022,0.141
1884,2012,0.095
1884,2013,0.095
1884,2014,0.103
1884,2015,0.097
1884,2016,0.101
1884,2017,0.101
1884,2018,0.1
1884,2019,0.101
1884,2020,0.102
1884,2021,0.101
1884,2022,0.101
1885,2012,0.101
1885,2013,0.099
1885,2014,0.101
1885,2015,0.102
1885,2016,0.106
1885,2017,0.105
1885,2018,0.08
1885,2019,0.079
1885,2020,0.081
1885,2021,0.082
1885,2022,0.081
1904,2012,0.063
1904,2013,0.064
1904,2014,0.063
1904,2015,0.065
1904,2016,0.065
1904,2017,0.06
1904,2018,0.06
1904,2019,0.059
1904,2020,0.059
1904,2021,0.057
1904,2022,0.053
1907,2012,0.083
1907,2013,0.085
1907,2014,0.086
1907,2015,0.087
1907,2016,0.088
1907,2017,0.091
1907,2018,0.09
1907,2019,0.091
1907,2020,0.09
1907,2021,0.089
1907,2022,0.089
1960,2012,0.171
1960,2013,0.172
1960,2014,0.17
1960,2015,0.174
1960,2016,0.176
1960,2017,0.184
1960,2018,0.183
1960,2019,0.182
1960,2020,0.184
1960,2021,0.183
1960,2022,0.185
1961,2012,0.303
1961,2013,0.305
1961,2014,0.305
1961,2015,0.304
1961,2016,0.299
1961,2017,0.305
1961,2018,0.302
1961,2019,0.302
1961,2020,0.301
1961,2021,0.302
1961,2022,0.302
1962,2012,0.103
1962,2013,0.104
1962,2014,0.111
1962,2015,0.113
1962,2016,0.104
1962,2017,0.105
1962,2018,0.104
1962,2019,0.103
1962,2020,0.107
1962,2021,0.106
1962,2022,0.103
1980,2012,0.149
1980,2013,0.15
1980,2014,0.148
1980,2015,0.149
1980,2016,0.15
1980,2017,0.151
1980,2018,0.138
1980,2019,0.141
1980,2020,0.14
1980,2021,0.141
1980,2022,0.138
1981,2012,0.218
1981,2013,0.211
1981,2014,0.214
1981,2015,0.212
1981,2016,0.209
1981,2017,0.207
1981,2018,0.207
1981,2019,0.206
1981,2020,0.21
1981,2021,0.21
1981,2022,0.21
1982,2012,0.02
1982,2013,0.019
1982,2014,0.02
1982,2015,0.019
1982,2016,0.018
1982,2017,0.018
1982,2018,0.018
1982,2019,0.018
1982,2020,0.018
1982,2021,0.019
1982,2022,0.019
1983,2012,0.179
1983,2013,0.188
1983,2014,0.186
1983,2015,0.186
1983,2016,0.191
1983,2017,0.196
1983,2018,0.194
1983,2019,0.197
1983,2020,0.196
1983,2021,0.195
1983,2022,0.195
1984,2012,0.041
1984,2013,0.042
1984,2014,0.032
1984,2015,0.041
1984,2016,0.042
1984,2017,0.033
1984,2018,0.032
1984,2019,0.032
1984,2020,0.032
1984,2021,0.032
1984,2022,0.032
2021,2012,0.148
2021,2013,0.15
2021,2014,0.145
2021,2015,0.149
2021,2016,0.151
2021,2017,0.15
2021,2018,0.151
2021,2019,0.154
2021,2020,0.156
2021,2021,0.157
2021,2022,0.161
2023,2012,0.11
2023,2013,0.107
2023,2014,0.109
2023,2015,0.11
2023,2016,0.111
2023,2017,0.113
2023,2018,0.113
2023,2019,0.112
2023,2020,0.115
2023,2021,0.114
2023,2022,0.112
2026,2012,0.061
2026,2013,0.061
2026,2014,0.061
2026,2015,0.068
2026,2016,0.068
2026,2017,0.066
2026,2018,0.069
2026,2019,0.07
2026,2020,0.068
2026,2021,0.068
2026,2022,0.068
2029,2012,0.096
2029,2013,0.098
2029,2014,0.102
2029,2015,0.102
2029,2016,0.102
2029,2017,0.103
2029,2018,0.103
2029,2019,0.112
2029,2020,0.113
2029,2021,0.113
2029,2022,0.111
2031,2012,0.074
2031,2013,0.072
2031,2014,0.075
2031,2015,0.076
2031,2016,0.076
2031,2017,0.074
2031,2018,0.075
2031,2019,0.084
2031,2020,0.084
2031,2021,0.085
2031,2022,0.084
2034,2012,0.194
2034,2013,0.183
2034,2014,0.18
2034,2015,0.18
2034,2016,0.19
2034,2017,0.197
2034,2018,0.199
2034,2019,0.202
2034,2020,0.198
2034,2021,0.197
2034,2022,0.198
2039,2012,0.077
2039,2013,0.076
2039,2014,0.08
2039,2015,0.08
2039,2016,0.079
2039,2017,0.077
2039,2018,0.079
2039,2019,0.08
2039,2020,0.079
2039,2021,0.08
2039,2022,0.079
2061,2012,0.153
2061,2013,0.153
2061,2014,0.153
2061,2015,0.155
2061,2016,0.156
2061,2017,0.153
2061,2018,0.156
2061,2019,0.159
2061,2020,0.159
2061,2021,0.16
2061,2022,0.161
2062,2012,0.142
2062,2013,0.137
2062,2014,0.141
2062,2015,0.143
2062,2016,0.14
2062,2017,0.141
2062,2018,0.139
2062,2019,0.145
2062,2020,0.145
2062,2021,0.145
2062,2022,0.145
2080,2012,0.22
2080,2013,0.206
2080,2014,0.206
2080,2015,0.21
2080,2016,0.209
2080,2017,0.193
2080,2018,0.189
2080,2019,0.19
2080,2020,0.191
2080,2021,0.192
2080,2022,0.191
2081,2012,0.188
2081,2013,0.195
2081,2014,0.199
2081,2015,0.198
2081,2016,0.2
2081,2017,0.186
2081,2018,0.167
2081,2019,0.167
2081,2020,0.164
2081,2021,0.196
2081,2022,0.194
2082,2012,0.172
2082,2013,0.175
2082,2014,0.176
2082,2015,0.182
2082,2016,0.182
2082,2017,0.183
2082,2018,0.183
2082,2019,0.184
2082,2020,0.188
2082,2021,0.188
2082,2022,0.188
2083,2012,0.096
2083,2013,0.096
2083,2014,0.097
2083,2015,0.098
2083,2016,0.096
2083,2017,0.097
2083,2018,0.097
2083,2019,0.101
2083,2020,0.098
2083,2021,0.1
2083,2022,0.104
2084,2012,0.063
2084,2013,0.067
2084,2014,0.065
2084,2015,0.065
2084,2016,0.065
2084,2017,0.067
2084,2018,0.068
2084,2019,0.068
2084,2020,0.068
2084,2021,0.069
2084,2022,0.073
2085,2012,0.206
2085,2013,0.206
2085,2014,0.206
2085,2015,0.211
2085,2016,0.208
2085,2017,0.21
2085,2018,0.213
2085,2019,0.212
2085,2020,0.2
2085,2021,0.198
2085,2022,0.199
2101,2012,0.119
2101,2013,0.124
2101,2014,0.123
2101,2015,0.125
2101,2016,0.129
2101,2017,0.125
2101,2018,0.124
2101,2019,0.124
2101,2020,0.12
2101,2021,0.122
2101,2022,0.112
2104,2012,0.185
2104,2013,0.178
2104,2014,0.176
2104,2015,0.18
2104,2016,0.186
2104,2017,0.188
2104,2018,0.182
2104,2019,0.151
2104,2020,0.149
2104,2021,0.148
2104,2022,0.149
2121,2012,0.239
2121,2013,0.244
2121,2014,0.249
2121,2015,0.254
2121,2016,0.253
2121,2017,0.251
2121,2018,0.255
2121,2019,0.256
2121,2020,0.256
2121,2021,0.255
2121,2022,0.254
2132,2012,0.145
2132,2013,0.147
2132,2014,0.144
2132,2015,0.149
2132,2016,0.15
2132,2017,0.149
2132,2018,0.154
2132,2019,0.154
2132,2020,0.152
2132,2021,0.151
2132,2022,0.15
2161,2012,0.164
2161,2013,0.169
2161,2014,0.169
2161,2015,0.171
2161,2016,0.169
2161,2017,0.172
2161,2018,0.173
2161,2019,0.176
2161,2020,0.174
2161,2021,0.174
2161,2022,0.174
2180,2012,0.261
2180,2013,0.264
2180,2014,0.263
2180,2015,0.247
2180,2016,0.247
2180,2017,0.247
2180,2018,0.232
2180,2019,0.234
2180,2020,0.236
2180,2021,0.235
2180,2022,0.233
2181,2012,0.178
2181,2013,0.18
2181,2014,0.184
2181,2015,0.184
2181,2016,0.187
2181,2017,0.188
2181,2018,0.19
2181,2019,0.174
2181,2020,0.174
2181,2021,0.175
2181,2022,0.174
2182,2012,0.185
2182,2013,0.187
2182,2014,0.187
2182,2015,0.175
2182,2016,0.179
2182,2017,0.178
2182,2018,0.177
2182,2019,0.175
2182,2020,0.182
2182,2021,0.18
2182,2022,0.181
2183,2012,0.221
2183,2013,0.224
2183,2014,0.232
2183,2015,0.236
2183,2016,0.24
2183,2017,0.239
2183,2018,0.244
2183,2019,0.246
2183,2020,0.245
2183,2021,0.245
2183,2022,0.246
2184,2012,0.228
2184,2013,0.229
2184,2014,0.228
2184,2015,0.228
2184,2016,0.226
2184,2017,0.227
2184,2018,0.229
2184,2019,0.229
2184,2020,0.228
2184,2021,0.229
2184,2022,0.228
2260,2012,0.141
2260,2013,0.143
2260,2014,0.142
2260,2015,0.143
2260,2016,0.142
2260,2017,0.145
2260,2018,0.143
2260,2019,0.138
2260,2020,0.132
2260,2021,0.134
2260,2022,0.134
2262,2012,0.167
2262,2013,0.169
2262,2014,0.172
2262,2015,0.158
2262,2016,0.155
2262,2017,0.156
2262,2018,0.158
2262,2019,0.161
2262,2020,0.166
2262,2021,0.167
2262,2022,0.18
2280,2012,0.114
2280,2013,0.115
2280,2014,0.115
2280,2015,0.116
2280,2016,0.117
2280,2017,0.118
2280,2018,0.117
2280,2019,0.116
2280,2020,0.113
2280,2021,0.109
2280,2022,0.109
2281,2012,0.099
2281,2013,0.1
2281,2014,0.101
2281,2015,0.102
2281,2016,0.106
2281,2017,0.107
2281,2018,0.108
2281,2019,0.108
2281,2020,0.108
2281,2021,0.108
2281,2022,0.111
2282,2012,0.161
2282,2013,0.161
2282,2014,0.161
2282,2015,0.166
2282,2016,0.167
2282,2017,0.162
2282,2018,0.165
2282,2019,0.167
2282,2020,0.164
2282,2021,0.16
2282,2022,0.161
2283,2012,0.087
2283,2013,0.086
2283,2014,0.085
2283,2015,0.085
2283,2016,0.083
2283,2017,0.085
2283,2018,0.085
2283,2019,0.074
2283,2020,0.084
2283,2021,0.08
2283,2022,0.083
2284,2012,0.109
2284,2013,0.109
2284,2014,0.11
2284,2015,0.112
2284,2016,0.11
2284,2017,0.112
2284,2018,0.111
2284,2019,0.11
2284,2020,0.11
2284,2021,0.111
2284,2022,0.111
2303,2012,0.111
2303,2013,0.108
2303,2014,0.112
2303,2015,0.112
2303,2016,0.11
2303,2017,0.109
2303,2018,0.103
2303,2019,0.103
2303,2020,0.1
2303,2021,0.1
2303,2022,0.093
2305,2012,0.107
2305,2013,0.104
2305,2014,0.098
2305,2015,0.104
2305,2016,0.106
2305,2017,0.107
2305,2018,0.103
2305,2019,0.095
2305,2020,0.091
2305,2021,0.092
2305,2022,0.096
2309,2012,0.143
2309,2013,0.145
2309,2014,0.143
2309,2015,0.145
2309,2016,0.138
2309,2017,0.135
2309,2018,0.135
2309,2019,0.137
2309,2020,0.136
2309,2021,0.129
2309,2022,0.126
2313,2012,0.107
2313,2013,0.107
2313,2014,0.108
2313,2015,0.109
2313,2016,0.11
2313,2017,0.107
2313,2018,0.11
2313,2019,0.114
2313,2020,0.117
2313,2021,0.117
2313,2022,0.117
2321,2012,0.045
2321,2013,0.045
2321,2014,0.046
2321,2015,0.045
2321,2016,0.043
2321,2017,0.052
2321,2018,0.051
2321,2019,0.042
2321,2020,0.041
2321,2021,0.041
2321,2022,0.047
2326,2012,0.08
2326,2014,0.073
2326,2015,0.077
2326,2016,0.077
2326,2017,0.081
2326,2018,0.084
2326,2019,0.079
2326,2020,0.078
2326,2021,0.08
2326,2022,0.082
2361,2012,0.089
2361,2013,0.093
2361,2014,0.094
2361,2015,0.092
2361,2016,0.089
2361,2017,0.089
2361,2018,0.088
2361,2019,0.084
2361,2020,0.073
2361,2021,0.074
2361,2022,0.071
2380,2012,0.149
2380,2013,0.15
2380,2014,0.152
2380,2015,0.152
2380,2016,0.103
2380,2017,0.105
2380,2018,0.096
2380,2019,0.094
2380,2020,0.107
2380,2021,0.107
2380,2022,0.094
2401,2012,0.076
2401,2013,0.077
2401,2014,0.071
2401,2015,0.074
2401,2016,0.073
2401,2017,0.073
2401,2018,0.073
2401,2019,0.086
2401,2020,0.085
2401,2021,0.084
2401,2022,0.085
2403,2012,0.061
2403,2013,0.056
2403,2014,0.053
2403,2015,0.054
2403,2016,0.057
2403,2017,0.084
2403,2018,0.08
2403,2019,0.081
2403,2020,0.082
2403,2021,0.078
2403,2022,0.076
2404,2012,0.062
2404,2013,0.063
2404,2014,0.067
2404,2015,0.067
2404,2016,0.067
2404,2017,0.067
2404,2018,0.069
2404,2019,0.082
2404,2020,0.082
2404,2021,0.084
2404,2022,0.082
2409,2012,0.051
2409,2013,0.05
2409,2014,0.052
2409,2015,0.052
2409,2016,0.053
2409,2017,0.053
2409,2018,0.058
2409,2019,0.055
2409,2020,0.053
2409,2021,0.052
2409,2022,0.051
2417,2012,0.073
2417,2013,0.068
2417,2014,0.067
2417,2015,0.07
2417,2016,0.069
2417,2017,0.071
2417,2018,0.072
2417,2019,0.069
2417,2020,0.074
2417,2021,0.072
2417,2022,0.073
2418,2012,0.177
2418,2013,0.183
2418,2014,0.182
2418,2015,0.192
2418,2016,0.193
2418,2017,0.202
2418,2018,0.196
2418,2019,0.198
2418,2020,0.191
2418,2021,0.199
2418,2022,0.204
2421,2012,0.064
2421,2013,0.067
2421,2014,0.07
2421,2015,0.072
2421,2016,0.071
2421,2017,0.071
2421,2018,0.078
2421,2019,0.075
2421,2020,0.085
2421,2021,0.083
2421,2022,0.08
2422,2012,0.103
2422,2013,0.096
2422,2014,0.1
2422,2015,0.102
2422,2016,0.097
2422,2017,0.098
2422,2018,0.103
2422,2019,0.108
2422,2020,0.098
2422,2021,0.107
2422,2022,0.105
2425,2012,0.234
2425,2013,0.232
2425,2014,0.229
2425,2015,0.235
2425,2016,0.228
2425,2017,0.229
2425,2018,0.222
2425,2019,0.226
2425,2020,0.221
2425,2021,0.217
2425,2022,0.209
2460,2012,0.063
2460,2013,0.06
2460,2014,0.063
2460,2015,0.058
2460,2016,0.063
2460,2017,0.047
2460,2018,0.068
2460,2019,0.079
2460,2020,0.091
2460,2021,0.1
2460,2022,0.105
2462,2012,0.177
2462,2013,0.182
2462,2014,0.181
2462,2015,0.188
2462,2016,0.185
2462,2017,0.185
2462,2018,0.185
2462,2019,0.183
2462,2020,0.178
2462,2021,0.176
2462,2022,0.175
2463,2012,0.131
2463,2013,0.129
2463,2014,0.133
2463,2015,0.134
2463,2016,0.129
2463,2017,0.127
2463,2018,0.119
2463,2019,0.13
2463,2020,0.136
2463,2021,0.138
2463,2022,0.139
2480,2012,0.189
2480,2013,0.189
2480,2014,0.188
2480,2015,0.189
2480,2016,0.18
2480,2017,0.168
2480,2018,0.168
2480,2019,0.168
2480,2020,0.168
2480,2021,0.168
2480,2022,0.168
2481,2012,0.161
2481,2013,0.165
2481,2014,0.163
2481,2015,0.161
2481,2016,0.161
2481,2017,0.16
2481,2018,0.161
2481,2019,0.162
2481,2020,0.163
2481,2021,0.164
2481,2022,0.163
2482,2012,0.135
2482,2013,0.136
2482,2014,0.139
2482,2015,0.13
2482,2016,0.096
2482,2017,0.099
2482,2018,0.097
2482,2019,0.096
2482,2020,0.099
2482,2021,0.095
2482,2022,0.097
2505,2012,0.191
2505,2013,0.203
2505,2014,0.206
2505,2015,0.23
2505,2016,0.224
2505,2017,0.227
2505,2018,0.21
2505,2019,0.204
2505,2020,0.208
2505,2021,0.201
2505,2022,0.205
2506,2012,0.144
2506,2013,0.139
2506,2014,0.147
2506,2015,0.149
2506,2016,0.143
2506,2017,0.147
2506,2018,0.147
2506,2019,0.154
2506,2020,0.142
2506,2021,0.144
2506,2022,0.145
2510,2012,0.117
2510,2013,0.121
2510,2014,0.118
2510,2015,0.126
2510,2016,0.124
2510,2017,0.13
2510,2018,0.12
2510,2019,0.108
2510,2020,0.103
2510,2021,0.108
2510,2022,0.105
2513,2012,0.186
2513,2013,0.184
2513,2014,0.182
2513,2015,0.179
2513,2016,0.177
2513,2017,0.179
2513,2018,0.178
2513,2019,0.172
2513,2020,0.185
2513,2021,0.181
2513,2022,0.176
2514,2012,0.079
2514,2013,0.092
2514,2014,0.09
2514,2015,0.091
2514,2016,0.09
2514,2017,0.091
2514,2018,0.091
2514,2019,0.094
2514,2020,0.098
2514,2021,0.097
2514,2022,0.1
2518,2012,0.152
2518,2013,0.156
2518,2014,0.158
2518,2015,0.155
2518,2016,0.158
2518,2017,0.162
2518,2018,0.156
2518,2019,0.155
2518,2020,0.149
2518,2021,0.136
2518,2022,0.135
2521,2012,0.123
2521,2013,0.133
2521,2014,0.13
2521,2015,0.134
2521,2016,0.131
2521,2017,0.135
2521,2018,0.136
2521,2019,0.133
2521,2020,0.132
2521,2021,0.135
2521,2022,0.135
2523,2012,0.177
2523,2013,0.181
2523,2014,0.185
2523,2015,0.184
2523,2016,0.182
2523,2017,0.184
2523,2018,0.181
2523,2019,0.186
2523,2020,0.185
2523,2021,0.199
2523,2022,0.204
2560,2012,0.092
2560,2013,0.092
2560,2014,0.094
2560,2015,0.095
2560,2016,0.093
2560,2017,0.096
2560,2018,0.092
2560,2019,0.104
2560,2020,0.104
2560,2021,0.104
2560,2022,0.103
2580,2012,0.234
2580,2013,0.227
2580,2014,0.226
2580,2015,0.223
2580,2016,0.174
2580,2017,0.175
2580,2018,0.166
2580,2019,0.168
2580,2020,0.167
2580,2021,0.164
2580,2022,0.162
2581,2012,0.166
2581,2013,0.168
2581,2014,0.169
2581,2015,0.168
2581,2016,0.165
2581,2017,0.166
2581,2018,0.168
2581,2019,0.17
2581,2020,0.173
2581,2021,0.172
2581,2022,0.171
2582,2012,0.128
2582,2013,0.129
2582,2014,0.129
2582,2015,0.129
2582,2016,0.132
2582,2017,0.131
2582,2018,0.128
2582,2019,0.132
2582,2020,0.131
2582,2021,0.129
2582,2022,0.129
2583,2012,0.102
2583,2013,0.105
2583,2014,0.104
2583,2015,0.105
2583,2016,0.105
2583,2017,0.104
2583,2018,0.097
2583,2019,0.093
2583,2020,0.094
2583,2021,0.093
2583,2022,0.094
2584,2012,0.157
2584,2013,0.157
2584,2014,0.156
2584,2015,0.16
2584,2016,0.149
2584,2017,0.154
2584,2018,0.152
2584,2019,0.154
2584,2020,0.162
2584,2021,0.173
2584,2022,0.166
