kommun,year,mean_trangbodd_brf
0114,2012,0.131
0114,2013,0.133
0114,2014,0.156
0114,2015,0.165
0114,2016,0.165
0114,2017,0.173
0114,2018,0.182
0114,2019,0.189
0114,2020,0.183
0114,2021,0.184
0114,2022,0.188
0115,2012,0.151
0115,2013,0.14
0115,2014,0.153
0115,2015,0.156
0115,2016,0.156
0115,2017,0.149
0115,2018,0.149
0115,2019,0.151
0115,2020,0.129
0115,2021,0.132
0115,2022,0.126
0117,2012,0.143
0117,2013,0.148
0117,2014,0.135
0117,2015,0.126
0117,2016,0.122
0117,2017,0.127
0117,2018,0.134
0117,2019,0.128
0117,2020,0.121
0117,2021,0.129
0117,2022,0.144
0120,2012,0.181
0120,2013,0.185
0120,2014,0.19
0120,2015,0.18
0120,2016,0.179
0120,2017,0.16
0120,2018,0.175
0120,2019,0.173
0120,2020,0.174
0120,2021,0.168
0120,2022,0.17
0123,2012,0.127
0123,2013,0.141
0123,2014,0.152
0123,2015,0.154
0123,2016,0.152
0123,2017,0.163
0123,2018,0.173
0123,2019,0.183
0123,2020,0.176
0123,2021,0.191
0123,2022,0.19
0125,2012,0.049
0125,2013,0.073
0125,2014,0.074
0125,2015,0.099
0125,2016,0.11
0125,2017,0.082
0125,2018,0.074
0125,2019,0.095
0125,2020,0.102
0125,2021,0.12
0125,2022,0.151
0126,2012,0.242
0126,2013,0.247
0126,2014,0.261
0126,2015,0.265
0126,2016,0.259
0126,2017,0.257
0126,2018,0.263
0126,2019,0.267
0126,2020,0.264
0126,2021,0.259
0126,2022,0.258
0127,2012,0.22
0127,2013,0.227
0127,2014,0.233
0127,2015,0.228
0127,2016,0.242
0127,2017,0.256
0127,2018,0.265
0127,2019,0.291
0127,2020,0.298
0127,2021,0.297
0127,2022,0.299
0128,2012,0.147
0128,2013,0.144
0128,2014,0.143
0128,2015,0.141
0128,2016,0.142
0128,2017,0.14
0128,2018,0.141
0128,2019,0.142
0128,2020,0.134
0128,2021,0.145
0128,2022,0.133
0136,2012,0.189
0136,2013,0.201
0136,2014,0.212
0136,2015,0.208
0136,2016,0.216
0136,2017,0.227
0136,2018,0.234
0136,2019,0.237
0136,2020,0.232
0136,2021,0.227
0136,2022,0.233
0138,2012,0.098
0138,2013,0.105
0138,2014,0.103
0138,2015,0.102
0138,2016,0.112
0138,2017,0.103
0138,2018,0.104
0138,2019,0.11
0138,2020,0.109
0138,2021,0.097
0138,2022,0.097
0139,2012,0.101
0139,2013,0.107
0139,2014,0.116
0139,2015,0.128
0139,2016,0.115
0139,2017,0.129
0139,2018,0.145
0139,2019,0.161
0139,2020,0.178
0139,2021,0.169
0139,2022,0.166
0140,2012,0.146
0140,2013,0.153
0140,2014,0.131
0140,2015,0.131
0140,2016,0.099
0140,2017,0.091
0140,2018,0.109
0140,2019,0.088
0140,2020,0.087
0140,2021,0.088
0140,2022,0.055
0160,2012,0.137
0160,2013,0.137
0160,2014,0.134
0160,2015,0.138
0160,2016,0.132
0160,2017,0.131
0160,2018,0.13
0160,2019,0.13
0160,2020,0.129
0160,2021,0.127
0160,2022,0.128
0162,2012,0.156
0162,2013,0.145
0162,2014,0.151
0162,2015,0.156
0162,2016,0.173
0162,2017,0.169
0162,2018,0.167
0162,2019,0.163
0162,2020,0.159
0162,2021,0.149
0162,2022,0.143
0163,2012,0.148
0163,2013,0.149
0163,2014,0.147
0163,2015,0.142
0163,2016,0.167
0163,2017,0.161
0163,2018,0.17
0163,2019,0.18
0163,2020,0.175
0163,2021,0.168
0163,2022,0.174
0180,2012,0.217
0180,2013,0.222
0180,2014,0.222
0180,2015,0.219
0180,2016,0.22
0180,2017,0.217
0180,2018,0.218
0180,2019,0.217
0180,2020,0.207
0180,2021,0.202
0180,2022,0.198
0181,2012,0.138
0181,2013,0.154
0181,2014,0.163
0181,2015,0.176
0181,2016,0.182
0181,2017,0.187
0181,2018,0.198
0181,2019,0.205
0181,2020,0.198
0181,2021,0.184
0181,2022,0.187
0182,2012,0.174
0182,2013,0.182
0182,2014,0.185
0182,2015,0.177
0182,2016,0.182
0182,2017,0.184
0182,2018,0.185
0182,2019,0.182
0182,2020,0.17
0182,2021,0.166
0182,2022,0.163
0183,2012,0.204
0183,2013,0.204
0183,2014,0.2
0183,2015,0.193
0183,2016,0.185
0183,2017,0.2
0183,2018,0.209
0183,2019,0.207
0183,2020,0.202
0183,2021,0.192
0183,2022,0.184
0184,2012,0.163
0184,2013,0.167
0184,2014,0.166
0184,2015,0.159
0184,2016,0.163
0184,2017,0.161
0184,2018,0.164
0184,2019,0.166
0184,2020,0.157
0184,2021,0.149
0184,2022,0.15
0186,2012,0.147
0186,2013,0.15
0186,2014,0.146
0186,2015,0.149
0186,2016,0.146
0186,2017,0.152
0186,2018,0.148
0186,2019,0.146
0186,2020,0.137
0186,2021,0.127
0186,2022,0.124
0187,2012,0.125
0187,2013,0.136
0187,2014,0.118
0187,2015,0.121
0187,2016,0.121
0187,2017,0.116
0187,2018,0.099
0187,2019,0.114
0187,2020,0.096
0187,2021,0.102
0187,2022,0.104
0188,2012,0.111
0188,2013,0.12
0188,2014,0.116
0188,2015,0.117
0188,2016,0.113
0188,2017,0.111
0188,2018,0.11
0188,2019,0.113
0188,2020,0.11
0188,2021,0.106
0188,2022,0.103
0191,2012,0.145
0191,2013,0.159
0191,2014,0.161
0191,2015,0.177
0191,2016,0.192
0191,2017,0.218
0191,2018,0.238
0191,2019,0.242
0191,2020,0.258
0191,2021,0.267
0191,2022,0.257
0192,2012,0.129
0192,2013,0.145
0192,2014,0.15
0192,2015,0.143
0192,2016,0.137
0192,2017,0.13
0192,2018,0.132
0192,2019,0.124
0192,2020,0.124
0192,2021,0.123
0192,2022,0.119
0305,2012,0.15
0305,2013,0.149
0305,2014,0.156
0305,2015,0.136
0305,2016,0.137
0305,2017,0.158
0305,2018,0.153
0305,2019,0.124
0305,2020,0.121
0305,2021,0.12
0305,2022,0.128
0319,2012,0.112
0319,2013,0.115
0319,2014,0.102
0319,2015,0.151
0319,2016,0.093
0319,2017,0.105
0319,2018,0.132
0319,2019,0.134
0319,2020,0.14
0319,2021,0.172
0319,2022,0.181
0330,2012,0.126
0330,2013,0.106
0330,2014,0.094
0330,2015,0.121
0330,2016,0.105
0330,2017,0.105
0330,2018,0.113
0330,2019,0.112
0330,2020,0.109
0330,2021,0.124
0330,2022,0.129
0331,2012,0.133
0331,2013,0.158
0331,2014,0.161
0331,2015,0.153
0331,2016,0.156
0331,2017,0.107
0331,2018,0.058
0331,2019,0.117
0331,2020,0.131
0331,2021,0.136
0331,2022,0.152
0360,2012,0.081
0360,2013,0.085
0360,2014,0.082
0360,2015,0.096
0360,2016,0.101
0360,2017,0.082
0360,2018,0.086
0360,2019,0.104
0360,2020,0.113
0360,2021,0.116
0360,2022,0.109
0380,2012,0.135
0380,2013,0.136
0380,2014,0.135
0380,2015,0.134
0380,2016,0.127
0380,2017,0.129
0380,2018,0.122
0380,2019,0.126
0380,2020,0.117
0380,2021,0.112
0380,2022,0.109
0381,2012,0.12
0381,2013,0.12
0381,2014,0.11
0381,2015,0.107
0381,2016,0.122
0381,2017,0.118
0381,2018,0.108
0381,2019,0.116
0381,2020,0.108
0381,2021,0.114
0381,2022,0.108
0382,2012,0.075
0382,2013,0.076
0382,2014,0.089
0382,2015,0.092
0382,2016,0.085
0382,2017,0.1
0382,2018,0.077
0382,2019,0.077
0382,2020,0.067
0382,2021,0.08
0382,2022,0.072
0428,2012,0.105
0428,2013,0.13
0428,2014,0.111
0428,2015,0.11
0428,2016,0.1
0428,2017,0.134
0428,2018,0.103
0428,2019,0.1
0428,2020,0.085
0428,2021,0.094
0428,2022,0.073
0461,2012,0.04
0461,2013,0.058
0461,2014,0.085
0461,2015,0.082
0461,2016,0.068
0461,2017,0.115
0461,2018,0.09
0461,2019,0.076
0461,2020,0.09
0461,2021,0.069
0461,2022,0.091
0480,2012,0.098
0480,2013,0.095
0480,2014,0.096
0480,2015,0.088
0480,2016,0.1
0480,2017,0.092
0480,2018,0.09
0480,2019,0.088
0480,2020,0.082
0480,2021,0.093
0480,2022,0.089
0481,2012,0.107
0481,2013,0.121
0481,2014,0.11
0481,2015,0.127
0481,2016,0.123
0481,2017,0.127
0481,2018,0.126
0481,2019,0.128
0481,2020,0.126
0481,2021,0.128
0481,2022,0.125
0482,2012,0.077
0482,2013,0.096
0482,2014,0.121
0482,2015,0.097
0482,2016,0.15
0482,2017,0.157
0482,2018,0.18
0482,2019,0.151
0482,2020,0.132
0482,2021,0.129
0482,2022,0.12
0483,2012,0.087
0483,2013,0.1
0483,2014,0.088
0483,2015,0.107
0483,2016,0.105
0483,2017,0.1
0483,2018,0.103
0483,2019,0.095
0483,2020,0.092
0483,2021,0.082
0483,2022,0.082
0484,2012,0.122
0484,2013,0.126
0484,2014,0.12
0484,2015,0.124
0484,2016,0.122
0484,2017,0.123
0484,2018,0.122
0484,2019,0.121
0484,2020,0.114
0484,2021,0.103
0484,2022,0.105
0486,2012,0.092
0486,2013,0.092
0486,2014,0.084
0486,2015,0.095
0486,2016,0.091
0486,2017,0.091
0486,2018,0.081
0486,2019,0.081
0486,2020,0.076
0486,2021,0.084
0486,2022,0.071
0488,2012,0.05
0488,2013,0.045
0488,2014,0.054
0488,2015,0.075
0488,2016,0.077
0488,2017,0.046
0488,2018,0.072
0488,2019,0.067
0488,2020,0.046
0488,2021,0.035
0488,2022,0.048
0509,2012,0.179
0509,2013,0.323
0509,2014,0.219
0509,2015,0.259
0509,2016,0.077
0509,2017,0.143
0509,2018,0.08
0509,2019,0.067
0509,2020,0.226
0509,2021,0.353
0509,2022,0.243
0560,2012,0.059
0560,2013,0.095
0560,2014,0.063
0560,2015,0.057
0560,2016,0.095
0560,2017,0.085
0560,2018,0.095
0560,2019,0.116
0560,2020,0.078
0560,2021,0.072
0560,2022,0.093
0561,2012,0.043
0561,2013,0.057
0561,2014,0.05
0561,2015,0.071
0561,2016,0.095
0561,2017,0.077
0561,2018,0.058
0561,2019,0.058
0561,2020,0.054
0561,2021,0.054
0561,2022,0.059
0562,2012,0.088
0562,2013,0.088
0562,2014,0.087
0562,2015,0.098
0562,2016,0.106
0562,2017,0.098
0562,2018,0.109
0562,2019,0.122
0562,2020,0.108
0562,2021,0.11
0562,2022,0.098
0563,2012,0.146
0563,2013,0.106
0563,2014,0.016
0563,2015,0.121
0563,2016,0.128
0563,2017,0.061
0563,2018,0.143
0563,2019,0.209
0563,2020,0.125
0563,2021,0.086
0563,2022,0.087
0580,2012,0.07
0580,2013,0.075
0580,2014,0.068
0580,2015,0.068
0580,2016,0.069
0580,2017,0.068
0580,2018,0.067
0580,2019,0.065
0580,2020,0.061
0580,2021,0.055
0580,2022,0.058
0581,2012,0.114
0581,2013,0.117
0581,2014,0.117
0581,2015,0.112
0581,2016,0.113
0581,2017,0.113
0581,2018,0.109
0581,2019,0.109
0581,2020,0.103
0581,2021,0.094
0581,2022,0.095
0582,2012,0.107
0582,2013,0.079
0582,2014,0.094
0582,2015,0.096
0582,2016,0.067
0582,2017,0.085
0582,2018,0.065
0582,2019,0.081
0582,2020,0.051
0582,2021,0.056
0582,2022,0.034
0583,2012,0.102
0583,2013,0.11
0583,2014,0.119
0583,2015,0.105
0583,2016,0.109
0583,2017,0.093
0583,2018,0.125
0583,2019,0.106
0583,2020,0.092
0583,2021,0.093
0583,2022,0.094
0584,2012,0.045
0584,2013,0.04
0584,2014,0.035
0584,2015,0.039
0584,2016,0.055
0584,2017,0.075
0584,2018,0.075
0584,2019,0.052
0584,2020,0.052
0584,2021,0.052
0584,2022,0.053
0586,2012,0.089
0586,2013,0.082
0586,2014,0.078
0586,2015,0.09
0586,2016,0.091
0586,2017,0.089
0586,2018,0.088
0586,2019,0.082
0586,2020,0.068
0586,2021,0.075
0586,2022,0.08
0604,2012,0.085
0604,2013,0.113
0604,2014,0.117
0604,2015,0.068
0604,2016,0.139
0604,2017,0.161
0604,2018,0.148
0604,2019,0.136
0604,2020,0.138
0604,2021,0.142
0604,2022,0.101
0617,2012,0.0
0617,2013,0.034
0617,2014,0.085
0617,2015,0.076
0617,2016,0.108
0617,2017,0.122
0617,2018,0.101
0617,2019,0.081
0617,2020,0.126
0617,2021,0.015
0617,2022,0.0
0642,2012,0.0
0642,2013,0.0
0642,2014,0.0
0642,2015,0.0
0642,2016,0.0
0642,2017,0.0
0642,2018,0.0
0642,2019,0.0
0642,2020,0.0
0642,2021,0.0
0642,2022,0.0
0643,2012,0.057
0643,2013,0.057
0643,2014,0.039
0643,2015,0.069
0643,2016,0.063
0643,2017,0.05
0643,2018,0.054
0643,2019,0.047
0643,2020,0.04
0643,2021,0.032
0643,2022,0.028
0662,2012,0.078
0662,2013,0.058
0662,2014,0.07
0662,2015,0.073
0662,2016,0.081
0662,2017,0.081
0662,2018,0.101
0662,2019,0.087
0662,2020,0.086
0662,2021,0.1
0662,2022,0.105
0665,2012,0.114
0665,2013,0.124
0665,2014,0.156
0665,2015,0.161
0665,2016,0.132
0665,2017,0.14
0665,2018,0.113
0665,2019,0.133
0665,2020,0.117
0665,2021,0.171
0665,2022,0.13
0680,2012,0.089
0680,2013,0.092
0680,2014,0.094
0680,2015,0.1
0680,2016,0.097
0680,2017,0.093
0680,2018,0.091
0680,2019,0.09
0680,2020,0.084
0680,2021,0.08
0680,2022,0.08
0682,2012,0.081
0682,2013,0.084
0682,2014,0.081
0682,2015,0.08
0682,2016,0.072
0682,2017,0.073
0682,2018,0.076
0682,2019,0.096
0682,2020,0.109
0682,2021,0.103
0682,2022,0.113
0683,2012,0.106
0683,2013,0.101
0683,2014,0.106
0683,2015,0.087
0683,2016,0.081
0683,2017,0.082
0683,2018,0.082
0683,2019,0.082
0683,2020,0.057
0683,2021,0.059
0683,2022,0.068
0684,2012,0.049
0684,2013,0.038
0684,2014,0.047
0684,2015,0.022
0684,2016,0.023
0684,2017,0.0
0684,2018,0.032
0684,2019,0.055
0684,2020,0.056
0684,2021,0.091
0684,2022,0.115
0685,2012,0.077
0685,2013,0.077
0685,2014,0.074
0685,2015,0.06
0685,2016,0.09
0685,2017,0.096
0685,2018,0.081
0685,2019,0.084
0685,2020,0.09
0685,2021,0.089
0685,2022,0.097
0686,2012,0.119
0686,2013,0.153
0686,2014,0.093
0686,2015,0.094
0686,2016,0.117
0686,2017,0.152
0686,2018,0.157
0686,2019,0.15
0686,2020,0.131
0686,2021,0.107
0686,2022,0.094
0687,2012,0.076
0687,2013,0.076
0687,2014,0.081
0687,2015,0.085
0687,2016,0.095
0687,2017,0.114
0687,2018,0.123
0687,2019,0.108
0687,2020,0.103
0687,2021,0.075
0687,2022,0.068
0760,2012,0.083
0760,2013,0.492
0760,2014,0.375
0760,2015,0.306
0760,2016,0.351
0760,2017,0.324
0760,2018,0.364
0760,2019,0.074
0760,2020,0.0
0760,2021,0.0
0760,2022,0.0
0761,2012,0.093
0761,2013,0.06
0761,2014,0.101
0761,2015,0.101
0761,2016,0.134
0761,2017,0.214
0761,2018,0.135
0761,2019,0.052
0761,2020,0.038
0761,2021,0.068
0761,2022,0.025
0763,2012,0.086
0763,2013,0.036
0763,2014,0.167
0763,2015,0.091
0763,2016,0.075
0763,2017,0.132
0763,2018,0.13
0763,2019,0.102
0763,2020,0.137
0763,2021,0.268
0763,2022,0.16
0764,2012,0.148
0764,2013,0.177
0764,2014,0.19
0764,2015,0.178
0764,2016,0.175
0764,2017,0.208
0764,2018,0.196
0764,2019,0.24
0764,2020,0.193
0764,2021,0.141
0764,2022,0.175
0765,2012,0.107
0765,2013,0.118
0765,2014,0.099
0765,2015,0.108
0765,2016,0.115
0765,2017,0.12
0765,2018,0.061
0765,2019,0.072
0765,2020,0.077
0765,2021,0.101
0765,2022,0.088
0767,2012,0.065
0767,2013,0.04
0767,2014,0.06
0767,2015,0.049
0767,2016,0.025
0767,2017,0.024
0767,2018,0.092
0767,2019,0.116
0767,2020,0.151
0767,2021,0.236
0767,2022,0.208
0780,2012,0.076
0780,2013,0.07
0780,2014,0.07
0780,2015,0.069
0780,2016,0.074
0780,2017,0.066
0780,2018,0.057
0780,2019,0.065
0780,2020,0.053
0780,2021,0.053
0780,2022,0.05
0781,2012,0.084
0781,2013,0.084
0781,2014,0.104
0781,2015,0.111
0781,2016,0.111
0781,2017,0.122
0781,2018,0.128
0781,2019,0.108
0781,2020,0.094
0781,2021,0.088
0781,2022,0.093
0834,2012,0.0
0834,2013,0.0
0834,2014,0.0
0834,2015,0.0
0834,2016,0.071
0834,2017,0.037
0834,2018,0.07
0834,2019,0.069
0834,2020,0.069
0834,2021,0.086
0834,2022,0.054
0840,2012,0.015
0840,2013,0.056
0840,2014,0.099
0840,2015,0.012
0840,2016,0.011
0840,2017,0.011
0840,2018,0.011
0840,2019,0.043
0840,2020,0.012
0840,2021,0.03
0840,2022,0.012
0860,2012,0.0
0860,2013,0.0
0860,2014,0.0
0860,2015,0.0
0860,2016,0.0
0860,2017,0.0
0860,2018,0.04
0860,2019,0.077
0860,2020,0.0
0860,2021,0.0
0860,2022,0.0
0861,2012,0.055
0861,2013,0.069
0861,2014,0.053
0861,2015,0.055
0861,2016,0.03
0861,2017,0.06
0861,2018,0.075
0861,2019,0.03
0861,2020,0.0
0861,2021,0.03
0861,2022,0.024
0862,2012,0.088
0862,2013,0.095
0862,2014,0.077
0862,2015,0.094
0862,2016,0.104
0862,2017,0.153
0862,2018,0.206
0862,2019,0.143
0862,2020,0.127
0862,2021,0.143
0862,2022,0.149
0880,2012,0.1
0880,2013,0.095
0880,2014,0.089
0880,2015,0.098
0880,2016,0.105
0880,2017,0.091
0880,2018,0.095
0880,2019,0.094
0880,2020,0.084
0880,2021,0.082
0880,2022,0.076
0881,2012,0.068
0881,2013,0.083
0881,2014,0.067
0881,2015,0.068
0881,2016,0.088
0881,2017,0.112
0881,2018,0.111
0881,2019,0.112
0881,2020,0.128
0881,2021,0.134
0881,2022,0.108
0882,2012,0.103
0882,2013,0.11
0882,2014,0.095
0882,2015,0.097
0882,2016,0.098
0882,2017,0.099
0882,2018,0.09
0882,2019,0.102
0882,2020,0.09
0882,2021,0.102
0882,2022,0.099
0883,2012,0.088
0883,2013,0.089
0883,2014,0.092
0883,2015,0.083
0883,2016,0.082
0883,2017,0.083
0883,2018,0.084
0883,2019,0.082
0883,2020,0.075
0883,2021,0.07
0883,2022,0.071
0884,2012,0.027
0884,2013,0.023
0884,2014,0.062
0884,2015,0.043
0884,2016,0.047
0884,2017,0.04
0884,2018,0.013
0884,2019,0.0
0884,2020,0.026
0884,2021,0.03
0884,2022,0.024
0885,2012,0.101
0885,2013,0.086
0885,2014,0.073
0885,2015,0.092
0885,2016,0.084
0885,2017,0.073
0885,2018,0.09
0885,2019,0.092
0885,2020,0.094
0885,2021,0.081
0885,2022,0.057
0980,2012,0.082
0980,2013,0.089
0980,2014,0.094
0980,2015,0.08
0980,2016,0.082
0980,2017,0.079
0980,2018,0.088
0980,2019,0.083
0980,2020,0.078
0980,2021,0.076
0980,2022,0.088
1060,2012,0.055
1060,2013,0.069
1060,2014,0.092
1060,2015,0.076
1060,2016,0.086
1060,2017,0.071
1060,2018,0.066
1060,2019,0.087
1060,2020,0.063
1060,2021,0.063
1060,2022,0.055
1080,2012,0.081
1080,2013,0.087
1080,2014,0.084
1080,2015,0.077
1080,2016,0.075
1080,2017,0.09
1080,2018,0.084
1080,2019,0.079
1080,2020,0.068
1080,2021,0.054
1080,2022,0.049
1081,2012,0.093
1081,2013,0.087
1081,2014,0.072
1081,2015,0.084
1081,2016,0.098
1081,2017,0.081
1081,2018,0.081
1081,2019,0.084
1081,2020,0.075
1081,2021,0.073
1081,2022,0.078
1082,2012,0.09
1082,2013,0.096
1082,2014,0.087
1082,2015,0.087
1082,2016,0.101
1082,2017,0.113
1082,2018,0.102
1082,2019,0.096
1082,2020,0.087
1082,2021,0.088
1082,2022,0.095
1083,2012,0.042
1083,2013,0.047
1083,2014,0.039
1083,2015,0.038
1083,2016,0.035
1083,2017,0.047
1083,2018,0.029
1083,2019,0.028
1083,2020,0.029
1083,2021,0.027
1083,2022,0.041
1214,2012,0.221
1214,2013,0.191
1214,2014,0.2
1214,2015,0.225
1214,2016,0.183
1214,2017,0.182
1214,2018,0.233
1214,2019,0.283
1214,2020,0.244
1214,2021,0.256
1214,2022,0.277
1230,2012,0.102
1230,2013,0.109
1230,2014,0.117
1230,2015,0.105
1230,2016,0.099
1230,2017,0.108
1230,2018,0.1
1230,2019,0.109
1230,2020,0.115
1230,2021,0.103
1230,2022,0.094
1231,2012,0.198
1231,2013,0.203
1231,2014,0.228
1231,2015,0.239
1231,2016,0.241
1231,2017,0.242
1231,2018,0.237
1231,2019,0.231
1231,2020,0.227
1231,2021,0.199
1231,2022,0.208
1233,2012,0.081
1233,2013,0.086
1233,2014,0.079
1233,2015,0.079
1233,2016,0.076
1233,2017,0.096
1233,2018,0.086
1233,2019,0.077
1233,2020,0.082
1233,2021,0.111
1233,2022,0.094
1256,2012,0.147
1256,2013,0.183
1256,2014,0.071
1256,2015,0.054
1256,2016,0.11
1256,2017,0.082
1256,2018,0.082
1256,2019,0.022
1256,2020,0.022
1256,2021,0.042
1256,2022,0.074
1257,2012,0.122
1257,2013,0.089
1257,2014,0.078
1257,2015,0.071
1257,2016,0.073
1257,2017,0.073
1257,2018,0.131
1257,2019,0.128
1257,2020,0.154
1257,2021,0.15
1257,2022,0.104
1260,2012,0.163
1260,2013,0.162
1260,2014,0.19
1260,2015,0.171
1260,2016,0.171
1260,2017,0.181
1260,2018,0.197
1260,2019,0.2
1260,2020,0.213
1260,2021,0.203
1260,2022,0.191
1261,2012,0.071
1261,2013,0.095
1261,2014,0.1
1261,2015,0.083
1261,2016,0.075
1261,2017,0.088
1261,2018,0.079
1261,2019,0.086
1261,2020,0.056
1261,2021,0.066
1261,2022,0.068
1262,2012,0.07
1262,2013,0.071
1262,2014,0.065
1262,2015,0.076
1262,2016,0.078
1262,2017,0.083
1262,2018,0.082
1262,2019,0.09
1262,2020,0.082
1262,2021,0.078
1262,2022,0.073
1263,2012,0.127
1263,2013,0.113
1263,2014,0.121
1263,2015,0.133
1263,2016,0.131
1263,2017,0.119
1263,2018,0.121
1263,2019,0.123
1263,2020,0.135
1263,2021,0.149
1263,2022,0.143
1264,2012,0.176
1264,2013,0.167
1264,2014,0.074
1264,2015,0.148
1264,2016,0.115
1264,2017,0.165
1264,2018,0.098
1264,2019,0.146
1264,2020,0.176
1264,2021,0.102
1264,2022,0.115
1265,2012,0.14
1265,2013,0.178
1265,2014,0.133
1265,2015,0.185
1265,2016,0.209
1265,2017,0.187
1265,2018,0.2
1265,2019,0.172
1265,2020,0.199
1265,2021,0.201
1265,2022,0.212
1266,2012,0.039
1266,2013,0.065
1266,2014,0.058
1266,2015,0.097
1266,2016,0.128
1266,2017,0.147
1266,2018,0.21
1266,2019,0.161
1266,2020,0.128
1266,2021,0.181
1266,2022,0.272
1267,2012,0.044
1267,2013,0.04
1267,2014,0.059
1267,2015,0.091
1267,2016,0.056
1267,2017,0.074
1267,2018,0.065
1267,2019,0.036
1267,2020,0.047
1267,2021,0.027
1267,2022,0.049
1270,2012,0.101
1270,2013,0.106
1270,2014,0.139
1270,2015,0.164
1270,2016,0.174
1270,2017,0.168
1270,2018,0.182
1270,2019,0.16
1270,2020,0.185
1270,2021,0.173
1270,2022,0.154
1272,2012,0.15
1272,2013,0.165
1272,2014,0.163
1272,2015,0.15
1272,2016,0.143
1272,2017,0.136
1272,2018,0.135
1272,2019,0.106
1272,2020,0.138
1272,2021,0.131
1272,2022,0.155
1273,2012,0.137
1273,2013,0.12
1273,2014,0.188
1273,2015,0.123
1273,2016,0.13
1273,2017,0.109
1273,2018,0.106
1273,2019,0.079
1273,2020,0.083
1273,2021,0.132
1273,2022,0.116
1275,2012,0.147
1275,2013,0.158
1275,2014,0.186
1275,2015,0.209
1275,2016,0.182
1275,2017,0.193
1275,2018,0.264
1275,2019,0.203
1275,2020,0.234
1275,2021,0.241
1275,2022,0.213
1276,2012,0.131
1276,2013,0.13
1276,2014,0.133
1276,2015,0.122
1276,2016,0.111
1276,2017,0.134
1276,2018,0.131
1276,2019,0.144
1276,2020,0.137
1276,2021,0.147
1276,2022,0.118
1277,2012,0.104
1277,2013,0.135
1277,2014,0.142
1277,2015,0.17
1277,2016,0.185
1277,2017,0.183
1277,2018,0.152
1277,2019,0.168
1277,2020,0.145
1277,2021,0.169
1277,2022,0.209
1278,2012,0.0
1278,2013,0.0
1278,2014,0.027
1278,2015,0.028
1278,2016,0.062
1278,2017,0.038
1278,2018,0.018
1278,2019,0.024
1278,2020,0.052
1278,2021,0.042
1278,2022,0.038
1280,2012,0.194
1280,2013,0.202
1280,2014,0.201
1280,2015,0.195
1280,2016,0.192
1280,2017,0.186
1280,2018,0.184
1280,2019,0.18
1280,2020,0.165
1280,2021,0.158
1280,2022,0.16
1281,2012,0.113
1281,2013,0.12
1281,2014,0.117
1281,2015,0.114
1281,2016,0.113
1281,2017,0.112
1281,2018,0.11
1281,2019,0.104
1281,2020,0.103
1281,2021,0.094
1281,2022,0.089
1282,2012,0.103
1282,2013,0.114
1282,2014,0.125
1282,2015,0.126
1282,2016,0.115
1282,2017,0.111
1282,2018,0.103
1282,2019,0.107
1282,2020,0.101
1282,2021,0.096
1282,2022,0.091
1283,2012,0.129
1283,2013,0.128
1283,2014,0.133
1283,2015,0.135
1283,2016,0.137
1283,2017,0.128
1283,2018,0.126
1283,2019,0.117
1283,2020,0.11
1283,2021,0.108
1283,2022,0.107
1284,2012,0.055
1284,2013,0.048
1284,2014,0.063
1284,2015,0.067
1284,2016,0.084
1284,2017,0.063
1284,2018,0.063
1284,2019,0.067
1284,2020,0.054
1284,2021,0.05
1284,2022,0.054
1285,2012,0.14
1285,2013,0.142
1285,2014,0.149
1285,2015,0.144
1285,2016,0.151
1285,2017,0.147
1285,2018,0.157
1285,2019,0.152
1285,2020,0.147
1285,2021,0.157
1285,2022,0.152
1286,2012,0.069
1286,2013,0.062
1286,2014,0.065
1286,2015,0.072
1286,2016,0.074
1286,2017,0.082
1286,2018,0.068
1286,2019,0.066
1286,2020,0.063
1286,2021,0.058
1286,2022,0.052
1287,2012,0.135
1287,2013,0.132
1287,2014,0.139
1287,2015,0.143
1287,2016,0.151
1287,2017,0.143
1287,2018,0.134
1287,2019,0.127
1287,2020,0.129
1287,2021,0.122
1287,2022,0.126
1290,2012,0.168
1290,2013,0.183
1290,2014,0.166
1290,2015,0.158
1290,2016,0.152
1290,2017,0.154
1290,2018,0.147
1290,2019,0.149
1290,2020,0.127
1290,2021,0.121
1290,2022,0.115
1291,2012,0.106
1291,2013,0.108
1291,2014,0.11
1291,2015,0.119
1291,2016,0.112
1291,2017,0.132
1291,2018,0.103
1291,2019,0.129
1291,2020,0.138
1291,2021,0.091
1291,2022,0.078
1292,2012,0.07
1292,2013,0.072
1292,2014,0.074
1292,2015,0.076
1292,2016,0.07
1292,2017,0.084
1292,2018,0.084
1292,2019,0.085
1292,2020,0.08
1292,2021,0.055
1292,2022,0.047
1293,2012,0.137
1293,2013,0.139
1293,2014,0.141
1293,2015,0.147
1293,2016,0.151
1293,2017,0.152
1293,2018,0.134
1293,2019,0.133
1293,2020,0.123
1293,2021,0.118
1293,2022,0.117
1315,2012,0.139
1315,2013,0.132
1315,2014,0.132
1315,2015,0.05
1315,2016,0.057
1315,2017,0.125
1315,2018,0.053
1315,2019,0.057
1315,2020,0.186
1315,2021,0.32
1315,2022,0.245
1380,2012,0.083
1380,2013,0.079
1380,2014,0.078
1380,2015,0.069
1380,2016,0.068
1380,2017,0.072
1380,2018,0.071
1380,2019,0.075
1380,2020,0.073
1380,2021,0.077
1380,2022,0.077
1381,2012,0.102
1381,2013,0.067
1381,2014,0.072
1381,2015,0.056
1381,2016,0.094
1381,2017,0.071
1381,2018,0.054
1381,2019,0.068
1381,2020,0.066
1381,2021,0.074
1381,2022,0.112
1382,2012,0.114
1382,2013,0.11
1382,2014,0.11
1382,2015,0.106
1382,2016,0.109
1382,2017,0.104
1382,2018,0.097
1382,2019,0.093
1382,2020,0.087
1382,2021,0.088
1382,2022,0.072
1383,2012,0.083
1383,2013,0.081
1383,2014,0.079
1383,2015,0.076
1383,2016,0.073
1383,2017,0.076
1383,2018,0.071
1383,2019,0.075
1383,2020,0.073
1383,2021,0.061
1383,2022,0.063
1384,2012,0.082
1384,2013,0.081
1384,2014,0.089
1384,2015,0.079
1384,2016,0.073
1384,2017,0.073
1384,2018,0.076
1384,2019,0.082
1384,2020,0.078
1384,2021,0.078
1384,2022,0.078
1401,2012,0.101
1401,2013,0.087
1401,2014,0.079
1401,2015,0.085
1401,2016,0.092
1401,2017,0.1
1401,2018,0.087
1401,2019,0.09
1401,2020,0.074
1401,2021,0.09
1401,2022,0.076
1402,2012,0.098
1402,2013,0.089
1402,2014,0.088
1402,2015,0.096
1402,2016,0.1
1402,2017,0.103
1402,2018,0.102
1402,2019,0.107
1402,2020,0.109
1402,2021,0.104
1402,2022,0.106
1407,2012,0.112
1407,2013,0.112
1407,2014,0.121
1407,2015,0.052
1407,2016,0.053
1407,2017,0.075
1407,2018,0.045
1407,2019,0.044
1407,2020,0.031
1407,2021,0.048
1407,2022,0.023
1415,2012,0.055
1415,2013,0.074
1415,2014,0.064
1415,2015,0.047
1415,2016,0.051
1415,2017,0.054
1415,2018,0.06
1415,2019,0.051
1415,2020,0.031
1415,2021,0.032
1415,2022,0.034
1419,2012,0.268
1419,2013,0.122
1419,2014,0.044
1419,2015,0.038
1419,2016,0.037
1419,2017,0.092
1419,2018,0.034
1419,2019,0.039
1419,2020,0.035
1419,2021,0.024
1419,2022,0.022
1421,2012,0.088
1421,2013,0.036
1421,2014,0.07
1421,2015,0.097
1421,2016,0.0
1421,2017,0.0
1421,2018,0.0
1421,2019,0.0
1421,2020,0.0
1421,2021,0.041
1421,2022,0.045
1427,2012,0.0
1427,2013,0.0
1427,2014,0.063
1427,2015,0.115
1427,2016,0.15
1427,2017,0.063
1427,2018,0.079
1427,2019,0.058
1427,2020,0.091
1427,2021,0.124
1427,2022,0.067
1430,2012,0.082
1430,2013,0.13
1430,2014,0.07
1430,2015,0.057
1430,2016,0.073
1430,2017,0.144
1430,2018,0.136
1430,2019,0.078
1430,2020,0.105
1430,2021,0.063
1430,2022,0.18
1435,2012,0.0
1435,2013,0.0
1435,2014,0.038
1435,2015,0.038
1435,2016,0.082
1435,2017,0.036
1435,2018,0.038
1435,2019,0.039
1435,2020,0.119
1435,2021,0.073
1435,2022,0.157
1438,2012,0.05
1438,2013,0.052
1438,2014,0.071
1438,2015,0.021
1438,2016,0.0
1438,2017,0.021
1438,2018,0.031
1438,2019,0.03
1438,2020,0.0
1438,2021,0.0
1438,2022,0.022
1440,2012,0.201
1440,2013,0.191
1440,2014,0.185
1440,2015,0.18
1440,2016,0.17
1440,2017,0.145
1440,2018,0.149
1440,2019,0.16
1440,2020,0.161
1440,2021,0.169
1440,2022,0.163
1441,2012,0.132
1441,2013,0.121
1441,2014,0.118
1441,2015,0.123
1441,2016,0.099
1441,2017,0.115
1441,2018,0.108
1441,2019,0.108
1441,2020,0.101
1441,2021,0.096
1441,2022,0.097
1442,2012,0.073
1442,2013,0.0
1442,2014,0.038
1442,2015,0.126
1442,2016,0.101
1442,2017,0.054
1442,2018,0.059
1442,2019,0.075
1442,2020,0.07
1442,2021,0.088
1442,2022,0.119
1443,2012,0.007
1443,2013,0.022
1443,2014,0.034
1443,2015,0.042
1443,2016,0.049
1443,2017,0.063
1443,2018,0.044
1443,2019,0.019
1443,2020,0.021
1443,2021,0.016
1443,2022,0.019
1444,2012,0.0
1444,2013,0.0
1444,2014,0.0
1444,2015,0.0
1444,2016,0.0
1444,2017,0.0
1444,2018,0.0
1444,2019,0.063
1444,2020,0.065
1444,2021,0.054
1444,2022,0.105
1445,2022,0.0
1446,2012,0.068
1446,2013,0.078
1446,2014,0.076
1446,2015,0.085
1446,2016,0.141
1446,2017,0.12
1446,2018,0.067
1446,2019,0.07
1446,2020,0.09
1446,2021,0.075
1446,2022,0.06
1447,2012,0.077
1447,2013,0.079
1447,2014,0.06
1447,2015,0.056
1447,2016,0.195
1447,2017,0.138
1447,2018,0.202
1447,2019,0.252
1447,2020,0.028
1447,2021,0.057
1447,2022,0.09
1452,2012,0.125
1452,2013,0.116
1452,2014,0.106
1452,2015,0.0
1452,2016,0.045
1452,2017,0.05
1452,2018,0.0
1452,2019,0.078
1452,2020,0.058
1452,2021,0.037
1452,2022,0.124
1460,2012,0.098
1460,2013,0.085
1460,2014,0.145
1460,2015,0.196
1460,2016,0.201
1460,2017,0.153
1460,2018,0.116
1460,2019,0.03
1460,2020,0.016
1460,2021,0.031
1460,2022,0.094
1461,2012,0.024
1461,2013,0.0
1461,2014,0.031
1461,2015,0.073
1461,2016,0.046
1461,2017,0.139
1461,2018,0.069
1461,2019,0.065
1461,2020,0.048
1461,2021,0.074
1461,2022,0.037
1462,2012,0.026
1462,2013,0.038
1462,2014,0.077
1462,2015,0.075
1462,2016,0.061
1462,2017,0.05
1462,2018,0.044
1462,2019,0.053
1462,2020,0.079
1462,2021,0.089
1462,2022,0.067
1463,2012,0.068
1463,2013,0.055
1463,2014,0.064
1463,2015,0.06
1463,2016,0.048
1463,2017,0.057
1463,2018,0.077
1463,2019,0.079
1463,2020,0.077
1463,2021,0.056
1463,2022,0.049
1465,2012,0.081
1465,2013,0.179
1465,2014,0.083
1465,2015,0.0
1465,2016,0.0
1465,2017,0.0
1465,2018,0.088
1465,2019,0.089
1465,2020,0.025
1465,2021,0.025
1465,2022,0.065
1466,2012,0.0
1466,2013,0.059
1466,2014,0.073
1466,2015,0.151
1466,2016,0.122
1466,2017,0.095
1466,2018,0.106
1466,2019,0.143
1466,2020,0.171
1466,2021,0.186
1466,2022,0.166
1470,2012,0.06
1470,2013,0.066
1470,2014,0.077
1470,2015,0.087
1470,2016,0.079
1470,2017,0.057
1470,2018,0.067
1470,2019,0.054
1470,2020,0.055
1470,2021,0.088
1470,2022,0.092
1471,2012,0.089
1471,2013,0.102
1471,2014,0.051
1471,2015,0.045
1471,2016,0.06
1471,2017,0.093
1471,2018,0.089
1471,2019,0.115
1471,2020,0.094
1471,2021,0.1
1471,2022,0.127
1472,2012,0.053
1472,2013,0.016
1472,2014,0.045
1472,2015,0.033
1472,2016,0.079
1472,2017,0.067
1472,2018,0.063
1472,2019,0.058
1472,2020,0.069
1472,2021,0.082
1472,2022,0.077
1473,2012,0.079
1473,2013,0.104
1473,2014,0.056
1473,2015,0.106
1473,2016,0.107
1473,2017,0.118
1473,2018,0.107
1473,2019,0.098
1473,2020,0.104
1473,2021,0.078
1473,2022,0.069
1480,2012,0.148
1480,2013,0.152
1480,2014,0.15
1480,2015,0.15
1480,2016,0.15
1480,2017,0.151
1480,2018,0.149
1480,2019,0.151
1480,2020,0.144
1480,2021,0.138
1480,2022,0.141
1481,2012,0.133
1481,2013,0.125
1481,2014,0.125
1481,2015,0.122
1481,2016,0.124
1481,2017,0.123
1481,2018,0.125
1481,2019,0.118
1481,2020,0.116
1481,2021,0.107
1481,2022,0.105
1482,2012,0.098
1482,2013,0.102
1482,2014,0.103
1482,2015,0.094
1482,2016,0.095
1482,2017,0.089
1482,2018,0.086
1482,2019,0.086
1482,2020,0.084
1482,2021,0.075
1482,2022,0.084
1484,2012,0.054
1484,2013,0.069
1484,2014,0.053
1484,2015,0.084
1484,2016,0.087
1484,2017,0.106
1484,2018,0.131
1484,2019,0.116
1484,2020,0.086
1484,2021,0.075
1484,2022,0.08
1485,2012,0.091
1485,2013,0.086
1485,2014,0.089
1485,2015,0.091
1485,2016,0.095
1485,2017,0.095
1485,2018,0.096
1485,2019,0.096
1485,2020,0.096
1485,2021,0.087
1485,2022,0.09
1486,2012,0.131
1486,2013,0.107
1486,2014,0.121
1486,2015,0.149
1486,2016,0.133
1486,2017,0.142
1486,2018,0.17
1486,2019,0.144
1486,2020,0.18
1486,2021,0.166
1486,2022,0.163
1487,2012,0.119
1487,2013,0.129
1487,2014,0.129
1487,2015,0.127
1487,2016,0.132
1487,2017,0.145
1487,2018,0.144
1487,2019,0.153
1487,2020,0.148
1487,2021,0.14
1487,2022,0.131
1488,2012,0.138
1488,2013,0.144
1488,2014,0.144
1488,2015,0.146
1488,2016,0.144
1488,2017,0.139
1488,2018,0.132
1488,2019,0.129
1488,2020,0.115
1488,2021,0.117
1488,2022,0.122
1489,2012,0.052
1489,2013,0.06
1489,2014,0.059
1489,2015,0.071
1489,2016,0.069
1489,2017,0.058
1489,2018,0.069
1489,2019,0.067
1489,2020,0.05
1489,2021,0.054
1489,2022,0.052
1490,2012,0.125
1490,2013,0.132
1490,2014,0.131
1490,2015,0.13
1490,2016,0.121
1490,2017,0.12
1490,2018,0.129
1490,2019,0.122
1490,2020,0.12
1490,2021,0.116
1490,2022,0.114
1491,2012,0.037
1491,2013,0.036
1491,2014,0.038
1491,2015,0.03
1491,2016,0.039
1491,2017,0.036
1491,2018,0.034
1491,2019,0.027
1491,2020,0.023
1491,2021,0.024
1491,2022,0.018
1492,2012,0.077
1492,2013,0.069
1492,2014,0.069
1492,2015,0.05
1492,2016,0.061
1492,2017,0.074
1492,2018,0.063
1492,2019,0.073
1492,2020,0.071
1492,2021,0.037
1492,2022,0.066
1493,2012,0.083
1493,2013,0.073
1493,2014,0.062
1493,2015,0.07
1493,2016,0.072
1493,2017,0.071
1493,2018,0.087
1493,2019,0.086
1493,2020,0.087
1493,2021,0.078
1493,2022,0.089
1494,2012,0.098
1494,2013,0.102
1494,2014,0.115
1494,2015,0.117
1494,2016,0.12
1494,2017,0.118
1494,2018,0.112
1494,2019,0.106
1494,2020,0.094
1494,2021,0.085
1494,2022,0.079
1495,2012,0.135
1495,2013,0.124
1495,2014,0.112
1495,2015,0.13
1495,2016,0.158
1495,2017,0.151
1495,2018,0.163
1495,2019,0.149
1495,2020,0.143
1495,2021,0.144
1495,2022,0.151
1496,2012,0.081
1496,2013,0.083
1496,2014,0.076
1496,2015,0.073
1496,2016,0.078
1496,2017,0.073
1496,2018,0.072
1496,2019,0.068
1496,2020,0.063
1496,2021,0.062
1496,2022,0.059
1497,2012,0.116
1497,2013,0.114
1497,2014,0.125
1497,2015,0.104
1497,2016,0.085
1497,2017,0.061
1497,2018,0.059
1497,2019,0.06
1497,2020,0.074
1497,2021,0.061
1497,2022,0.112
1498,2012,0.076
1498,2013,0.078
1498,2014,0.072
1498,2015,0.08
1498,2016,0.093
1498,2017,0.073
1498,2018,0.068
1498,2019,0.076
1498,2020,0.069
1498,2021,0.075
1498,2022,0.07
1499,2012,0.127
1499,2013,0.153
1499,2014,0.161
1499,2015,0.154
1499,2016,0.143
1499,2017,0.146
1499,2018,0.184
1499,2019,0.145
1499,2020,0.139
1499,2021,0.136
1499,2022,0.147
1715,2012,0.046
1715,2013,0.058
1715,2014,0.054
1715,2015,0.032
1715,2016,0.027
1715,2017,0.088
1715,2018,0.052
1715,2019,0.046
1715,2020,0.041
1715,2021,0.062
1715,2022,0.029
1730,2012,0.0
1730,2013,0.0
1730,2014,0.0
1730,2015,0.0
1730,2016,0.041
1730,2017,0.045
1730,2018,0.0
1730,2019,0.0
1730,2020,0.0
1730,2021,0.0
1730,2022,0.04
1737,2012,0.072
1737,2013,0.027
1737,2014,0.0
1737,2015,0.0
1737,2016,0.0
1737,2017,0.0
1737,2018,0.0
1737,2019,0.023
1737,2020,0.025
1737,2021,0.025
1737,2022,0.038
1760,2012,0.0
1760,2013,0.0
1760,2014,0.0
1760,2015,0.094
1760,2016,0.0
1760,2017,0.0
1760,2018,0.0
1760,2019,0.0
1760,2020,0.0
1760,2021,0.0
1760,2022,0.0
1761,2012,0.132
1761,2013,0.128
1761,2014,0.12
1761,2015,0.12
1761,2016,0.113
1761,2017,0.104
1761,2018,0.096
1761,2019,0.106
1761,2020,0.111
1761,2021,0.119
1761,2022,0.119
1762,2012,0.092
1762,2013,0.089
1762,2014,0.08
1762,2015,0.068
1762,2016,0.104
1762,2017,0.132
1762,2018,0.099
1762,2019,0.053
1762,2020,0.081
1762,2021,0.06
1762,2022,0.117
1763,2012,0.101
1763,2013,0.123
1763,2014,0.139
1763,2015,0.106
1763,2016,0.064
1763,2017,0.088
1763,2018,0.117
1763,2019,0.098
1763,2020,0.098
1763,2021,0.104
1763,2022,0.104
1764,2012,0.11
1764,2013,0.093
1764,2014,0.075
1764,2015,0.07
1764,2016,0.074
1764,2017,0.075
1764,2018,0.064
1764,2019,0.084
1764,2020,0.084
1764,2021,0.09
1764,2022,0.074
1765,2012,0.067
1765,2013,0.108
1765,2014,0.071
1765,2015,0.09
1765,2016,0.084
1765,2017,0.055
1765,2018,0.046
1765,2019,0.062
1765,2020,0.088
1765,2021,0.093
1765,2022,0.122
1766,2012,0.071
1766,2013,0.077
1766,2014,0.086
1766,2015,0.126
1766,2016,0.106
1766,2017,0.083
1766,2018,0.114
1766,2019,0.114
1766,2020,0.103
1766,2021,0.101
1766,2022,0.112
1780,2012,0.078
1780,2013,0.078
1780,2014,0.081
1780,2015,0.075
1780,2016,0.076
1780,2017,0.078
1780,2018,0.078
1780,2019,0.08
1780,2020,0.073
1780,2021,0.068
1780,2022,0.064
1781,2012,0.085
1781,2013,0.088
1781,2014,0.079
1781,2015,0.093
1781,2016,0.112
1781,2017,0.115
1781,2018,0.078
1781,2019,0.084
1781,2020,0.08
1781,2021,0.087
1781,2022,0.089
1782,2012,0.071
1782,2013,0.087
1782,2014,0.134
1782,2015,0.112
1782,2016,0.103
1782,2017,0.105
1782,2018,0.123
1782,2019,0.115
1782,2020,0.135
1782,2021,0.13
1782,2022,0.157
1783,2012,0.096
1783,2013,0.097
1783,2014,0.1
1783,2015,0.095
1783,2016,0.095
1783,2017,0.092
1783,2018,0.08
1783,2019,0.067
1783,2020,0.073
1783,2021,0.092
1783,2022,0.096
1784,2012,0.064
1784,2013,0.059
1784,2014,0.064
1784,2015,0.076
1784,2016,0.069
1784,2017,0.074
1784,2018,0.059
1784,2019,0.067
1784,2020,0.058
1784,2021,0.056
1784,2022,0.053
1785,2012,0.078
1785,2013,0.075
1785,2014,0.098
1785,2015,0.125
1785,2016,0.129
1785,2017,0.148
1785,2018,0.197
1785,2019,0.165
1785,2020,0.158
1785,2021,0.168
1785,2022,0.173
1814,2012,0.043
1814,2013,0.031
1814,2014,0.143
1814,2015,0.147
1814,2016,0.138
1814,2017,0.081
1814,2018,0.172
1814,2019,0.065
1814,2020,0.0
1814,2021,0.0
1814,2022,0.0
1860,2012,0.085
1860,2013,0.031
1860,2014,0.068
1860,2015,0.075
1860,2016,0.098
1860,2017,0.138
1860,2018,0.119
1860,2019,0.085
1860,2020,0.104
1860,2021,0.059
1860,2022,0.135
1861,2012,0.094
1861,2013,0.096
1861,2014,0.095
1861,2015,0.089
1861,2016,0.117
1861,2017,0.095
1861,2018,0.071
1861,2019,0.121
1861,2020,0.095
1861,2021,0.105
1861,2022,0.083
1862,2012,0.097
1862,2013,0.086
1862,2014,0.106
1862,2015,0.118
1862,2016,0.085
1862,2017,0.128
1862,2018,0.147
1862,2019,0.126
1862,2020,0.101
1862,2021,0.079
1862,2022,0.09
1863,2012,0.065
1863,2013,0.091
1863,2014,0.097
1863,2015,0.074
1863,2016,0.079
1863,2017,0.174
1863,2018,0.181
1863,2019,0.138
1863,2020,0.139
1863,2021,0.149
1863,2022,0.113
1864,2012,0.111
1864,2013,0.075
1864,2014,0.174
1864,2015,0.188
1864,2016,0.228
1864,2017,0.243
1864,2018,0.216
1864,2019,0.254
1864,2020,0.232
1864,2021,0.148
1864,2022,0.162
1880,2012,0.088
1880,2013,0.092
1880,2014,0.1
1880,2015,0.099
1880,2016,0.093
1880,2017,0.092
1880,2018,0.09
1880,2019,0.09
1880,2020,0.078
1880,2021,0.069
1880,2022,0.072
1881,2012,0.088
1881,2013,0.087
1881,2014,0.096
1881,2015,0.085
1881,2016,0.081
1881,2017,0.088
1881,2018,0.073
1881,2019,0.069
1881,2020,0.064
1881,2021,0.057
1881,2022,0.053
1882,2012,0.028
1882,2013,0.019
1882,2014,0.035
1882,2015,0.045
1882,2016,0.038
1882,2017,0.044
1882,2018,0.044
1882,2019,0.045
1882,2020,0.058
1882,2021,0.075
1882,2022,0.075
1883,2012,0.111
1883,2013,0.105
1883,2014,0.102
1883,2015,0.1
1883,2016,0.105
1883,2017,0.114
1883,2018,0.101
1883,2019,0.105
1883,2020,0.104
1883,2021,0.112
1883,2022,0.112
1884,2012,0.087
1884,2013,0.066
1884,2014,0.065
1884,2015,0.125
1884,2016,0.083
1884,2017,0.108
1884,2018,0.081
1884,2019,0.077
1884,2020,0.055
1884,2021,0.04
1884,2022,0.033
1885,2012,0.111
1885,2013,0.116
1885,2014,0.126
1885,2015,0.117
1885,2016,0.111
1885,2017,0.095
1885,2018,0.105
1885,2019,0.122
1885,2020,0.121
1885,2021,0.113
1885,2022,0.11
1904,2012,0.084
1904,2013,0.028
1904,2014,0.059
1904,2015,0.057
1904,2016,0.044
1904,2017,0.089
1904,2018,0.099
1904,2019,0.086
1904,2020,0.111
1904,2021,0.124
1904,2022,0.123
1907,2012,0.093
1907,2013,0.115
1907,2014,0.131
1907,2015,0.128
1907,2016,0.128
1907,2017,0.154
1907,2018,0.151
1907,2019,0.152
1907,2020,0.171
1907,2021,0.167
1907,2022,0.18
1960,2012,0.056
1960,2013,0.107
1960,2014,0.203
1960,2015,0.131
1960,2016,0.123
1960,2017,0.083
1960,2018,0.083
1960,2019,0.052
1960,2020,0.06
1960,2021,0.086
1960,2022,0.138
1961,2012,0.095
1961,2013,0.126
1961,2014,0.12
1961,2015,0.145
1961,2016,0.155
1961,2017,0.142
1961,2018,0.134
1961,2019,0.119
1961,2020,0.111
1961,2021,0.122
1961,2022,0.105
1962,2012,0.116
1962,2013,0.079
1962,2014,0.081
1962,2015,0.105
1962,2016,0.098
1962,2017,0.12
1962,2018,0.092
1962,2019,0.089
1962,2020,0.12
1962,2021,0.135
1962,2022,0.123
1980,2012,0.134
1980,2013,0.137
1980,2014,0.133
1980,2015,0.126
1980,2016,0.131
1980,2017,0.129
1980,2018,0.123
1980,2019,0.125
1980,2020,0.117
1980,2021,0.112
1980,2022,0.113
1981,2012,0.118
1981,2013,0.114
1981,2014,0.119
1981,2015,0.105
1981,2016,0.09
1981,2017,0.086
1981,2018,0.079
1981,2019,0.091
1981,2020,0.077
1981,2021,0.084
1981,2022,0.076
1982,2012,0.104
1982,2013,0.124
1982,2014,0.136
1982,2015,0.137
1982,2016,0.145
1982,2017,0.149
1982,2018,0.142
1982,2019,0.14
1982,2020,0.15
1982,2021,0.145
1982,2022,0.134
1983,2012,0.128
1983,2013,0.125
1983,2014,0.115
1983,2015,0.12
1983,2016,0.128
1983,2017,0.139
1983,2018,0.132
1983,2019,0.125
1983,2020,0.117
1983,2021,0.118
1983,2022,0.117
1984,2012,0.078
1984,2013,0.084
1984,2014,0.128
1984,2015,0.164
1984,2016,0.171
1984,2017,0.198
1984,2018,0.154
1984,2019,0.161
1984,2020,0.153
1984,2021,0.157
1984,2022,0.137
2021,2012,0.045
2021,2013,0.064
2021,2014,0.176
2021,2015,0.102
2021,2016,0.086
2021,2017,0.0
2021,2018,0.033
2021,2019,0.174
2021,2020,0.109
2021,2021,0.078
2021,2022,0.108
2023,2012,0.062
2023,2013,0.065
2023,2014,0.067
2023,2015,0.122
2023,2016,0.116
2023,2017,0.174
2023,2018,0.226
2023,2019,0.186
2023,2020,0.188
2023,2021,0.146
2023,2022,0.145
2026,2012,0.141
2026,2013,0.12
2026,2014,0.049
2026,2015,0.074
2026,2016,0.125
2026,2017,0.07
2026,2018,0.05
2026,2019,0.051
2026,2020,0.088
2026,2021,0.073
2026,2022,0.061
2029,2012,0.051
2029,2013,0.088
2029,2014,0.068
2029,2015,0.067
2029,2016,0.042
2029,2017,0.035
2029,2018,0.022
2029,2019,0.038
2029,2020,0.068
2029,2021,0.029
2029,2022,0.065
2031,2012,0.122
2031,2013,0.121
2031,2014,0.092
2031,2015,0.089
2031,2016,0.077
2031,2017,0.094
2031,2018,0.1
2031,2019,0.098
2031,2020,0.089
2031,2021,0.091
2031,2022,0.093
2034,2012,0.05
2034,2013,0.049
2034,2014,0.037
2034,2015,0.036
2034,2016,0.093
2034,2017,0.111
2034,2018,0.08
2034,2019,0.086
2034,2020,0.163
2034,2021,0.081
2034,2022,0.085
2039,2012,0.098
2039,2013,0.074
2039,2014,0.208
2039,2015,0.185
2039,2016,0.146
2039,2017,0.14
2039,2018,0.07
2039,2019,0.224
2039,2020,0.234
2039,2021,0.133
2039,2022,0.116
2061,2012,0.09
2061,2013,0.124
2061,2014,0.11
2061,2015,0.081
2061,2016,0.078
2061,2017,0.076
2061,2018,0.072
2061,2019,0.043
2061,2020,0.037
2061,2021,0.062
2061,2022,0.047
2062,2012,0.066
2062,2013,0.084
2062,2014,0.082
2062,2015,0.067
2062,2016,0.06
2062,2017,0.062
2062,2018,0.078
2062,2019,0.078
2062,2020,0.071
2062,2021,0.058
2062,2022,0.068
2080,2012,0.066
2080,2013,0.075
2080,2014,0.074
2080,2015,0.08
2080,2016,0.075
2080,2017,0.068
2080,2018,0.075
2080,2019,0.08
2080,2020,0.085
2080,2021,0.076
2080,2022,0.069
2081,2012,0.084
2081,2013,0.099
2081,2014,0.099
2081,2015,0.089
2081,2016,0.092
2081,2017,0.091
2081,2018,0.1
2081,2019,0.094
2081,2020,0.094
2081,2021,0.088
2081,2022,0.088
2082,2012,0.06
2082,2013,0.094
2082,2014,0.09
2082,2015,0.086
2082,2016,0.112
2082,2017,0.094
2082,2018,0.128
2082,2019,0.087
2082,2020,0.094
2082,2021,0.094
2082,2022,0.088
2083,2012,0.07
2083,2013,0.089
2083,2014,0.078
2083,2015,0.083
2083,2016,0.083
2083,2017,0.09
2083,2018,0.081
2083,2019,0.084
2083,2020,0.071
2083,2021,0.069
2083,2022,0.075
2084,2012,0.122
2084,2013,0.124
2084,2014,0.124
2084,2015,0.126
2084,2016,0.136
2084,2017,0.137
2084,2018,0.146
2084,2019,0.134
2084,2020,0.14
2084,2021,0.129
2084,2022,0.128
2085,2012,0.07
2085,2013,0.063
2085,2014,0.078
2085,2015,0.064
2085,2016,0.071
2085,2017,0.084
2085,2018,0.098
2085,2019,0.078
2085,2020,0.09
2085,2021,0.086
2085,2022,0.085
2104,2012,0.102
2104,2013,0.092
2104,2014,0.108
2104,2015,0.103
2104,2016,0.099
2104,2017,0.104
2104,2018,0.106
2104,2019,0.096
2104,2020,0.092
2104,2021,0.088
2104,2022,0.085
2121,2012,0.086
2121,2013,0.069
2121,2014,0.033
2121,2015,0.031
2121,2016,0.012
2121,2017,0.0
2121,2018,0.0
2121,2019,0.06
2121,2020,0.049
2121,2021,0.044
2121,2022,0.066
2161,2012,0.061
2161,2013,0.063
2161,2014,0.08
2161,2015,0.073
2161,2016,0.042
2161,2017,0.08
2161,2018,0.094
2161,2019,0.073
2161,2020,0.087
2161,2021,0.054
2161,2022,0.055
2180,2012,0.088
2180,2013,0.089
2180,2014,0.089
2180,2015,0.092
2180,2016,0.094
2180,2017,0.089
2180,2018,0.084
2180,2019,0.082
2180,2020,0.075
2180,2021,0.07
2180,2022,0.069
2181,2012,0.105
2181,2013,0.104
2181,2014,0.114
2181,2015,0.112
2181,2016,0.11
2181,2017,0.117
2181,2018,0.115
2181,2019,0.103
2181,2020,0.099
2181,2021,0.087
2181,2022,0.087
2182,2012,0.075
2182,2013,0.067
2182,2014,0.072
2182,2015,0.069
2182,2016,0.072
2182,2017,0.059
2182,2018,0.066
2182,2019,0.061
2182,2020,0.059
2182,2021,0.046
2182,2022,0.046
2183,2012,0.056
2183,2013,0.061
2183,2014,0.074
2183,2015,0.075
2183,2016,0.079
2183,2017,0.085
2183,2018,0.074
2183,2019,0.075
2183,2020,0.085
2183,2021,0.072
2183,2022,0.071
2184,2012,0.097
2184,2013,0.102
2184,2014,0.095
2184,2015,0.082
2184,2016,0.09
2184,2017,0.106
2184,2018,0.102
2184,2019,0.091
2184,2020,0.088
2184,2021,0.09
2184,2022,0.088
2260,2012,0.074
2260,2013,0.087
2260,2014,0.113
2260,2015,0.101
2260,2016,0.086
2260,2017,0.08
2260,2018,0.075
2260,2019,0.078
2260,2020,0.053
2260,2021,0.067
2260,2022,0.062
2262,2012,0.167
2262,2013,0.167
2262,2014,0.164
2262,2015,0.161
2262,2016,0.172
2262,2017,0.173
2262,2018,0.169
2262,2019,0.157
2262,2020,0.148
2262,2021,0.146
2262,2022,0.135
2280,2012,0.081
2280,2013,0.074
2280,2014,0.083
2280,2015,0.085
2280,2016,0.094
2280,2017,0.086
2280,2018,0.073
2280,2019,0.076
2280,2020,0.075
2280,2021,0.084
2280,2022,0.082
2281,2012,0.102
2281,2013,0.105
2281,2014,0.1
2281,2015,0.103
2281,2016,0.103
2281,2017,0.105
2281,2018,0.102
2281,2019,0.105
2281,2020,0.093
2281,2021,0.093
2281,2022,0.084
2282,2012,0.074
2282,2013,0.071
2282,2014,0.08
2282,2015,0.088
2282,2016,0.071
2282,2017,0.051
2282,2018,0.037
2282,2019,0.037
2282,2020,0.059
2282,2021,0.039
2282,2022,0.047
2283,2012,0.07
2283,2013,0.061
2283,2014,0.065
2283,2015,0.07
2283,2016,0.071
2283,2017,0.091
2283,2018,0.089
2283,2019,0.066
2283,2020,0.052
2283,2021,0.057
2283,2022,0.06
2284,2012,0.083
2284,2013,0.081
2284,2014,0.074
2284,2015,0.074
2284,2016,0.06
2284,2017,0.051
2284,2018,0.042
2284,2019,0.048
2284,2020,0.042
2284,2021,0.039
2284,2022,0.033
2305,2012,0.029
2305,2013,0.029
2305,2014,0.019
2305,2015,0.066
2305,2016,0.039
2305,2017,0.098
2305,2018,0.127
2305,2019,0.103
2305,2020,0.069
2305,2021,0.049
2305,2022,0.05
2309,2012,0.15
2309,2013,0.084
2309,2014,0.103
2309,2015,0.117
2309,2016,0.154
2309,2017,0.155
2309,2018,0.135
2309,2019,0.178
2309,2020,0.146
2309,2021,0.122
2309,2022,0.09
2313,2012,0.124
2313,2013,0.075
2313,2014,0.085
2313,2015,0.046
2313,2016,0.044
2313,2017,0.063
2313,2018,0.104
2313,2019,0.06
2313,2020,0.045
2313,2021,0.042
2313,2022,0.079
2321,2012,0.093
2321,2013,0.1
2321,2014,0.159
2321,2015,0.159
2321,2016,0.158
2321,2017,0.161
2321,2018,0.119
2321,2019,0.135
2321,2020,0.134
2321,2021,0.117
2321,2022,0.11
2361,2012,0.076
2361,2013,0.059
2361,2014,0.057
2361,2015,0.068
2361,2016,0.084
2361,2017,0.082
2361,2018,0.047
2361,2019,0.05
2361,2020,0.096
2361,2021,0.054
2361,2022,0.058
2380,2012,0.085
2380,2013,0.09
2380,2014,0.095
2380,2015,0.1
2380,2016,0.097
2380,2017,0.101
2380,2018,0.092
2380,2019,0.089
2380,2020,0.086
2380,2021,0.082
2380,2022,0.083
2404,2012,0.071
2404,2013,0.0
2404,2014,0.044
2404,2015,0.0
2404,2016,0.0
2404,2017,0.0
2404,2018,0.0
2404,2019,0.0
2404,2020,0.0
2404,2021,0.0
2404,2022,0.0
2409,2012,0.353
2409,2013,0.0
2409,2014,0.0
2409,2015,0.0
2409,2016,0.0
2409,2017,0.059
2409,2018,0.061
2409,2019,0.061
2409,2020,0.0
2409,2021,0.0
2409,2022,0.0
2417,2012,0.0
2417,2013,0.0
2417,2014,0.118
2417,2015,0.105
2417,2016,0.1
2417,2017,0.15
2417,2018,0.0
2417,2019,0.0
2417,2020,0.0
2417,2021,0.0
2417,2022,0.0
2418,2012,0.167
2418,2013,0.0
2418,2014,0.0
2418,2015,0.0
2418,2016,0.0
2418,2017,0.0
2418,2018,0.0
2418,2019,0.133
2418,2020,0.0
2418,2021,0.0
2418,2022,0.0
2421,2012,0.118
2421,2013,0.133
2421,2014,0.118
2421,2015,0.09
2421,2016,0.116
2421,2017,0.084
2421,2018,0.071
2421,2019,0.088
2421,2020,0.079
2421,2021,0.058
2421,2022,0.081
2422,2012,0.118
2422,2013,0.0
2422,2014,0.0
2422,2015,0.0
2422,2016,0.214
2422,2017,0.0
2422,2018,0.167
2422,2019,0.25
2422,2020,0.176
2422,2021,0.176
2422,2022,0.167
2460,2012,0.105
2460,2013,0.13
2460,2014,0.156
2460,2015,0.165
2460,2016,0.127
2460,2017,0.137
2460,2018,0.111
2460,2019,0.163
2460,2020,0.155
2460,2021,0.128
2460,2022,0.114
2462,2012,0.059
2462,2013,0.035
2462,2014,0.042
2462,2015,0.043
2462,2016,0.031
2462,2017,0.054
2462,2018,0.055
2462,2019,0.076
2462,2020,0.053
2462,2021,0.061
2462,2022,0.053
2463,2012,0.068
2463,2013,0.034
2463,2014,0.033
2463,2015,0.038
2463,2016,0.07
2463,2017,0.173
2463,2018,0.188
2463,2019,0.169
2463,2020,0.115
2463,2021,0.096
2463,2022,0.128
2480,2012,0.075
2480,2013,0.072
2480,2014,0.073
2480,2015,0.068
2480,2016,0.066
2480,2017,0.07
2480,2018,0.073
2480,2019,0.076
2480,2020,0.072
2480,2021,0.067
2480,2022,0.062
2481,2012,0.059
2481,2013,0.073
2481,2014,0.039
2481,2015,0.044
2481,2016,0.083
2481,2017,0.072
2481,2018,0.081
2481,2019,0.082
2481,2020,0.047
2481,2021,0.069
2481,2022,0.072
2482,2012,0.077
2482,2013,0.071
2482,2014,0.08
2482,2015,0.079
2482,2016,0.081
2482,2017,0.078
2482,2018,0.071
2482,2019,0.071
2482,2020,0.067
2482,2021,0.071
2482,2022,0.068
2505,2012,0.092
2505,2013,0.124
2505,2014,0.092
2505,2015,0.089
2505,2016,0.12
2505,2017,0.073
2505,2018,0.106
2505,2019,0.076
2505,2020,0.068
2505,2021,0.068
2505,2022,0.034
2506,2012,0.051
2506,2013,0.054
2506,2014,0.0
2506,2015,0.0
2506,2016,0.0
2506,2017,0.0
2506,2018,0.0
2506,2019,0.222
2506,2020,0.222
2506,2021,0.222
2506,2022,0.071
2510,2012,0.119
2510,2013,0.113
2510,2014,0.0
2510,2015,0.03
2510,2016,0.042
2510,2017,0.045
2510,2018,0.088
2510,2019,0.077
2510,2020,0.13
2510,2021,0.141
2510,2022,0.109
2514,2012,0.069
2514,2013,0.093
2514,2014,0.098
2514,2015,0.082
2514,2016,0.062
2514,2017,0.087
2514,2018,0.113
2514,2019,0.098
2514,2020,0.082
2514,2021,0.08
2514,2022,0.075
2518,2012,0.128
2518,2013,0.13
2518,2014,0.111
2518,2015,0.116
2518,2016,0.25
2518,2017,0.07
2518,2018,0.045
2518,2019,0.0
2518,2020,0.0
2518,2021,0.0
2518,2022,0.0
2523,2012,0.103
2523,2013,0.096
2523,2014,0.108
2523,2015,0.116
2523,2016,0.129
2523,2017,0.126
2523,2018,0.119
2523,2019,0.101
2523,2020,0.087
2523,2021,0.072
2523,2022,0.069
2560,2012,0.05
2560,2013,0.051
2560,2014,0.105
2560,2015,0.11
2560,2016,0.053
2560,2017,0.054
2560,2018,0.03
2560,2019,0.0
2560,2020,0.0
2560,2021,0.064
2560,2022,0.0
2580,2012,0.085
2580,2013,0.086
2580,2014,0.087
2580,2015,0.091
2580,2016,0.089
2580,2017,0.089
2580,2018,0.091
2580,2019,0.076
2580,2020,0.068
2580,2021,0.06
2580,2022,0.054
2581,2012,0.099
2581,2013,0.102
2581,2014,0.081
2581,2015,0.08
2581,2016,0.069
2581,2017,0.083
2581,2018,0.056
2581,2019,0.064
2581,2020,0.068
2581,2021,0.066
2581,2022,0.053
2582,2012,0.067
2582,2013,0.082
2582,2014,0.079
2582,2015,0.085
2582,2016,0.067
2582,2017,0.074
2582,2018,0.076
2582,2019,0.07
2582,2020,0.073
2582,2021,0.062
2582,2022,0.053
2583,2012,0.125
2583,2013,0.12
2583,2014,0.093
2583,2015,0.073
2583,2016,0.085
2583,2017,0.085
2583,2018,0.089
2583,2019,0.058
2583,2020,0.052
2583,2021,0.048
2583,2022,0.05
2584,2012,0.085
2584,2013,0.102
2584,2014,0.097
2584,2015,0.107
2584,2016,0.107
2584,2017,0.107
2584,2018,0.122
2584,2019,0.122
2584,2020,0.112
2584,2021,0.106
2584,2022,0.103
