kommun,year,mean_andelhushall_brf
0114,2012,0.282
0114,2013,0.293
0114,2014,0.311
0114,2015,0.3
0114,2016,0.315
0114,2017,0.315
0114,2018,0.328
0114,2019,0.334
0114,2020,0.337
0114,2021,0.337
0114,2022,0.332
0115,2012,0.289
0115,2013,0.288
0115,2014,0.287
0115,2015,0.288
0115,2016,0.282
0115,2017,0.283
0115,2018,0.281
0115,2019,0.278
0115,2020,0.279
0115,2021,0.277
0115,2022,0.276
0117,2012,0.108
0117,2013,0.11
0117,2014,0.116
0117,2015,0.124
0117,2016,0.128
0117,2017,0.132
0117,2018,0.142
0117,2019,0.151
0117,2020,0.148
0117,2021,0.152
0117,2022,0.153
0120,2012,0.148
0120,2013,0.152
0120,2014,0.156
0120,2015,0.161
0120,2016,0.162
0120,2017,0.18
0120,2018,0.194
0120,2019,0.202
0120,2020,0.204
0120,2021,0.204
0120,2022,0.205
0123,2012,0.347
0123,2013,0.364
0123,2014,0.367
0123,2015,0.371
0123,2016,0.373
0123,2017,0.387
0123,2018,0.398
0123,2019,0.41
0123,2020,0.415
0123,2021,0.417
0123,2022,0.412
0125,2012,0.034
0125,2013,0.034
0125,2014,0.034
0125,2015,0.034
0125,2016,0.033
0125,2017,0.033
0125,2018,0.043
0125,2019,0.045
0125,2020,0.046
0125,2021,0.047
0125,2022,0.048
0126,2012,0.227
0126,2013,0.232
0126,2014,0.233
0126,2015,0.244
0126,2016,0.247
0126,2017,0.253
0126,2018,0.268
0126,2019,0.273
0126,2020,0.275
0126,2021,0.278
0126,2022,0.279
0127,2012,0.206
0127,2013,0.207
0127,2014,0.215
0127,2015,0.217
0127,2016,0.22
0127,2017,0.228
0127,2018,0.232
0127,2019,0.24
0127,2020,0.233
0127,2021,0.233
0127,2022,0.233
0128,2012,0.234
0128,2013,0.234
0128,2014,0.235
0128,2015,0.234
0128,2016,0.224
0128,2017,0.224
0128,2018,0.231
0128,2019,0.231
0128,2020,0.238
0128,2021,0.234
0128,2022,0.235
0136,2012,0.307
0136,2013,0.312
0136,2014,0.31
0136,2015,0.308
0136,2016,0.305
0136,2017,0.306
0136,2018,0.306
0136,2019,0.313
0136,2020,0.317
0136,2021,0.316
0136,2022,0.314
0138,2012,0.253
0138,2013,0.257
0138,2014,0.275
0138,2015,0.284
0138,2016,0.288
0138,2017,0.29
0138,2018,0.286
0138,2019,0.284
0138,2020,0.285
0138,2021,0.285
0138,2022,0.286
0139,2012,0.286
0139,2013,0.285
0139,2014,0.285
0139,2015,0.282
0139,2016,0.273
0139,2017,0.281
0139,2018,0.285
0139,2019,0.287
0139,2020,0.283
0139,2021,0.281
0139,2022,0.273
0140,2012,0.046
0140,2013,0.051
0140,2014,0.061
0140,2015,0.061
0140,2016,0.068
0140,2017,0.07
0140,2018,0.083
0140,2019,0.088
0140,2020,0.09
0140,2021,0.09
0140,2022,0.099
0160,2012,0.399
0160,2013,0.405
0160,2014,0.411
0160,2015,0.432
0160,2016,0.436
0160,2017,0.443
0160,2018,0.45
0160,2019,0.451
0160,2020,0.446
0160,2021,0.451
0160,2022,0.455
0162,2012,0.297
0162,2013,0.301
0162,2014,0.304
0162,2015,0.306
0162,2016,0.35
0162,2017,0.354
0162,2018,0.355
0162,2019,0.356
0162,2020,0.36
0162,2021,0.367
0162,2022,0.366
0163,2012,0.278
0163,2013,0.28
0163,2014,0.292
0163,2015,0.3
0163,2016,0.31
0163,2017,0.317
0163,2018,0.322
0163,2019,0.33
0163,2020,0.334
0163,2021,0.34
0163,2022,0.339
0180,2012,0.477
0180,2013,0.484
0180,2014,0.49
0180,2015,0.496
0180,2016,0.493
0180,2017,0.497
0180,2018,0.501
0180,2019,0.506
0180,2020,0.508
0180,2021,0.51
0180,2022,0.511
0181,2012,0.165
0181,2013,0.169
0181,2014,0.17
0181,2015,0.172
0181,2016,0.174
0181,2017,0.175
0181,2018,0.179
0181,2019,0.18
0181,2020,0.181
0181,2021,0.188
0181,2022,0.189
0182,2012,0.396
0182,2013,0.414
0182,2014,0.432
0182,2015,0.428
0182,2016,0.444
0182,2017,0.452
0182,2018,0.459
0182,2019,0.469
0182,2020,0.474
0182,2021,0.482
0182,2022,0.483
0183,2012,0.38
0183,2013,0.391
0183,2014,0.413
0183,2015,0.424
0183,2016,0.427
0183,2017,0.477
0183,2018,0.503
0183,2019,0.514
0183,2020,0.516
0183,2021,0.513
0183,2022,0.514
0184,2012,0.657
0184,2013,0.666
0184,2014,0.669
0184,2015,0.666
0184,2016,0.672
0184,2017,0.682
0184,2018,0.685
0184,2019,0.689
0184,2020,0.684
0184,2021,0.687
0184,2022,0.689
0186,2012,0.352
0186,2013,0.359
0186,2014,0.359
0186,2015,0.361
0186,2016,0.365
0186,2017,0.369
0186,2018,0.371
0186,2019,0.371
0186,2020,0.376
0186,2021,0.382
0186,2022,0.377
0187,2012,0.257
0187,2013,0.26
0187,2014,0.265
0187,2015,0.264
0187,2016,0.272
0187,2017,0.28
0187,2018,0.298
0187,2019,0.31
0187,2020,0.312
0187,2021,0.322
0187,2022,0.321
0188,2012,0.224
0188,2013,0.22
0188,2014,0.222
0188,2015,0.226
0188,2016,0.218
0188,2017,0.228
0188,2018,0.232
0188,2019,0.232
0188,2020,0.234
0188,2021,0.236
0188,2022,0.238
0191,2012,0.249
0191,2013,0.249
0191,2014,0.246
0191,2015,0.251
0191,2016,0.25
0191,2017,0.249
0191,2018,0.249
0191,2019,0.257
0191,2020,0.256
0191,2021,0.258
0191,2022,0.256
0192,2012,0.19
0192,2013,0.193
0192,2014,0.205
0192,2015,0.206
0192,2016,0.206
0192,2017,0.204
0192,2018,0.201
0192,2019,0.199
0192,2020,0.2
0192,2021,0.197
0192,2022,0.198
0305,2012,0.074
0305,2013,0.073
0305,2014,0.077
0305,2015,0.076
0305,2016,0.076
0305,2017,0.078
0305,2018,0.076
0305,2019,0.084
0305,2020,0.087
0305,2021,0.095
0305,2022,0.101
0319,2012,0.031
0319,2013,0.032
0319,2014,0.032
0319,2015,0.032
0319,2016,0.033
0319,2017,0.032
0319,2018,0.033
0319,2019,0.033
0319,2020,0.033
0319,2021,0.032
0319,2022,0.032
0330,2012,0.118
0330,2013,0.122
0330,2014,0.144
0330,2015,0.161
0330,2016,0.164
0330,2017,0.16
0330,2018,0.201
0330,2019,0.203
0330,2020,0.197
0330,2021,0.209
0330,2022,0.211
0331,2012,0.059
0331,2013,0.061
0331,2014,0.06
0331,2015,0.061
0331,2016,0.06
0331,2017,0.065
0331,2018,0.063
0331,2019,0.066
0331,2020,0.066
0331,2021,0.065
0331,2022,0.066
0360,2012,0.071
0360,2013,0.071
0360,2014,0.072
0360,2015,0.072
0360,2016,0.071
0360,2017,0.073
0360,2018,0.075
0360,2019,0.075
0360,2020,0.077
0360,2021,0.079
0360,2022,0.079
0380,2012,0.412
0380,2013,0.41
0380,2014,0.415
0380,2015,0.42
0380,2016,0.42
0380,2017,0.422
0380,2018,0.426
0380,2019,0.432
0380,2020,0.435
0380,2021,0.432
0380,2022,0.431
0381,2012,0.174
0381,2013,0.18
0381,2014,0.18
0381,2015,0.179
0381,2016,0.185
0381,2017,0.188
0381,2018,0.19
0381,2019,0.192
0381,2020,0.191
0381,2021,0.187
0381,2022,0.188
0382,2012,0.124
0382,2013,0.122
0382,2014,0.123
0382,2015,0.126
0382,2016,0.124
0382,2017,0.126
0382,2018,0.127
0382,2019,0.131
0382,2020,0.132
0382,2021,0.131
0382,2022,0.132
0428,2012,0.028
0428,2013,0.029
0428,2014,0.028
0428,2015,0.028
0428,2016,0.027
0428,2017,0.027
0428,2018,0.026
0428,2019,0.027
0428,2020,0.027
0428,2021,0.029
0428,2022,0.029
0461,2012,0.042
0461,2013,0.041
0461,2014,0.049
0461,2015,0.049
0461,2016,0.049
0461,2017,0.052
0461,2018,0.068
0461,2019,0.082
0461,2020,0.081
0461,2021,0.087
0461,2022,0.087
0480,2012,0.244
0480,2013,0.245
0480,2014,0.249
0480,2015,0.249
0480,2016,0.251
0480,2017,0.252
0480,2018,0.254
0480,2019,0.257
0480,2020,0.257
0480,2021,0.255
0480,2022,0.253
0481,2012,0.294
0481,2013,0.294
0481,2014,0.294
0481,2015,0.294
0481,2016,0.291
0481,2017,0.291
0481,2018,0.292
0481,2019,0.292
0481,2020,0.292
0481,2021,0.293
0481,2022,0.298
0482,2012,0.054
0482,2013,0.055
0482,2014,0.056
0482,2015,0.056
0482,2016,0.054
0482,2017,0.057
0482,2018,0.056
0482,2019,0.057
0482,2020,0.056
0482,2021,0.056
0482,2022,0.057
0483,2012,0.101
0483,2013,0.1
0483,2014,0.1
0483,2015,0.1
0483,2016,0.1
0483,2017,0.1
0483,2018,0.106
0483,2019,0.108
0483,2020,0.112
0483,2021,0.111
0483,2022,0.111
0484,2012,0.157
0484,2013,0.158
0484,2014,0.159
0484,2015,0.162
0484,2016,0.163
0484,2017,0.164
0484,2018,0.166
0484,2019,0.171
0484,2020,0.173
0484,2021,0.176
0484,2022,0.177
0486,2012,0.122
0486,2013,0.123
0486,2014,0.13
0486,2015,0.13
0486,2016,0.128
0486,2017,0.131
0486,2018,0.134
0486,2019,0.134
0486,2020,0.139
0486,2021,0.149
0486,2022,0.154
0488,2012,0.065
0488,2013,0.065
0488,2014,0.074
0488,2015,0.081
0488,2016,0.082
0488,2017,0.085
0488,2018,0.098
0488,2019,0.117
0488,2020,0.12
0488,2021,0.124
0488,2022,0.122
0509,2012,0.01
0509,2013,0.01
0509,2014,0.01
0509,2015,0.01
0509,2016,0.01
0509,2017,0.01
0509,2018,0.01
0509,2019,0.011
0509,2020,0.011
0509,2021,0.01
0509,2022,0.012
0560,2012,0.095
0560,2013,0.095
0560,2014,0.094
0560,2015,0.094
0560,2016,0.097
0560,2017,0.096
0560,2018,0.097
0560,2019,0.1
0560,2020,0.097
0560,2021,0.098
0560,2022,0.099
0561,2012,0.08
0561,2013,0.08
0561,2014,0.079
0561,2015,0.076
0561,2016,0.075
0561,2017,0.074
0561,2018,0.076
0561,2019,0.076
0561,2020,0.075
0561,2021,0.076
0561,2022,0.076
0562,2012,0.139
0562,2013,0.138
0562,2014,0.138
0562,2015,0.136
0562,2016,0.135
0562,2017,0.134
0562,2018,0.134
0562,2019,0.135
0562,2020,0.135
0562,2021,0.134
0562,2022,0.134
0563,2012,0.027
0563,2013,0.026
0563,2014,0.026
0563,2015,0.025
0563,2016,0.025
0563,2017,0.026
0563,2018,0.025
0563,2019,0.024
0563,2020,0.024
0563,2021,0.026
0563,2022,0.024
0580,2012,0.184
0580,2013,0.185
0580,2014,0.186
0580,2015,0.189
0580,2016,0.192
0580,2017,0.196
0580,2018,0.206
0580,2019,0.211
0580,2020,0.213
0580,2021,0.215
0580,2022,0.218
0581,2012,0.181
0581,2013,0.181
0581,2014,0.181
0581,2015,0.186
0581,2016,0.185
0581,2017,0.186
0581,2018,0.189
0581,2019,0.19
0581,2020,0.189
0581,2021,0.189
0581,2022,0.19
0582,2012,0.023
0582,2013,0.024
0582,2014,0.025
0582,2015,0.024
0582,2016,0.024
0582,2017,0.026
0582,2018,0.026
0582,2019,0.027
0582,2020,0.026
0582,2021,0.026
0582,2022,0.026
0583,2012,0.074
0583,2013,0.074
0583,2014,0.076
0583,2015,0.076
0583,2016,0.075
0583,2017,0.076
0583,2018,0.075
0583,2019,0.075
0583,2020,0.075
0583,2021,0.074
0583,2022,0.076
0584,2012,0.126
0584,2013,0.13
0584,2014,0.128
0584,2015,0.129
0584,2016,0.128
0584,2017,0.124
0584,2018,0.125
0584,2019,0.128
0584,2020,0.125
0584,2021,0.124
0584,2022,0.121
0586,2012,0.139
0586,2013,0.139
0586,2014,0.139
0586,2015,0.138
0586,2016,0.137
0586,2017,0.135
0586,2018,0.138
0586,2019,0.143
0586,2020,0.146
0586,2021,0.146
0586,2022,0.148
0604,2012,0.061
0604,2013,0.059
0604,2014,0.061
0604,2015,0.061
0604,2016,0.061
0604,2017,0.058
0604,2018,0.058
0604,2019,0.059
0604,2020,0.057
0604,2021,0.058
0604,2022,0.055
0617,2012,0.023
0617,2013,0.023
0617,2014,0.022
0617,2015,0.022
0617,2016,0.023
0617,2017,0.022
0617,2018,0.024
0617,2019,0.024
0617,2020,0.024
0617,2021,0.024
0617,2022,0.024
0642,2012,0.008
0642,2013,0.008
0642,2014,0.008
0642,2015,0.008
0642,2016,0.007
0642,2017,0.008
0642,2018,0.007
0642,2019,0.008
0642,2020,0.014
0642,2021,0.014
0642,2022,0.02
0643,2012,0.036
0643,2013,0.036
0643,2014,0.04
0643,2015,0.039
0643,2016,0.047
0643,2017,0.046
0643,2018,0.045
0643,2019,0.051
0643,2020,0.05
0643,2021,0.05
0643,2022,0.065
0662,2012,0.068
0662,2013,0.068
0662,2014,0.066
0662,2015,0.065
0662,2016,0.064
0662,2017,0.065
0662,2018,0.065
0662,2019,0.064
0662,2020,0.065
0662,2021,0.064
0662,2022,0.064
0665,2012,0.022
0665,2013,0.023
0665,2014,0.022
0665,2015,0.025
0665,2016,0.025
0665,2017,0.025
0665,2018,0.024
0665,2019,0.024
0665,2020,0.024
0665,2021,0.024
0665,2022,0.024
0680,2012,0.193
0680,2013,0.195
0680,2014,0.196
0680,2015,0.196
0680,2016,0.197
0680,2017,0.2
0680,2018,0.203
0680,2019,0.208
0680,2020,0.212
0680,2021,0.214
0680,2022,0.214
0682,2012,0.092
0682,2013,0.091
0682,2014,0.09
0682,2015,0.097
0682,2016,0.095
0682,2017,0.096
0682,2018,0.096
0682,2019,0.096
0682,2020,0.096
0682,2021,0.096
0682,2022,0.096
0683,2012,0.107
0683,2013,0.106
0683,2014,0.106
0683,2015,0.105
0683,2016,0.104
0683,2017,0.103
0683,2018,0.102
0683,2019,0.101
0683,2020,0.102
0683,2021,0.104
0683,2022,0.105
0684,2012,0.044
0684,2013,0.042
0684,2014,0.041
0684,2015,0.042
0684,2016,0.04
0684,2017,0.04
0684,2018,0.038
0684,2019,0.038
0684,2020,0.038
0684,2021,0.037
0684,2022,0.037
0685,2012,0.051
0685,2013,0.051
0685,2014,0.053
0685,2015,0.053
0685,2016,0.052
0685,2017,0.052
0685,2018,0.052
0685,2019,0.055
0685,2020,0.054
0685,2021,0.055
0685,2022,0.054
0686,2012,0.045
0686,2013,0.044
0686,2014,0.045
0686,2015,0.045
0686,2016,0.045
0686,2017,0.045
0686,2018,0.044
0686,2019,0.048
0686,2020,0.046
0686,2021,0.045
0686,2022,0.044
0687,2012,0.116
0687,2013,0.117
0687,2014,0.115
0687,2015,0.117
0687,2016,0.119
0687,2017,0.12
0687,2018,0.119
0687,2019,0.121
0687,2020,0.129
0687,2021,0.128
0687,2022,0.129
0760,2012,0.004
0760,2013,0.006
0760,2014,0.006
0760,2015,0.004
0760,2016,0.006
0760,2017,0.004
0760,2018,0.004
0760,2019,0.003
0760,2020,0.002
0760,2021,0.003
0760,2022,0.002
0761,2012,0.014
0761,2013,0.014
0761,2014,0.013
0761,2015,0.013
0761,2016,0.013
0761,2017,0.014
0761,2018,0.011
0761,2019,0.012
0761,2020,0.011
0761,2021,0.013
0761,2022,0.017
0763,2012,0.009
0763,2013,0.009
0763,2014,0.009
0763,2015,0.009
0763,2016,0.009
0763,2017,0.008
0763,2018,0.008
0763,2019,0.008
0763,2020,0.008
0763,2021,0.008
0763,2022,0.007
0764,2012,0.021
0764,2013,0.02
0764,2014,0.02
0764,2015,0.02
0764,2016,0.02
0764,2017,0.019
0764,2018,0.019
0764,2019,0.018
0764,2020,0.018
0764,2021,0.022
0764,2022,0.022
0765,2012,0.038
0765,2013,0.039
0765,2014,0.037
0765,2015,0.036
0765,2016,0.036
0765,2017,0.036
0765,2018,0.041
0765,2019,0.044
0765,2020,0.047
0765,2021,0.048
0765,2022,0.048
0767,2012,0.029
0767,2013,0.03
0767,2014,0.028
0767,2015,0.027
0767,2016,0.026
0767,2017,0.027
0767,2018,0.027
0767,2019,0.027
0767,2020,0.029
0767,2021,0.028
0767,2022,0.028
0780,2012,0.101
0780,2013,0.105
0780,2014,0.112
0780,2015,0.117
0780,2016,0.119
0780,2017,0.127
0780,2018,0.138
0780,2019,0.145
0780,2020,0.149
0780,2021,0.151
0780,2022,0.157
0781,2012,0.071
0781,2013,0.07
0781,2014,0.07
0781,2015,0.069
0781,2016,0.068
0781,2017,0.068
0781,2018,0.067
0781,2019,0.069
0781,2020,0.068
0781,2021,0.068
0781,2022,0.068
0834,2012,0.012
0834,2013,0.012
0834,2014,0.012
0834,2015,0.012
0834,2016,0.013
0834,2017,0.013
0834,2018,0.012
0834,2019,0.013
0834,2020,0.013
0834,2021,0.012
0834,2022,0.013
0840,2012,0.011
0840,2013,0.012
0840,2014,0.011
0840,2015,0.013
0840,2016,0.015
0840,2017,0.015
0840,2018,0.016
0840,2019,0.016
0840,2020,0.016
0840,2021,0.015
0840,2022,0.015
0860,2012,0.005
0860,2013,0.005
0860,2014,0.005
0860,2015,0.005
0860,2016,0.005
0860,2017,0.004
0860,2018,0.004
0860,2019,0.005
0860,2020,0.005
0860,2021,0.005
0860,2022,0.005
0861,2012,0.008
0861,2013,0.008
0861,2014,0.008
0861,2015,0.008
0861,2016,0.008
0861,2017,0.008
0861,2018,0.007
0861,2019,0.007
0861,2020,0.008
0861,2021,0.008
0861,2022,0.009
0862,2012,0.039
0862,2013,0.039
0862,2014,0.04
0862,2015,0.041
0862,2016,0.041
0862,2017,0.041
0862,2018,0.041
0862,2019,0.04
0862,2020,0.041
0862,2021,0.041
0862,2022,0.04
0880,2012,0.191
0880,2013,0.192
0880,2014,0.197
0880,2015,0.2
0880,2016,0.202
0880,2017,0.205
0880,2018,0.208
0880,2019,0.206
0880,2020,0.204
0880,2021,0.208
0880,2022,0.207
0881,2012,0.077
0881,2013,0.076
0881,2014,0.077
0881,2015,0.077
0881,2016,0.077
0881,2017,0.075
0881,2018,0.074
0881,2019,0.074
0881,2020,0.075
0881,2021,0.075
0881,2022,0.074
0882,2012,0.141
0882,2013,0.141
0882,2014,0.147
0882,2015,0.146
0882,2016,0.145
0882,2017,0.145
0882,2018,0.144
0882,2019,0.145
0882,2020,0.15
0882,2021,0.15
0882,2022,0.152
0883,2012,0.153
0883,2013,0.154
0883,2014,0.154
0883,2015,0.154
0883,2016,0.155
0883,2017,0.155
0883,2018,0.156
0883,2019,0.158
0883,2020,0.158
0883,2021,0.157
0883,2022,0.156
0884,2012,0.029
0884,2013,0.028
0884,2014,0.028
0884,2015,0.028
0884,2016,0.027
0884,2017,0.028
0884,2018,0.027
0884,2019,0.03
0884,2020,0.03
0884,2021,0.029
0884,2022,0.032
0885,2012,0.058
0885,2013,0.059
0885,2014,0.056
0885,2015,0.055
0885,2016,0.054
0885,2017,0.054
0885,2018,0.057
0885,2019,0.063
0885,2020,0.063
0885,2021,0.063
0885,2022,0.065
0980,2012,0.129
0980,2013,0.13
0980,2014,0.134
0980,2015,0.138
0980,2016,0.138
0980,2017,0.145
0980,2018,0.145
0980,2019,0.149
0980,2020,0.15
0980,2021,0.152
0980,2022,0.155
1060,2012,0.057
1060,2013,0.057
1060,2014,0.059
1060,2015,0.06
1060,2016,0.059
1060,2017,0.06
1060,2018,0.06
1060,2019,0.059
1060,2020,0.059
1060,2021,0.059
1060,2022,0.06
1080,2012,0.116
1080,2013,0.115
1080,2014,0.118
1080,2015,0.117
1080,2016,0.114
1080,2017,0.115
1080,2018,0.116
1080,2019,0.12
1080,2020,0.121
1080,2021,0.124
1080,2022,0.125
1081,2012,0.056
1081,2013,0.056
1081,2014,0.056
1081,2015,0.058
1081,2016,0.057
1081,2017,0.056
1081,2018,0.057
1081,2019,0.056
1081,2020,0.057
1081,2021,0.056
1081,2022,0.057
1082,2012,0.124
1082,2013,0.125
1082,2014,0.125
1082,2015,0.125
1082,2016,0.124
1082,2017,0.129
1082,2018,0.127
1082,2019,0.128
1082,2020,0.129
1082,2021,0.127
1082,2022,0.127
1083,2012,0.069
1083,2013,0.069
1083,2014,0.07
1083,2015,0.071
1083,2016,0.071
1083,2017,0.07
1083,2018,0.07
1083,2019,0.07
1083,2020,0.07
1083,2021,0.068
1083,2022,0.069
1214,2012,0.02
1214,2013,0.021
1214,2014,0.021
1214,2015,0.021
1214,2016,0.021
1214,2017,0.021
1214,2018,0.02
1214,2019,0.021
1214,2020,0.02
1214,2021,0.02
1214,2022,0.02
1230,2012,0.094
1230,2013,0.098
1230,2014,0.099
1230,2015,0.1
1230,2016,0.103
1230,2017,0.102
1230,2018,0.1
1230,2019,0.109
1230,2020,0.111
1230,2021,0.115
1230,2022,0.119
1231,2012,0.157
1231,2013,0.157
1231,2014,0.158
1231,2015,0.158
1231,2016,0.157
1231,2017,0.16
1231,2018,0.161
1231,2019,0.152
1231,2020,0.148
1231,2021,0.145
1231,2022,0.149
1233,2012,0.081
1233,2013,0.082
1233,2014,0.084
1233,2015,0.084
1233,2016,0.084
1233,2017,0.085
1233,2018,0.085
1233,2019,0.085
1233,2020,0.089
1233,2021,0.098
1233,2022,0.101
1256,2012,0.011
1256,2013,0.011
1256,2014,0.011
1256,2015,0.011
1256,2016,0.011
1256,2017,0.011
1256,2018,0.011
1256,2019,0.011
1256,2020,0.011
1256,2021,0.011
1256,2022,0.012
1257,2012,0.044
1257,2013,0.045
1257,2014,0.045
1257,2015,0.045
1257,2016,0.044
1257,2017,0.044
1257,2018,0.042
1257,2019,0.042
1257,2020,0.043
1257,2021,0.042
1257,2022,0.041
1260,2012,0.073
1260,2013,0.074
1260,2014,0.073
1260,2015,0.073
1260,2016,0.073
1260,2017,0.073
1260,2018,0.074
1260,2019,0.073
1260,2020,0.073
1260,2021,0.073
1260,2022,0.073
1261,2012,0.058
1261,2013,0.06
1261,2014,0.06
1261,2015,0.06
1261,2016,0.059
1261,2017,0.057
1261,2018,0.062
1261,2019,0.063
1261,2020,0.064
1261,2021,0.072
1261,2022,0.071
1262,2012,0.22
1262,2013,0.224
1262,2014,0.241
1262,2015,0.254
1262,2016,0.259
1262,2017,0.267
1262,2018,0.267
1262,2019,0.269
1262,2020,0.273
1262,2021,0.273
1262,2022,0.277
1263,2012,0.089
1263,2013,0.089
1263,2014,0.094
1263,2015,0.094
1263,2016,0.092
1263,2017,0.094
1263,2018,0.101
1263,2019,0.115
1263,2020,0.115
1263,2021,0.115
1263,2022,0.114
1264,2012,0.023
1264,2013,0.024
1264,2014,0.022
1264,2015,0.022
1264,2016,0.022
1264,2017,0.022
1264,2018,0.022
1264,2019,0.021
1264,2020,0.022
1264,2021,0.022
1264,2022,0.022
1265,2012,0.046
1265,2013,0.044
1265,2014,0.044
1265,2015,0.046
1265,2016,0.046
1265,2017,0.045
1265,2018,0.045
1265,2019,0.045
1265,2020,0.044
1265,2021,0.045
1265,2022,0.045
1266,2012,0.016
1266,2013,0.017
1266,2014,0.017
1266,2015,0.017
1266,2016,0.017
1266,2017,0.017
1266,2018,0.017
1266,2019,0.016
1266,2020,0.015
1266,2021,0.013
1266,2022,0.013
1267,2012,0.032
1267,2013,0.032
1267,2014,0.032
1267,2015,0.032
1267,2016,0.032
1267,2017,0.032
1267,2018,0.032
1267,2019,0.032
1267,2020,0.031
1267,2021,0.032
1267,2022,0.037
1270,2012,0.065
1270,2013,0.066
1270,2014,0.065
1270,2015,0.066
1270,2016,0.064
1270,2017,0.065
1270,2018,0.064
1270,2019,0.064
1270,2020,0.064
1270,2021,0.066
1270,2022,0.063
1272,2012,0.061
1272,2013,0.061
1272,2014,0.063
1272,2015,0.061
1272,2016,0.061
1272,2017,0.061
1272,2018,0.061
1272,2019,0.061
1272,2020,0.062
1272,2021,0.063
1272,2022,0.064
1273,2012,0.055
1273,2013,0.056
1273,2014,0.056
1273,2015,0.051
1273,2016,0.05
1273,2017,0.05
1273,2018,0.05
1273,2019,0.049
1273,2020,0.05
1273,2021,0.05
1273,2022,0.05
1275,2012,0.127
1275,2013,0.127
1275,2014,0.126
1275,2015,0.13
1275,2016,0.127
1275,2017,0.128
1275,2018,0.124
1275,2019,0.125
1275,2020,0.126
1275,2021,0.122
1275,2022,0.124
1276,2012,0.113
1276,2013,0.114
1276,2014,0.115
1276,2015,0.113
1276,2016,0.11
1276,2017,0.109
1276,2018,0.109
1276,2019,0.109
1276,2020,0.109
1276,2021,0.109
1276,2022,0.11
1277,2012,0.059
1277,2013,0.059
1277,2014,0.058
1277,2015,0.058
1277,2016,0.057
1277,2017,0.064
1277,2018,0.066
1277,2019,0.065
1277,2020,0.065
1277,2021,0.065
1277,2022,0.066
1278,2012,0.007
1278,2013,0.008
1278,2014,0.009
1278,2015,0.009
1278,2016,0.009
1278,2017,0.009
1278,2018,0.017
1278,2019,0.02
1278,2020,0.025
1278,2021,0.029
1278,2022,0.028
1280,2012,0.381
1280,2013,0.383
1280,2014,0.384
1280,2015,0.388
1280,2016,0.377
1280,2017,0.378
1280,2018,0.381
1280,2019,0.386
1280,2020,0.386
1280,2021,0.388
1280,2022,0.389
1281,2012,0.31
1281,2013,0.311
1281,2014,0.313
1281,2015,0.314
1281,2016,0.312
1281,2017,0.312
1281,2018,0.314
1281,2019,0.328
1281,2020,0.323
1281,2021,0.329
1281,2022,0.33
1282,2012,0.136
1282,2013,0.137
1282,2014,0.138
1282,2015,0.139
1282,2016,0.138
1282,2017,0.14
1282,2018,0.144
1282,2019,0.149
1282,2020,0.154
1282,2021,0.157
1282,2022,0.153
1283,2012,0.234
1283,2013,0.235
1283,2014,0.232
1283,2015,0.231
1283,2016,0.232
1283,2017,0.232
1283,2018,0.231
1283,2019,0.235
1283,2020,0.237
1283,2021,0.238
1283,2022,0.239
1284,2012,0.042
1284,2013,0.045
1284,2014,0.046
1284,2015,0.051
1284,2016,0.051
1284,2017,0.053
1284,2018,0.056
1284,2019,0.058
1284,2020,0.062
1284,2021,0.063
1284,2022,0.065
1285,2012,0.123
1285,2013,0.123
1285,2014,0.123
1285,2015,0.124
1285,2016,0.119
1285,2017,0.118
1285,2018,0.12
1285,2019,0.12
1285,2020,0.12
1285,2021,0.117
1285,2022,0.118
1286,2012,0.167
1286,2013,0.167
1286,2014,0.161
1286,2015,0.161
1286,2016,0.157
1286,2017,0.16
1286,2018,0.168
1286,2019,0.173
1286,2020,0.174
1286,2021,0.18
1286,2022,0.18
1287,2012,0.166
1287,2013,0.166
1287,2014,0.163
1287,2015,0.161
1287,2016,0.156
1287,2017,0.153
1287,2018,0.154
1287,2019,0.157
1287,2020,0.157
1287,2021,0.158
1287,2022,0.158
1290,2012,0.097
1290,2013,0.097
1290,2014,0.097
1290,2015,0.1
1290,2016,0.097
1290,2017,0.097
1290,2018,0.096
1290,2019,0.097
1290,2020,0.097
1290,2021,0.098
1290,2022,0.099
1291,2012,0.064
1291,2013,0.065
1291,2014,0.067
1291,2015,0.068
1291,2016,0.065
1291,2017,0.064
1291,2018,0.064
1291,2019,0.065
1291,2020,0.064
1291,2021,0.065
1291,2022,0.065
1292,2012,0.083
1292,2013,0.084
1292,2014,0.083
1292,2015,0.084
1292,2016,0.086
1292,2017,0.085
1292,2018,0.088
1292,2019,0.088
1292,2020,0.086
1292,2021,0.086
1292,2022,0.088
1293,2012,0.087
1293,2013,0.086
1293,2014,0.086
1293,2015,0.086
1293,2016,0.086
1293,2017,0.086
1293,2018,0.086
1293,2019,0.085
1293,2020,0.086
1293,2021,0.086
1293,2022,0.086
1315,2012,0.006
1315,2013,0.006
1315,2014,0.006
1315,2015,0.007
1315,2016,0.006
1315,2017,0.007
1315,2018,0.006
1315,2019,0.006
1315,2020,0.007
1315,2021,0.007
1315,2022,0.007
1380,2012,0.096
1380,2013,0.098
1380,2014,0.099
1380,2015,0.104
1380,2016,0.103
1380,2017,0.104
1380,2018,0.089
1380,2019,0.088
1380,2020,0.09
1380,2021,0.09
1380,2022,0.094
1381,2012,0.01
1381,2013,0.011
1381,2014,0.01
1381,2015,0.011
1381,2016,0.011
1381,2017,0.012
1381,2018,0.012
1381,2019,0.012
1381,2020,0.012
1381,2021,0.013
1381,2022,0.014
1382,2012,0.122
1382,2013,0.121
1382,2014,0.127
1382,2015,0.128
1382,2016,0.127
1382,2017,0.131
1382,2018,0.134
1382,2019,0.139
1382,2020,0.141
1382,2021,0.142
1382,2022,0.144
1383,2012,0.089
1383,2013,0.094
1383,2014,0.096
1383,2015,0.098
1383,2016,0.102
1383,2017,0.104
1383,2018,0.108
1383,2019,0.11
1383,2020,0.113
1383,2021,0.118
1383,2022,0.124
1384,2012,0.063
1384,2013,0.062
1384,2014,0.067
1384,2015,0.072
1384,2016,0.079
1384,2017,0.087
1384,2018,0.089
1384,2019,0.091
1384,2020,0.095
1384,2021,0.094
1384,2022,0.093
1401,2012,0.067
1401,2013,0.074
1401,2014,0.079
1401,2015,0.081
1401,2016,0.08
1401,2017,0.079
1401,2018,0.078
1401,2019,0.082
1401,2020,0.082
1401,2021,0.079
1401,2022,0.089
1402,2012,0.17
1402,2013,0.176
1402,2014,0.176
1402,2015,0.185
1402,2016,0.194
1402,2017,0.193
1402,2018,0.2
1402,2019,0.214
1402,2020,0.218
1402,2021,0.218
1402,2022,0.221
1407,2012,0.017
1407,2013,0.018
1407,2014,0.018
1407,2015,0.03
1407,2016,0.034
1407,2017,0.037
1407,2018,0.038
1407,2019,0.039
1407,2020,0.039
1407,2021,0.04
1407,2022,0.039
1415,2012,0.06
1415,2013,0.06
1415,2014,0.065
1415,2015,0.066
1415,2016,0.066
1415,2017,0.067
1415,2018,0.071
1415,2019,0.078
1415,2020,0.077
1415,2021,0.082
1415,2022,0.083
1419,2012,0.004
1419,2013,0.005
1419,2014,0.005
1419,2015,0.005
1419,2016,0.005
1419,2017,0.008
1419,2018,0.014
1419,2019,0.016
1419,2020,0.022
1419,2021,0.023
1419,2022,0.026
1421,2012,0.007
1421,2013,0.008
1421,2014,0.009
1421,2015,0.009
1421,2016,0.009
1421,2017,0.009
1421,2018,0.009
1421,2019,0.007
1421,2020,0.009
1421,2021,0.011
1421,2022,0.01
1427,2012,0.007
1427,2013,0.007
1427,2014,0.007
1427,2015,0.008
1427,2016,0.009
1427,2017,0.012
1427,2018,0.02
1427,2019,0.026
1427,2020,0.028
1427,2021,0.03
1427,2022,0.033
1430,2012,0.019
1430,2013,0.02
1430,2014,0.019
1430,2015,0.02
1430,2016,0.02
1430,2017,0.02
1430,2018,0.019
1430,2019,0.02
1430,2020,0.021
1430,2021,0.02
1430,2022,0.02
1435,2012,0.005
1435,2013,0.005
1435,2014,0.006
1435,2015,0.007
1435,2016,0.007
1435,2017,0.007
1435,2018,0.007
1435,2019,0.007
1435,2020,0.007
1435,2021,0.007
1435,2022,0.008
1438,2012,0.029
1438,2013,0.035
1438,2014,0.034
1438,2015,0.032
1438,2016,0.031
1438,2017,0.032
1438,2018,0.031
1438,2019,0.031
1438,2020,0.03
1438,2021,0.031
1438,2022,0.031
1440,2012,0.13
1440,2013,0.131
1440,2014,0.136
1440,2015,0.143
1440,2016,0.147
1440,2017,0.146
1440,2018,0.148
1440,2019,0.152
1440,2020,0.152
1440,2021,0.151
1440,2022,0.149
1441,2012,0.099
1441,2013,0.098
1441,2014,0.1
1441,2015,0.1
1441,2016,0.104
1441,2017,0.108
1441,2018,0.112
1441,2019,0.116
1441,2020,0.116
1441,2021,0.115
1441,2022,0.117
1442,2012,0.013
1442,2013,0.013
1442,2014,0.013
1442,2015,0.014
1442,2016,0.013
1442,2017,0.014
1442,2018,0.02
1442,2019,0.021
1442,2020,0.021
1442,2021,0.025
1442,2022,0.025
1443,2012,0.071
1443,2013,0.07
1443,2014,0.069
1443,2015,0.077
1443,2016,0.08
1443,2017,0.081
1443,2018,0.085
1443,2019,0.083
1443,2020,0.083
1443,2021,0.083
1443,2022,0.087
1444,2012,0.011
1444,2013,0.012
1444,2014,0.011
1444,2015,0.011
1444,2016,0.012
1444,2017,0.011
1444,2018,0.012
1444,2019,0.012
1444,2020,0.011
1444,2021,0.011
1444,2022,0.011
1446,2012,0.112
1446,2013,0.112
1446,2014,0.111
1446,2015,0.111
1446,2016,0.111
1446,2017,0.109
1446,2018,0.107
1446,2019,0.108
1446,2020,0.107
1446,2021,0.108
1446,2022,0.108
1447,2012,0.023
1447,2013,0.023
1447,2014,0.022
1447,2015,0.024
1447,2016,0.023
1447,2017,0.024
1447,2018,0.024
1447,2019,0.028
1447,2020,0.029
1447,2021,0.031
1447,2022,0.032
1452,2012,0.01
1452,2013,0.009
1452,2014,0.009
1452,2015,0.009
1452,2016,0.009
1452,2017,0.009
1452,2018,0.012
1452,2019,0.014
1452,2020,0.014
1452,2021,0.014
1452,2022,0.014
1460,2012,0.02
1460,2013,0.02
1460,2014,0.02
1460,2015,0.02
1460,2016,0.019
1460,2017,0.02
1460,2018,0.02
1460,2019,0.021
1460,2020,0.021
1460,2021,0.021
1460,2022,0.022
1461,2012,0.016
1461,2013,0.017
1461,2014,0.017
1461,2015,0.019
1461,2016,0.019
1461,2017,0.018
1461,2018,0.018
1461,2019,0.021
1461,2020,0.019
1461,2021,0.02
1461,2022,0.02
1462,2012,0.05
1462,2013,0.049
1462,2014,0.029
1462,2015,0.03
1462,2016,0.03
1462,2017,0.03
1462,2018,0.03
1462,2019,0.029
1462,2020,0.033
1462,2021,0.033
1462,2022,0.032
1463,2012,0.04
1463,2013,0.04
1463,2014,0.042
1463,2015,0.045
1463,2016,0.045
1463,2017,0.046
1463,2018,0.047
1463,2019,0.048
1463,2020,0.05
1463,2021,0.049
1463,2022,0.049
1465,2012,0.007
1465,2013,0.006
1465,2014,0.006
1465,2015,0.005
1465,2016,0.008
1465,2017,0.008
1465,2018,0.008
1465,2019,0.008
1465,2020,0.011
1465,2021,0.012
1465,2022,0.011
1466,2012,0.028
1466,2013,0.028
1466,2014,0.029
1466,2015,0.029
1466,2016,0.028
1466,2017,0.028
1466,2018,0.03
1466,2019,0.029
1466,2020,0.028
1466,2021,0.028
1466,2022,0.027
1470,2012,0.03
1470,2013,0.032
1470,2014,0.031
1470,2015,0.031
1470,2016,0.031
1470,2017,0.031
1470,2018,0.032
1470,2019,0.031
1470,2020,0.032
1470,2021,0.032
1470,2022,0.03
1471,2012,0.086
1471,2013,0.087
1471,2014,0.088
1471,2015,0.087
1471,2016,0.088
1471,2017,0.089
1471,2018,0.088
1471,2019,0.089
1471,2020,0.088
1471,2021,0.089
1471,2022,0.088
1472,2012,0.11
1472,2013,0.108
1472,2014,0.11
1472,2015,0.11
1472,2016,0.109
1472,2017,0.108
1472,2018,0.108
1472,2019,0.11
1472,2020,0.11
1472,2021,0.11
1472,2022,0.112
1473,2012,0.065
1473,2013,0.067
1473,2014,0.068
1473,2015,0.066
1473,2016,0.066
1473,2017,0.066
1473,2018,0.067
1473,2019,0.068
1473,2020,0.069
1473,2021,0.069
1473,2022,0.069
1480,2012,0.266
1480,2013,0.269
1480,2014,0.273
1480,2015,0.277
1480,2016,0.28
1480,2017,0.285
1480,2018,0.289
1480,2019,0.293
1480,2020,0.296
1480,2021,0.298
1480,2022,0.299
1481,2012,0.226
1481,2013,0.232
1481,2014,0.243
1481,2015,0.247
1481,2016,0.247
1481,2017,0.25
1481,2018,0.264
1481,2019,0.266
1481,2020,0.271
1481,2021,0.275
1481,2022,0.279
1482,2012,0.154
1482,2013,0.156
1482,2014,0.16
1482,2015,0.158
1482,2016,0.155
1482,2017,0.15
1482,2018,0.152
1482,2019,0.16
1482,2020,0.163
1482,2021,0.173
1482,2022,0.175
1484,2012,0.049
1484,2013,0.05
1484,2014,0.052
1484,2015,0.056
1484,2016,0.055
1484,2017,0.058
1484,2018,0.064
1484,2019,0.064
1484,2020,0.065
1484,2021,0.067
1484,2022,0.071
1485,2012,0.17
1485,2013,0.17
1485,2014,0.171
1485,2015,0.171
1485,2016,0.17
1485,2017,0.171
1485,2018,0.173
1485,2019,0.174
1485,2020,0.174
1485,2021,0.178
1485,2022,0.179
1486,2012,0.075
1486,2013,0.073
1486,2014,0.076
1486,2015,0.081
1486,2016,0.077
1486,2017,0.079
1486,2018,0.083
1486,2019,0.09
1486,2020,0.096
1486,2021,0.097
1486,2022,0.094
1487,2012,0.158
1487,2013,0.158
1487,2014,0.158
1487,2015,0.157
1487,2016,0.158
1487,2017,0.158
1487,2018,0.162
1487,2019,0.166
1487,2020,0.167
1487,2021,0.164
1487,2022,0.167
1488,2012,0.208
1488,2013,0.206
1488,2014,0.207
1488,2015,0.207
1488,2016,0.208
1488,2017,0.208
1488,2018,0.209
1488,2019,0.214
1488,2020,0.218
1488,2021,0.22
1488,2022,0.22
1489,2012,0.096
1489,2013,0.1
1489,2014,0.101
1489,2015,0.104
1489,2016,0.103
1489,2017,0.106
1489,2018,0.109
1489,2019,0.113
1489,2020,0.117
1489,2021,0.121
1489,2022,0.124
1490,2012,0.17
1490,2013,0.171
1490,2014,0.173
1490,2015,0.175
1490,2016,0.176
1490,2017,0.177
1490,2018,0.179
1490,2019,0.181
1490,2020,0.181
1490,2021,0.182
1490,2022,0.183
1491,2012,0.056
1491,2013,0.065
1491,2014,0.066
1491,2015,0.068
1491,2016,0.073
1491,2017,0.079
1491,2018,0.08
1491,2019,0.079
1491,2020,0.082
1491,2021,0.081
1491,2022,0.083
1492,2012,0.108
1492,2013,0.108
1492,2014,0.108
1492,2015,0.107
1492,2016,0.105
1492,2017,0.107
1492,2018,0.107
1492,2019,0.108
1492,2020,0.107
1492,2021,0.108
1492,2022,0.109
1493,2012,0.204
1493,2013,0.205
1493,2014,0.206
1493,2015,0.211
1493,2016,0.208
1493,2017,0.204
1493,2018,0.208
1493,2019,0.205
1493,2020,0.206
1493,2021,0.206
1493,2022,0.205
1494,2012,0.189
1494,2013,0.188
1494,2014,0.187
1494,2015,0.187
1494,2016,0.186
1494,2017,0.183
1494,2018,0.183
1494,2019,0.182
1494,2020,0.181
1494,2021,0.182
1494,2022,0.181
1495,2012,0.146
1495,2013,0.143
1495,2014,0.142
1495,2015,0.142
1495,2016,0.144
1495,2017,0.143
1495,2018,0.142
1495,2019,0.141
1495,2020,0.141
1495,2021,0.143
1495,2022,0.141
1496,2012,0.166
1496,2013,0.168
1496,2014,0.165
1496,2015,0.166
1496,2016,0.166
1496,2017,0.164
1496,2018,0.166
1496,2019,0.165
1496,2020,0.164
1496,2021,0.165
1496,2022,0.165
1497,2012,0.05
1497,2013,0.049
1497,2014,0.05
1497,2015,0.048
1497,2016,0.048
1497,2017,0.048
1497,2018,0.049
1497,2019,0.047
1497,2020,0.049
1497,2021,0.049
1497,2022,0.046
1498,2012,0.15
1498,2013,0.153
1498,2014,0.153
1498,2015,0.151
1498,2016,0.149
1498,2017,0.148
1498,2018,0.149
1498,2019,0.154
1498,2020,0.154
1498,2021,0.153
1498,2022,0.151
1499,2012,0.084
1499,2013,0.084
1499,2014,0.084
1499,2015,0.084
1499,2016,0.084
1499,2017,0.084
1499,2018,0.083
1499,2019,0.084
1499,2020,0.085
1499,2021,0.085
1499,2022,0.085
1715,2012,0.071
1715,2013,0.071
1715,2014,0.072
1715,2015,0.073
1715,2016,0.072
1715,2017,0.071
1715,2018,0.071
1715,2019,0.07
1715,2020,0.071
1715,2021,0.071
1715,2022,0.071
1730,2012,0.009
1730,2013,0.009
1730,2014,0.009
1730,2015,0.009
1730,2016,0.009
1730,2017,0.008
1730,2018,0.008
1730,2019,0.008
1730,2020,0.008
1730,2021,0.008
1730,2022,0.008
1737,2012,0.009
1737,2013,0.01
1737,2014,0.011
1737,2015,0.012
1737,2016,0.011
1737,2017,0.011
1737,2018,0.011
1737,2019,0.012
1737,2020,0.011
1737,2021,0.011
1737,2022,0.011
1760,2012,0.013
1760,2013,0.013
1760,2014,0.012
1760,2015,0.013
1760,2016,0.013
1760,2017,0.013
1760,2018,0.012
1760,2019,0.012
1760,2020,0.012
1760,2021,0.012
1760,2022,0.013
1761,2012,0.234
1761,2013,0.235
1761,2014,0.235
1761,2015,0.236
1761,2016,0.232
1761,2017,0.24
1761,2018,0.236
1761,2019,0.237
1761,2020,0.238
1761,2021,0.237
1761,2022,0.241
1762,2012,0.145
1762,2013,0.144
1762,2014,0.148
1762,2015,0.148
1762,2016,0.143
1762,2017,0.143
1762,2018,0.142
1762,2019,0.141
1762,2020,0.135
1762,2021,0.13
1762,2022,0.141
1763,2012,0.042
1763,2013,0.043
1763,2014,0.044
1763,2015,0.043
1763,2016,0.044
1763,2017,0.043
1763,2018,0.043
1763,2019,0.042
1763,2020,0.043
1763,2021,0.043
1763,2022,0.042
1764,2012,0.078
1764,2013,0.079
1764,2014,0.081
1764,2015,0.081
1764,2016,0.077
1764,2017,0.075
1764,2018,0.075
1764,2019,0.074
1764,2020,0.075
1764,2021,0.077
1764,2022,0.077
1765,2012,0.039
1765,2013,0.04
1765,2014,0.039
1765,2015,0.04
1765,2016,0.039
1765,2017,0.037
1765,2018,0.037
1765,2019,0.038
1765,2020,0.038
1765,2021,0.038
1765,2022,0.038
1766,2012,0.033
1766,2013,0.034
1766,2014,0.034
1766,2015,0.034
1766,2016,0.034
1766,2017,0.033
1766,2018,0.033
1766,2019,0.033
1766,2020,0.033
1766,2021,0.033
1766,2022,0.033
1780,2012,0.216
1780,2013,0.218
1780,2014,0.22
1780,2015,0.221
1780,2016,0.221
1780,2017,0.225
1780,2018,0.228
1780,2019,0.233
1780,2020,0.236
1780,2021,0.235
1780,2022,0.235
1781,2012,0.193
1781,2013,0.19
1781,2014,0.192
1781,2015,0.192
1781,2016,0.191
1781,2017,0.191
1781,2018,0.19
1781,2019,0.191
1781,2020,0.191
1781,2021,0.192
1781,2022,0.191
1782,2012,0.172
1782,2013,0.17
1782,2014,0.162
1782,2015,0.162
1782,2016,0.162
1782,2017,0.163
1782,2018,0.163
1782,2019,0.165
1782,2020,0.168
1782,2021,0.167
1782,2022,0.168
1783,2012,0.136
1783,2013,0.138
1783,2014,0.14
1783,2015,0.139
1783,2016,0.138
1783,2017,0.141
1783,2018,0.14
1783,2019,0.14
1783,2020,0.141
1783,2021,0.141
1783,2022,0.143
1784,2012,0.084
1784,2013,0.084
1784,2014,0.084
1784,2015,0.084
1784,2016,0.085
1784,2017,0.084
1784,2018,0.085
1784,2019,0.084
1784,2020,0.083
1784,2021,0.085
1784,2022,0.085
1785,2012,0.077
1785,2013,0.072
1785,2014,0.071
1785,2015,0.072
1785,2016,0.072
1785,2017,0.07
1785,2018,0.07
1785,2019,0.071
1785,2020,0.07
1785,2021,0.071
1785,2022,0.074
1814,2012,0.015
1814,2013,0.014
1814,2014,0.015
1814,2015,0.015
1814,2016,0.014
1814,2017,0.015
1814,2018,0.014
1814,2019,0.014
1814,2020,0.012
1814,2021,0.013
1814,2022,0.013
1860,2012,0.04
1860,2013,0.039
1860,2014,0.038
1860,2015,0.036
1860,2016,0.038
1860,2017,0.038
1860,2018,0.038
1860,2019,0.038
1860,2020,0.038
1860,2021,0.036
1860,2022,0.036
1861,2012,0.051
1861,2013,0.052
1861,2014,0.052
1861,2015,0.052
1861,2016,0.051
1861,2017,0.051
1861,2018,0.052
1861,2019,0.052
1861,2020,0.05
1861,2021,0.053
1861,2022,0.053
1862,2012,0.085
1862,2013,0.087
1862,2014,0.085
1862,2015,0.085
1862,2016,0.083
1862,2017,0.083
1862,2018,0.083
1862,2019,0.084
1862,2020,0.083
1862,2021,0.083
1862,2022,0.083
1863,2012,0.118
1863,2013,0.121
1863,2014,0.117
1863,2015,0.119
1863,2016,0.12
1863,2017,0.119
1863,2018,0.121
1863,2019,0.122
1863,2020,0.124
1863,2021,0.123
1863,2022,0.125
1864,2012,0.094
1864,2013,0.091
1864,2014,0.09
1864,2015,0.089
1864,2016,0.091
1864,2017,0.091
1864,2018,0.09
1864,2019,0.086
1864,2020,0.091
1864,2021,0.091
1864,2022,0.091
1880,2012,0.119
1880,2013,0.12
1880,2014,0.124
1880,2015,0.126
1880,2016,0.13
1880,2017,0.135
1880,2018,0.14
1880,2019,0.143
1880,2020,0.148
1880,2021,0.149
1880,2022,0.149
1881,2012,0.068
1881,2013,0.067
1881,2014,0.066
1881,2015,0.066
1881,2016,0.066
1881,2017,0.066
1881,2018,0.067
1881,2019,0.067
1881,2020,0.068
1881,2021,0.066
1881,2022,0.074
1882,2012,0.045
1882,2013,0.046
1882,2014,0.045
1882,2015,0.045
1882,2016,0.044
1882,2017,0.044
1882,2018,0.048
1882,2019,0.047
1882,2020,0.046
1882,2021,0.045
1882,2022,0.046
1883,2012,0.276
1883,2013,0.278
1883,2014,0.278
1883,2015,0.277
1883,2016,0.276
1883,2017,0.275
1883,2018,0.274
1883,2019,0.275
1883,2020,0.275
1883,2021,0.274
1883,2022,0.275
1884,2012,0.036
1884,2013,0.036
1884,2014,0.035
1884,2015,0.037
1884,2016,0.035
1884,2017,0.035
1884,2018,0.034
1884,2019,0.035
1884,2020,0.034
1884,2021,0.033
1884,2022,0.033
1885,2012,0.074
1885,2013,0.074
1885,2014,0.075
1885,2015,0.074
1885,2016,0.074
1885,2017,0.072
1885,2018,0.074
1885,2019,0.074
1885,2020,0.074
1885,2021,0.074
1885,2022,0.075
1904,2012,0.075
1904,2013,0.078
1904,2014,0.077
1904,2015,0.078
1904,2016,0.075
1904,2017,0.076
1904,2018,0.075
1904,2019,0.075
1904,2020,0.076
1904,2021,0.078
1904,2022,0.075
1907,2012,0.165
1907,2013,0.166
1907,2014,0.169
1907,2015,0.169
1907,2016,0.17
1907,2017,0.168
1907,2018,0.17
1907,2019,0.171
1907,2020,0.171
1907,2021,0.171
1907,2022,0.172
1960,2012,0.013
1960,2013,0.012
1960,2014,0.012
1960,2015,0.012
1960,2016,0.011
1960,2017,0.012
1960,2018,0.012
1960,2019,0.012
1960,2020,0.011
1960,2021,0.012
1960,2022,0.012
1961,2012,0.107
1961,2013,0.107
1961,2014,0.107
1961,2015,0.11
1961,2016,0.11
1961,2017,0.108
1961,2018,0.11
1961,2019,0.108
1961,2020,0.111
1961,2021,0.113
1961,2022,0.113
1962,2012,0.158
1962,2013,0.159
1962,2014,0.154
1962,2015,0.152
1962,2016,0.15
1962,2017,0.15
1962,2018,0.153
1962,2019,0.154
1962,2020,0.154
1962,2021,0.149
1962,2022,0.156
1980,2012,0.302
1980,2013,0.303
1980,2014,0.306
1980,2015,0.308
1980,2016,0.31
1980,2017,0.31
1980,2018,0.314
1980,2019,0.314
1980,2020,0.315
1980,2021,0.314
1980,2022,0.313
1981,2012,0.08
1981,2013,0.081
1981,2014,0.081
1981,2015,0.082
1981,2016,0.082
1981,2017,0.081
1981,2018,0.086
1981,2019,0.089
1981,2020,0.091
1981,2021,0.09
1981,2022,0.091
1982,2012,0.39
1982,2013,0.39
1982,2014,0.383
1982,2015,0.381
1982,2016,0.38
1982,2017,0.38
1982,2018,0.378
1982,2019,0.38
1982,2020,0.382
1982,2021,0.383
1982,2022,0.383
1983,2012,0.196
1983,2013,0.193
1983,2014,0.195
1983,2015,0.193
1983,2016,0.189
1983,2017,0.188
1983,2018,0.186
1983,2019,0.191
1983,2020,0.192
1983,2021,0.19
1983,2022,0.192
1984,2012,0.12
1984,2013,0.12
1984,2014,0.119
1984,2015,0.117
1984,2016,0.115
1984,2017,0.113
1984,2018,0.116
1984,2019,0.117
1984,2020,0.116
1984,2021,0.118
1984,2022,0.119
2021,2012,0.014
2021,2013,0.014
2021,2014,0.014
2021,2015,0.013
2021,2016,0.014
2021,2017,0.015
2021,2018,0.016
2021,2019,0.017
2021,2020,0.016
2021,2021,0.016
2021,2022,0.017
2023,2012,0.015
2023,2013,0.014
2023,2014,0.014
2023,2015,0.014
2023,2016,0.014
2023,2017,0.014
2023,2018,0.014
2023,2019,0.014
2023,2020,0.014
2023,2021,0.013
2023,2022,0.014
2026,2012,0.015
2026,2013,0.015
2026,2014,0.015
2026,2015,0.015
2026,2016,0.015
2026,2017,0.015
2026,2018,0.015
2026,2019,0.015
2026,2020,0.015
2026,2021,0.014
2026,2022,0.015
2029,2012,0.023
2029,2013,0.022
2029,2014,0.025
2029,2015,0.025
2029,2016,0.028
2029,2017,0.028
2029,2018,0.031
2029,2019,0.033
2029,2020,0.033
2029,2021,0.036
2029,2022,0.036
2031,2012,0.105
2031,2013,0.105
2031,2014,0.104
2031,2015,0.104
2031,2016,0.103
2031,2017,0.102
2031,2018,0.104
2031,2019,0.102
2031,2020,0.101
2031,2021,0.101
2031,2022,0.101
2034,2012,0.035
2034,2013,0.034
2034,2014,0.034
2034,2015,0.036
2034,2016,0.034
2034,2017,0.034
2034,2018,0.033
2034,2019,0.032
2034,2020,0.034
2034,2021,0.034
2034,2022,0.035
2039,2012,0.01
2039,2013,0.01
2039,2014,0.01
2039,2015,0.011
2039,2016,0.01
2039,2017,0.01
2039,2018,0.009
2039,2019,0.009
2039,2020,0.009
2039,2021,0.01
2039,2022,0.01
2061,2012,0.046
2061,2013,0.046
2061,2014,0.047
2061,2015,0.046
2061,2016,0.046
2061,2017,0.045
2061,2018,0.044
2061,2019,0.045
2061,2020,0.043
2061,2021,0.043
2061,2022,0.044
2062,2012,0.063
2062,2013,0.064
2062,2014,0.065
2062,2015,0.067
2062,2016,0.066
2062,2017,0.066
2062,2018,0.068
2062,2019,0.069
2062,2020,0.067
2062,2021,0.069
2062,2022,0.07
2080,2012,0.125
2080,2013,0.124
2080,2014,0.124
2080,2015,0.123
2080,2016,0.123
2080,2017,0.124
2080,2018,0.125
2080,2019,0.126
2080,2020,0.127
2080,2021,0.127
2080,2022,0.128
2081,2012,0.2
2081,2013,0.198
2081,2014,0.196
2081,2015,0.197
2081,2016,0.197
2081,2017,0.198
2081,2018,0.2
2081,2019,0.2
2081,2020,0.203
2081,2021,0.196
2081,2022,0.195
2082,2012,0.04
2082,2013,0.041
2082,2014,0.041
2082,2015,0.04
2082,2016,0.04
2082,2017,0.04
2082,2018,0.04
2082,2019,0.04
2082,2020,0.04
2082,2021,0.039
2082,2022,0.039
2083,2012,0.134
2083,2013,0.134
2083,2014,0.134
2083,2015,0.132
2083,2016,0.131
2083,2017,0.129
2083,2018,0.129
2083,2019,0.128
2083,2020,0.129
2083,2021,0.13
2083,2022,0.129
2084,2012,0.241
2084,2013,0.241
2084,2014,0.246
2084,2015,0.238
2084,2016,0.236
2084,2017,0.232
2084,2018,0.234
2084,2019,0.236
2084,2020,0.237
2084,2021,0.237
2084,2022,0.236
2085,2012,0.18
2085,2013,0.178
2085,2014,0.179
2085,2015,0.179
2085,2016,0.178
2085,2017,0.181
2085,2018,0.178
2085,2019,0.175
2085,2020,0.176
2085,2021,0.177
2085,2022,0.177
2104,2012,0.149
2104,2013,0.151
2104,2014,0.153
2104,2015,0.152
2104,2016,0.152
2104,2017,0.147
2104,2018,0.147
2104,2019,0.146
2104,2020,0.149
2104,2021,0.149
2104,2022,0.149
2121,2012,0.023
2121,2013,0.023
2121,2014,0.022
2121,2015,0.024
2121,2016,0.024
2121,2017,0.023
2121,2018,0.023
2121,2019,0.023
2121,2020,0.023
2121,2021,0.022
2121,2022,0.023
2161,2012,0.065
2161,2013,0.065
2161,2014,0.066
2161,2015,0.066
2161,2016,0.065
2161,2017,0.064
2161,2018,0.063
2161,2019,0.062
2161,2020,0.062
2161,2021,0.062
2161,2022,0.063
2180,2012,0.158
2180,2013,0.159
2180,2014,0.161
2180,2015,0.162
2180,2016,0.164
2180,2017,0.164
2180,2018,0.168
2180,2019,0.169
2180,2020,0.17
2180,2021,0.17
2180,2022,0.172
2181,2012,0.16
2181,2013,0.159
2181,2014,0.157
2181,2015,0.156
2181,2016,0.156
2181,2017,0.155
2181,2018,0.156
2181,2019,0.156
2181,2020,0.157
2181,2021,0.159
2181,2022,0.16
2182,2012,0.115
2182,2013,0.115
2182,2014,0.115
2182,2015,0.114
2182,2016,0.114
2182,2017,0.113
2182,2018,0.114
2182,2019,0.113
2182,2020,0.112
2182,2021,0.113
2182,2022,0.114
2183,2012,0.08
2183,2013,0.081
2183,2014,0.078
2183,2015,0.079
2183,2016,0.079
2183,2017,0.079
2183,2018,0.079
2183,2019,0.079
2183,2020,0.077
2183,2021,0.076
2183,2022,0.076
2184,2012,0.107
2184,2013,0.108
2184,2014,0.107
2184,2015,0.107
2184,2016,0.106
2184,2017,0.106
2184,2018,0.109
2184,2019,0.11
2184,2020,0.11
2184,2021,0.109
2184,2022,0.11
2260,2012,0.084
2260,2013,0.083
2260,2014,0.083
2260,2015,0.083
2260,2016,0.084
2260,2017,0.083
2260,2018,0.082
2260,2019,0.083
2260,2020,0.083
2260,2021,0.083
2260,2022,0.082
2262,2012,0.213
2262,2013,0.21
2262,2014,0.209
2262,2015,0.21
2262,2016,0.207
2262,2017,0.205
2262,2018,0.204
2262,2019,0.206
2262,2020,0.209
2262,2021,0.208
2262,2022,0.21
2280,2012,0.219
2280,2013,0.218
2280,2014,0.216
2280,2015,0.217
2280,2016,0.211
2280,2017,0.21
2280,2018,0.211
2280,2019,0.212
2280,2020,0.214
2280,2021,0.213
2280,2022,0.213
2281,2012,0.32
2281,2013,0.32
2281,2014,0.318
2281,2015,0.318
2281,2016,0.315
2281,2017,0.316
2281,2018,0.316
2281,2019,0.318
2281,2020,0.319
2281,2021,0.317
2281,2022,0.317
2282,2012,0.03
2282,2013,0.03
2282,2014,0.03
2282,2015,0.03
2282,2016,0.03
2282,2017,0.03
2282,2018,0.03
2282,2019,0.031
2282,2020,0.031
2282,2021,0.031
2282,2022,0.031
2283,2012,0.097
2283,2013,0.098
2283,2014,0.097
2283,2015,0.097
2283,2016,0.094
2283,2017,0.094
2283,2018,0.095
2283,2019,0.095
2283,2020,0.097
2283,2021,0.098
2283,2022,0.096
2284,2012,0.079
2284,2013,0.079
2284,2014,0.08
2284,2015,0.081
2284,2016,0.088
2284,2017,0.089
2284,2018,0.089
2284,2019,0.091
2284,2020,0.093
2284,2021,0.093
2284,2022,0.094
2305,2012,0.018
2305,2013,0.019
2305,2014,0.029
2305,2015,0.028
2305,2016,0.027
2305,2017,0.026
2305,2018,0.025
2305,2019,0.024
2305,2020,0.025
2305,2021,0.027
2305,2022,0.026
2309,2012,0.017
2309,2013,0.018
2309,2014,0.017
2309,2015,0.018
2309,2016,0.018
2309,2017,0.017
2309,2018,0.017
2309,2019,0.017
2309,2020,0.017
2309,2021,0.027
2309,2022,0.03
2313,2012,0.051
2313,2013,0.053
2313,2014,0.053
2313,2015,0.053
2313,2016,0.052
2313,2017,0.052
2313,2018,0.051
2313,2019,0.053
2313,2020,0.054
2313,2021,0.053
2313,2022,0.054
2321,2012,0.043
2321,2013,0.045
2321,2014,0.046
2321,2015,0.045
2321,2016,0.045
2321,2017,0.043
2321,2018,0.043
2321,2019,0.046
2321,2020,0.045
2321,2021,0.045
2321,2022,0.046
2361,2012,0.028
2361,2013,0.028
2361,2014,0.029
2361,2015,0.029
2361,2016,0.027
2361,2017,0.027
2361,2018,0.027
2361,2019,0.028
2361,2020,0.026
2361,2021,0.025
2361,2022,0.024
2380,2012,0.275
2380,2013,0.273
2380,2014,0.274
2380,2015,0.278
2380,2016,0.279
2380,2017,0.278
2380,2018,0.283
2380,2019,0.285
2380,2020,0.284
2380,2021,0.282
2380,2022,0.283
2404,2012,0.011
2404,2013,0.011
2404,2014,0.012
2404,2015,0.012
2404,2016,0.011
2404,2017,0.011
2404,2018,0.012
2404,2019,0.011
2404,2020,0.01
2404,2021,0.01
2404,2022,0.011
2409,2012,0.007
2409,2013,0.007
2409,2014,0.007
2409,2015,0.008
2409,2016,0.007
2409,2017,0.007
2409,2018,0.007
2409,2019,0.007
2409,2020,0.007
2409,2021,0.007
2409,2022,0.008
2417,2012,0.006
2417,2013,0.006
2417,2014,0.007
2417,2015,0.009
2417,2016,0.009
2417,2017,0.009
2417,2018,0.009
2417,2019,0.009
2417,2020,0.009
2417,2021,0.009
2417,2022,0.008
2418,2012,0.009
2418,2013,0.01
2418,2014,0.01
2418,2015,0.008
2418,2016,0.009
2418,2017,0.01
2418,2018,0.009
2418,2019,0.009
2418,2020,0.009
2418,2021,0.009
2418,2022,0.011
2421,2012,0.089
2421,2013,0.09
2421,2014,0.09
2421,2015,0.089
2421,2016,0.087
2421,2017,0.086
2421,2018,0.086
2421,2019,0.088
2421,2020,0.09
2421,2021,0.094
2421,2022,0.095
2422,2012,0.014
2422,2013,0.012
2422,2014,0.012
2422,2015,0.013
2422,2016,0.011
2422,2017,0.01
2422,2018,0.01
2422,2020,0.012
2422,2021,0.012
2422,2022,0.012
2460,2012,0.094
2460,2013,0.096
2460,2014,0.097
2460,2015,0.094
2460,2016,0.093
2460,2017,0.096
2460,2018,0.095
2460,2019,0.093
2460,2020,0.092
2460,2021,0.092
2460,2022,0.095
2462,2012,0.069
2462,2013,0.071
2462,2014,0.071
2462,2015,0.068
2462,2016,0.07
2462,2017,0.066
2462,2018,0.066
2462,2019,0.071
2462,2020,0.067
2462,2021,0.069
2462,2022,0.075
2463,2012,0.038
2463,2013,0.041
2463,2014,0.041
2463,2015,0.036
2463,2016,0.043
2463,2017,0.04
2463,2018,0.044
2463,2019,0.045
2463,2020,0.046
2463,2021,0.046
2463,2022,0.049
2480,2012,0.217
2480,2013,0.218
2480,2014,0.222
2480,2015,0.223
2480,2016,0.234
2480,2017,0.238
2480,2018,0.238
2480,2019,0.239
2480,2020,0.244
2480,2021,0.246
2480,2022,0.249
2481,2012,0.059
2481,2013,0.058
2481,2014,0.056
2481,2015,0.06
2481,2016,0.059
2481,2017,0.059
2481,2018,0.059
2481,2019,0.058
2481,2020,0.061
2481,2021,0.061
2481,2022,0.062
2482,2012,0.184
2482,2013,0.184
2482,2014,0.186
2482,2015,0.185
2482,2016,0.183
2482,2017,0.187
2482,2018,0.19
2482,2019,0.193
2482,2020,0.193
2482,2021,0.193
2482,2022,0.195
2505,2012,0.048
2505,2013,0.047
2505,2014,0.046
2505,2015,0.042
2505,2016,0.043
2505,2017,0.042
2505,2018,0.042
2505,2019,0.043
2505,2020,0.044
2505,2021,0.046
2505,2022,0.044
2506,2012,0.016
2506,2013,0.016
2506,2014,0.016
2506,2015,0.017
2506,2016,0.018
2506,2017,0.016
2506,2018,0.015
2506,2019,0.015
2506,2020,0.016
2506,2021,0.016
2506,2022,0.017
2510,2012,0.021
2510,2013,0.021
2510,2014,0.021
2510,2015,0.023
2510,2016,0.023
2510,2017,0.021
2510,2018,0.02
2510,2019,0.021
2510,2020,0.021
2510,2021,0.02
2510,2022,0.02
2514,2012,0.085
2514,2013,0.085
2514,2014,0.087
2514,2015,0.087
2514,2016,0.087
2514,2017,0.086
2514,2018,0.087
2514,2019,0.086
2514,2020,0.087
2514,2021,0.086
2514,2022,0.087
2518,2012,0.014
2518,2013,0.014
2518,2014,0.014
2518,2015,0.014
2518,2016,0.012
2518,2017,0.014
2518,2018,0.015
2518,2019,0.015
2518,2020,0.014
2518,2021,0.014
2518,2022,0.015
2523,2012,0.131
2523,2013,0.131
2523,2014,0.13
2523,2015,0.133
2523,2016,0.132
2523,2017,0.135
2523,2018,0.134
2523,2019,0.128
2523,2020,0.128
2523,2021,0.119
2523,2022,0.122
2560,2012,0.019
2560,2013,0.019
2560,2014,0.019
2560,2015,0.018
2560,2016,0.018
2560,2017,0.018
2560,2018,0.019
2560,2019,0.019
2560,2020,0.019
2560,2021,0.018
2560,2022,0.019
2580,2012,0.187
2580,2013,0.201
2580,2014,0.205
2580,2015,0.205
2580,2016,0.214
2580,2017,0.215
2580,2018,0.213
2580,2019,0.219
2580,2020,0.22
2580,2021,0.222
2580,2022,0.22
2581,2012,0.042
2581,2013,0.044
2581,2014,0.043
2581,2015,0.043
2581,2016,0.043
2581,2017,0.041
2581,2018,0.041
2581,2019,0.041
2581,2020,0.041
2581,2021,0.041
2581,2022,0.041
2582,2012,0.104
2582,2013,0.102
2582,2014,0.103
2582,2015,0.097
2582,2016,0.097
2582,2017,0.096
2582,2018,0.097
2582,2019,0.097
2582,2020,0.09
2582,2021,0.089
2582,2022,0.089
2583,2012,0.183
2583,2013,0.182
2583,2014,0.18
2583,2015,0.181
2583,2016,0.178
2583,2017,0.177
2583,2018,0.179
2583,2019,0.18
2583,2020,0.178
2583,2021,0.181
2583,2022,0.18
2584,2012,0.164
2584,2013,0.164
2584,2014,0.166
2584,2015,0.163
2584,2016,0.16
2584,2017,0.159
2584,2018,0.161
2584,2019,0.151
2584,2020,0.149
2584,2021,0.149
2584,2022,0.153
