kommun,year,mean_andelhushall_privhyres
0114,2012,0.062
0114,2013,0.062
0114,2014,0.063
0114,2015,0.067
0114,2016,0.057
0114,2017,0.09
0114,2018,0.088
0114,2019,0.09
0114,2020,0.088
0114,2021,0.088
0114,2022,0.097
0115,2012,0.016
0115,2013,0.016
0115,2014,0.018
0115,2015,0.015
0115,2016,0.015
0115,2017,0.015
0115,2018,0.02
0115,2019,0.037
0115,2020,0.037
0115,2021,0.041
0115,2022,0.049
0117,2012,0.053
0117,2013,0.053
0117,2014,0.051
0117,2015,0.052
0117,2016,0.051
0117,2017,0.049
0117,2018,0.043
0117,2019,0.043
0117,2020,0.056
0117,2021,0.063
0117,2022,0.062
0120,2012,0.002
0120,2013,0.002
0120,2014,0.002
0120,2015,0.003
0120,2016,0.01
0120,2017,0.016
0120,2018,0.02
0120,2019,0.02
0120,2020,0.022
0120,2021,0.023
0120,2022,0.024
0123,2012,0.033
0123,2013,0.034
0123,2014,0.041
0123,2015,0.049
0123,2016,0.059
0123,2017,0.059
0123,2018,0.059
0123,2019,0.062
0123,2020,0.07
0123,2021,0.079
0123,2022,0.103
0125,2012,0.011
0125,2013,0.011
0125,2014,0.012
0125,2015,0.012
0125,2016,0.012
0125,2017,0.014
0125,2018,0.012
0125,2019,0.012
0125,2020,0.012
0125,2021,0.012
0125,2022,0.012
0126,2012,0.11
0126,2013,0.11
0126,2014,0.109
0126,2015,0.1
0126,2016,0.103
0126,2017,0.104
0126,2018,0.1
0126,2019,0.097
0126,2020,0.096
0126,2021,0.096
0126,2022,0.097
0127,2012,0.04
0127,2013,0.041
0127,2014,0.043
0127,2015,0.086
0127,2016,0.085
0127,2017,0.073
0127,2018,0.088
0127,2019,0.089
0127,2020,0.101
0127,2021,0.105
0127,2022,0.105
0128,2012,0.163
0128,2013,0.164
0128,2014,0.164
0128,2015,0.162
0128,2016,0.164
0128,2017,0.165
0128,2018,0.162
0128,2019,0.161
0128,2020,0.165
0128,2021,0.174
0128,2022,0.176
0136,2012,0.191
0136,2013,0.186
0136,2014,0.186
0136,2015,0.19
0136,2016,0.191
0136,2017,0.194
0136,2018,0.196
0136,2019,0.195
0136,2020,0.197
0136,2021,0.205
0136,2022,0.216
0138,2012,0.045
0138,2013,0.045
0138,2014,0.044
0138,2015,0.044
0138,2016,0.052
0138,2017,0.051
0138,2018,0.058
0138,2019,0.063
0138,2020,0.069
0138,2021,0.075
0138,2022,0.075
0139,2012,0.06
0139,2013,0.062
0139,2014,0.068
0139,2015,0.073
0139,2016,0.079
0139,2017,0.08
0139,2018,0.095
0139,2019,0.088
0139,2020,0.11
0139,2021,0.13
0139,2022,0.157
0140,2012,0.047
0140,2013,0.052
0140,2014,0.05
0140,2015,0.077
0140,2016,0.065
0140,2017,0.068
0140,2018,0.066
0140,2019,0.068
0140,2020,0.069
0140,2021,0.067
0140,2022,0.099
0160,2012,0.047
0160,2013,0.047
0160,2014,0.047
0160,2015,0.032
0160,2016,0.032
0160,2017,0.033
0160,2018,0.036
0160,2019,0.041
0160,2020,0.047
0160,2021,0.055
0160,2022,0.059
0162,2012,0.113
0162,2013,0.112
0162,2014,0.109
0162,2015,0.107
0162,2016,0.064
0162,2017,0.065
0162,2018,0.078
0162,2019,0.077
0162,2020,0.079
0162,2021,0.078
0162,2022,0.079
0163,2012,0.021
0163,2013,0.023
0163,2014,0.023
0163,2015,0.026
0163,2016,0.029
0163,2017,0.027
0163,2018,0.027
0163,2019,0.087
0163,2020,0.085
0163,2021,0.089
0163,2022,0.098
0180,2012,0.236
0180,2013,0.233
0180,2014,0.231
0180,2015,0.228
0180,2016,0.233
0180,2017,0.231
0180,2018,0.229
0180,2019,0.226
0180,2020,0.225
0180,2021,0.225
0180,2022,0.225
0181,2012,0.217
0181,2013,0.227
0181,2014,0.236
0181,2015,0.234
0181,2016,0.241
0181,2017,0.241
0181,2018,0.246
0181,2019,0.249
0181,2020,0.268
0181,2021,0.269
0181,2022,0.271
0182,2012,0.179
0182,2013,0.163
0182,2014,0.15
0182,2015,0.158
0182,2016,0.143
0182,2017,0.14
0182,2018,0.14
0182,2019,0.137
0182,2020,0.136
0182,2021,0.133
0182,2022,0.136
0183,2012,0.152
0183,2013,0.16
0183,2014,0.142
0183,2015,0.14
0183,2016,0.142
0183,2017,0.139
0183,2018,0.141
0183,2019,0.143
0183,2020,0.148
0183,2021,0.159
0183,2022,0.158
0184,2012,0.216
0184,2013,0.209
0184,2014,0.207
0184,2015,0.213
0184,2016,0.204
0184,2017,0.197
0184,2018,0.195
0184,2019,0.193
0184,2020,0.196
0184,2021,0.195
0184,2022,0.194
0186,2012,0.226
0186,2013,0.221
0186,2014,0.221
0186,2015,0.225
0186,2016,0.226
0186,2017,0.248
0186,2018,0.254
0186,2019,0.256
0186,2020,0.253
0186,2021,0.252
0186,2022,0.26
0187,2012,0.103
0187,2013,0.103
0187,2014,0.104
0187,2015,0.1
0187,2016,0.105
0187,2017,0.098
0187,2018,0.105
0187,2019,0.098
0187,2020,0.099
0187,2021,0.099
0187,2022,0.098
0188,2012,0.071
0188,2013,0.074
0188,2014,0.077
0188,2015,0.075
0188,2016,0.072
0188,2017,0.07
0188,2018,0.069
0188,2019,0.07
0188,2020,0.072
0188,2021,0.075
0188,2022,0.084
0191,2012,0.074
0191,2013,0.077
0191,2014,0.077
0191,2015,0.078
0191,2016,0.068
0191,2017,0.072
0191,2018,0.077
0191,2019,0.076
0191,2020,0.084
0191,2021,0.146
0191,2022,0.156
0192,2012,0.095
0192,2013,0.095
0192,2014,0.114
0192,2015,0.099
0192,2016,0.125
0192,2017,0.123
0192,2018,0.133
0192,2019,0.131
0192,2020,0.133
0192,2021,0.155
0192,2022,0.164
0305,2012,0.038
0305,2013,0.038
0305,2014,0.039
0305,2015,0.038
0305,2016,0.043
0305,2017,0.039
0305,2018,0.04
0305,2019,0.044
0305,2020,0.047
0305,2021,0.046
0305,2022,0.056
0319,2012,0.033
0319,2013,0.037
0319,2014,0.039
0319,2015,0.041
0319,2016,0.041
0319,2017,0.04
0319,2018,0.038
0319,2019,0.04
0319,2020,0.043
0319,2021,0.042
0319,2022,0.045
0330,2012,0.036
0330,2013,0.037
0330,2014,0.047
0330,2015,0.046
0330,2016,0.045
0330,2017,0.049
0330,2018,0.041
0330,2019,0.042
0330,2020,0.062
0330,2021,0.085
0330,2022,0.093
0331,2012,0.035
0331,2013,0.037
0331,2014,0.039
0331,2015,0.042
0331,2016,0.042
0331,2017,0.04
0331,2018,0.047
0331,2019,0.049
0331,2020,0.05
0331,2021,0.053
0331,2022,0.057
0360,2012,0.08
0360,2013,0.08
0360,2014,0.081
0360,2015,0.08
0360,2016,0.08
0360,2017,0.081
0360,2018,0.083
0360,2019,0.08
0360,2020,0.081
0360,2021,0.084
0360,2022,0.084
0380,2012,0.107
0380,2013,0.108
0380,2014,0.107
0380,2015,0.102
0380,2016,0.104
0380,2017,0.112
0380,2018,0.114
0380,2019,0.118
0380,2020,0.12
0380,2021,0.126
0380,2022,0.135
0381,2012,0.112
0381,2013,0.108
0381,2014,0.109
0381,2015,0.106
0381,2016,0.103
0381,2017,0.102
0381,2018,0.103
0381,2019,0.111
0381,2020,0.118
0381,2021,0.12
0381,2022,0.131
0382,2012,0.029
0382,2013,0.03
0382,2014,0.03
0382,2015,0.033
0382,2016,0.033
0382,2017,0.033
0382,2018,0.033
0382,2019,0.033
0382,2020,0.034
0382,2021,0.035
0382,2022,0.035
0428,2012,0.182
0428,2013,0.188
0428,2014,0.19
0428,2015,0.201
0428,2016,0.203
0428,2017,0.205
0428,2018,0.206
0428,2019,0.208
0428,2020,0.212
0428,2021,0.208
0428,2022,0.202
0461,2012,0.094
0461,2013,0.093
0461,2014,0.095
0461,2015,0.096
0461,2016,0.092
0461,2017,0.09
0461,2018,0.08
0461,2019,0.08
0461,2020,0.079
0461,2021,0.077
0461,2022,0.076
0480,2012,0.148
0480,2013,0.15
0480,2014,0.16
0480,2015,0.164
0480,2016,0.159
0480,2017,0.159
0480,2018,0.16
0480,2019,0.16
0480,2020,0.164
0480,2021,0.17
0480,2022,0.177
0481,2012,0.055
0481,2013,0.054
0481,2014,0.056
0481,2015,0.057
0481,2016,0.063
0481,2017,0.065
0481,2018,0.065
0481,2019,0.062
0481,2020,0.065
0481,2021,0.07
0481,2022,0.066
0482,2012,0.113
0482,2013,0.119
0482,2014,0.118
0482,2015,0.131
0482,2016,0.137
0482,2017,0.134
0482,2018,0.137
0482,2019,0.136
0482,2020,0.138
0482,2021,0.137
0482,2022,0.133
0483,2012,0.311
0483,2013,0.325
0483,2014,0.33
0483,2015,0.329
0483,2016,0.325
0483,2017,0.327
0483,2018,0.323
0483,2019,0.323
0483,2020,0.321
0483,2021,0.323
0483,2022,0.321
0484,2012,0.298
0484,2013,0.3
0484,2014,0.3
0484,2015,0.301
0484,2016,0.326
0484,2017,0.3
0484,2018,0.301
0484,2019,0.297
0484,2020,0.306
0484,2021,0.303
0484,2022,0.302
0486,2012,0.23
0486,2013,0.231
0486,2014,0.226
0486,2015,0.223
0486,2016,0.221
0486,2017,0.218
0486,2018,0.216
0486,2019,0.219
0486,2020,0.223
0486,2021,0.221
0486,2022,0.223
0488,2012,0.131
0488,2013,0.131
0488,2014,0.132
0488,2015,0.131
0488,2016,0.122
0488,2017,0.117
0488,2018,0.123
0488,2019,0.114
0488,2020,0.122
0488,2021,0.121
0488,2022,0.124
0509,2012,0.077
0509,2013,0.076
0509,2014,0.077
0509,2015,0.077
0509,2016,0.077
0509,2017,0.075
0509,2018,0.073
0509,2019,0.075
0509,2020,0.075
0509,2021,0.078
0509,2022,0.072
0512,2012,0.012
0512,2013,0.012
0512,2014,0.013
0512,2015,0.011
0512,2016,0.013
0512,2017,0.012
0512,2018,0.011
0512,2019,0.013
0512,2020,0.012
0512,2021,0.011
0512,2022,0.009
0513,2012,0.052
0513,2013,0.052
0513,2014,0.059
0513,2015,0.06
0513,2016,0.058
0513,2017,0.06
0513,2018,0.062
0513,2019,0.062
0513,2020,0.062
0513,2021,0.062
0513,2022,0.063
0560,2012,0.015
0560,2013,0.016
0560,2014,0.017
0560,2015,0.016
0560,2016,0.014
0560,2017,0.014
0560,2018,0.014
0560,2019,0.015
0560,2020,0.014
0560,2021,0.015
0560,2022,0.015
0561,2012,0.226
0561,2013,0.228
0561,2014,0.234
0561,2015,0.239
0561,2016,0.238
0561,2017,0.239
0561,2018,0.239
0561,2019,0.237
0561,2020,0.236
0561,2021,0.239
0561,2022,0.243
0562,2012,0.129
0562,2013,0.129
0562,2014,0.13
0562,2015,0.133
0562,2016,0.135
0562,2017,0.137
0562,2018,0.132
0562,2019,0.134
0562,2020,0.131
0562,2021,0.133
0562,2022,0.136
0563,2012,0.232
0563,2013,0.237
0563,2014,0.245
0563,2015,0.249
0563,2016,0.246
0563,2017,0.25
0563,2018,0.253
0563,2019,0.251
0563,2020,0.242
0563,2021,0.239
0563,2022,0.244
0580,2012,0.231
0580,2013,0.235
0580,2014,0.235
0580,2015,0.234
0580,2016,0.235
0580,2017,0.242
0580,2018,0.239
0580,2019,0.238
0580,2020,0.24
0580,2021,0.254
0580,2022,0.253
0581,2012,0.292
0581,2013,0.299
0581,2014,0.301
0581,2015,0.301
0581,2016,0.304
0581,2017,0.305
0581,2018,0.305
0581,2019,0.307
0581,2020,0.308
0581,2021,0.308
0581,2022,0.31
0582,2012,0.173
0582,2013,0.171
0582,2014,0.172
0582,2015,0.177
0582,2016,0.176
0582,2017,0.174
0582,2018,0.172
0582,2019,0.173
0582,2020,0.174
0582,2021,0.174
0582,2022,0.178
0583,2012,0.118
0583,2013,0.124
0583,2014,0.123
0583,2015,0.127
0583,2016,0.127
0583,2017,0.126
0583,2018,0.124
0583,2019,0.125
0583,2020,0.127
0583,2021,0.128
0583,2022,0.13
0584,2012,0.123
0584,2013,0.121
0584,2014,0.123
0584,2015,0.128
0584,2016,0.127
0584,2017,0.13
0584,2018,0.13
0584,2019,0.126
0584,2020,0.128
0584,2021,0.128
0584,2022,0.128
0586,2012,0.12
0586,2013,0.119
0586,2014,0.117
0586,2015,0.118
0586,2016,0.114
0586,2017,0.114
0586,2018,0.118
0586,2019,0.113
0586,2020,0.116
0586,2021,0.118
0586,2022,0.116
0604,2012,0.055
0604,2013,0.056
0604,2014,0.054
0604,2015,0.053
0604,2016,0.055
0604,2017,0.059
0604,2018,0.058
0604,2019,0.056
0604,2020,0.057
0604,2021,0.059
0604,2022,0.057
0617,2012,0.115
0617,2013,0.116
0617,2014,0.124
0617,2015,0.125
0617,2016,0.127
0617,2017,0.129
0617,2018,0.129
0617,2019,0.13
0617,2020,0.129
0617,2021,0.127
0617,2022,0.118
0642,2012,0.054
0642,2013,0.053
0642,2014,0.054
0642,2015,0.053
0642,2016,0.053
0642,2017,0.052
0642,2018,0.054
0642,2019,0.055
0642,2020,0.062
0642,2021,0.069
0642,2022,0.071
0643,2012,0.023
0643,2013,0.027
0643,2014,0.022
0643,2015,0.023
0643,2016,0.024
0643,2017,0.024
0643,2018,0.031
0643,2019,0.024
0643,2020,0.025
0643,2021,0.026
0643,2022,0.025
0662,2012,0.065
0662,2013,0.063
0662,2014,0.065
0662,2015,0.068
0662,2016,0.09
0662,2017,0.09
0662,2018,0.091
0662,2019,0.093
0662,2020,0.093
0662,2021,0.092
0662,2022,0.092
0665,2012,0.083
0665,2013,0.08
0665,2014,0.078
0665,2015,0.079
0665,2016,0.079
0665,2017,0.081
0665,2018,0.082
0665,2019,0.086
0665,2020,0.086
0665,2021,0.085
0665,2022,0.083
0680,2012,0.199
0680,2013,0.2
0680,2014,0.201
0680,2015,0.204
0680,2016,0.203
0680,2017,0.2
0680,2018,0.203
0680,2019,0.203
0680,2020,0.204
0680,2021,0.206
0680,2022,0.209
0682,2012,0.185
0682,2013,0.186
0682,2014,0.189
0682,2015,0.194
0682,2016,0.197
0682,2017,0.2
0682,2018,0.199
0682,2019,0.199
0682,2020,0.198
0682,2021,0.202
0682,2022,0.203
0683,2012,0.126
0683,2013,0.13
0683,2014,0.131
0683,2015,0.135
0683,2016,0.137
0683,2017,0.143
0683,2018,0.144
0683,2019,0.144
0683,2020,0.146
0683,2021,0.143
0683,2022,0.144
0684,2012,0.128
0684,2013,0.135
0684,2014,0.141
0684,2015,0.168
0684,2016,0.168
0684,2017,0.166
0684,2018,0.166
0684,2019,0.166
0684,2020,0.169
0684,2021,0.171
0684,2022,0.171
0685,2012,0.19
0685,2013,0.196
0685,2014,0.197
0685,2015,0.198
0685,2016,0.203
0685,2017,0.204
0685,2018,0.207
0685,2019,0.207
0685,2020,0.207
0685,2021,0.205
0685,2022,0.211
0686,2012,0.156
0686,2013,0.162
0686,2014,0.19
0686,2015,0.192
0686,2016,0.193
0686,2017,0.208
0686,2018,0.202
0686,2019,0.202
0686,2020,0.204
0686,2021,0.208
0686,2022,0.206
0687,2012,0.319
0687,2013,0.318
0687,2014,0.321
0687,2015,0.325
0687,2016,0.325
0687,2017,0.326
0687,2018,0.327
0687,2019,0.325
0687,2020,0.323
0687,2021,0.319
0687,2022,0.321
0760,2012,0.073
0760,2013,0.075
0760,2014,0.076
0760,2015,0.077
0760,2016,0.075
0760,2017,0.076
0760,2018,0.077
0760,2019,0.08
0760,2020,0.08
0760,2021,0.077
0760,2022,0.078
0761,2012,0.048
0761,2013,0.048
0761,2014,0.051
0761,2015,0.05
0761,2016,0.052
0761,2017,0.053
0761,2018,0.057
0761,2019,0.057
0761,2020,0.058
0761,2021,0.058
0761,2022,0.064
0763,2012,0.055
0763,2013,0.055
0763,2014,0.055
0763,2015,0.056
0763,2016,0.056
0763,2017,0.054
0763,2018,0.055
0763,2019,0.056
0763,2020,0.056
0763,2021,0.059
0763,2022,0.057
0764,2012,0.074
0764,2013,0.074
0764,2014,0.075
0764,2015,0.078
0764,2016,0.08
0764,2017,0.083
0764,2018,0.087
0764,2019,0.089
0764,2020,0.089
0764,2021,0.089
0764,2022,0.089
0765,2012,0.067
0765,2013,0.068
0765,2014,0.071
0765,2015,0.072
0765,2016,0.078
0765,2017,0.085
0765,2018,0.102
0765,2019,0.107
0765,2020,0.108
0765,2021,0.11
0765,2022,0.112
0767,2012,0.202
0767,2013,0.205
0767,2014,0.213
0767,2015,0.228
0767,2016,0.229
0767,2017,0.236
0767,2018,0.241
0767,2019,0.246
0767,2020,0.244
0767,2021,0.245
0767,2022,0.245
0780,2012,0.14
0780,2013,0.141
0780,2014,0.143
0780,2015,0.146
0780,2016,0.171
0780,2017,0.171
0780,2018,0.169
0780,2019,0.171
0780,2020,0.174
0780,2021,0.178
0780,2022,0.211
0781,2012,0.185
0781,2013,0.186
0781,2014,0.192
0781,2015,0.195
0781,2016,0.194
0781,2017,0.195
0781,2018,0.196
0781,2019,0.197
0781,2020,0.196
0781,2021,0.198
0781,2022,0.198
0821,2012,0.057
0821,2013,0.059
0821,2014,0.061
0821,2015,0.068
0821,2016,0.068
0821,2017,0.065
0821,2018,0.069
0821,2019,0.066
0821,2020,0.056
0821,2021,0.054
0821,2022,0.054
0834,2012,0.029
0834,2013,0.03
0834,2014,0.028
0834,2015,0.03
0834,2016,0.03
0834,2017,0.033
0834,2018,0.032
0834,2019,0.032
0834,2020,0.03
0834,2021,0.031
0834,2022,0.034
0840,2012,0.02
0840,2013,0.02
0840,2014,0.019
0840,2015,0.02
0840,2016,0.019
0840,2017,0.019
0840,2018,0.019
0840,2019,0.021
0840,2020,0.022
0840,2021,0.031
0840,2022,0.031
0860,2012,0.089
0860,2013,0.088
0860,2014,0.093
0860,2015,0.1
0860,2016,0.103
0860,2017,0.105
0860,2018,0.105
0860,2019,0.106
0860,2020,0.109
0860,2021,0.108
0860,2022,0.108
0861,2012,0.044
0861,2013,0.045
0861,2014,0.043
0861,2015,0.046
0861,2016,0.049
0861,2017,0.046
0861,2018,0.046
0861,2019,0.044
0861,2020,0.043
0861,2021,0.045
0861,2022,0.045
0862,2012,0.025
0862,2013,0.036
0862,2014,0.038
0862,2015,0.039
0862,2016,0.04
0862,2017,0.04
0862,2018,0.041
0862,2019,0.04
0862,2020,0.042
0862,2021,0.044
0862,2022,0.043
0880,2012,0.222
0880,2013,0.223
0880,2014,0.223
0880,2015,0.221
0880,2016,0.221
0880,2017,0.223
0880,2018,0.227
0880,2019,0.234
0880,2020,0.236
0880,2021,0.237
0880,2022,0.24
0881,2012,0.116
0881,2013,0.119
0881,2014,0.119
0881,2015,0.119
0881,2016,0.119
0881,2017,0.122
0881,2018,0.123
0881,2019,0.123
0881,2020,0.123
0881,2021,0.12
0881,2022,0.121
0882,2012,0.115
0882,2013,0.115
0882,2014,0.115
0882,2015,0.118
0882,2016,0.125
0882,2017,0.131
0882,2018,0.133
0882,2019,0.133
0882,2020,0.133
0882,2021,0.133
0882,2022,0.131
0883,2012,0.135
0883,2013,0.135
0883,2014,0.138
0883,2015,0.141
0883,2016,0.141
0883,2017,0.142
0883,2018,0.142
0883,2019,0.141
0883,2020,0.139
0883,2021,0.14
0883,2022,0.142
0884,2012,0.14
0884,2013,0.14
0884,2014,0.144
0884,2015,0.147
0884,2016,0.148
0884,2017,0.147
0884,2018,0.148
0884,2019,0.147
0884,2020,0.146
0884,2021,0.147
0884,2022,0.15
0885,2012,0.096
0885,2013,0.1
0885,2014,0.1
0885,2015,0.105
0885,2016,0.106
0885,2017,0.107
0885,2018,0.108
0885,2019,0.109
0885,2020,0.11
0885,2021,0.115
0885,2022,0.114
0980,2012,0.048
0980,2013,0.048
0980,2014,0.048
0980,2015,0.048
0980,2016,0.047
0980,2017,0.042
0980,2018,0.077
0980,2019,0.077
0980,2020,0.077
0980,2021,0.076
0980,2022,0.077
1060,2012,0.052
1060,2013,0.055
1060,2014,0.055
1060,2015,0.055
1060,2016,0.057
1060,2017,0.055
1060,2018,0.059
1060,2019,0.06
1060,2020,0.054
1060,2021,0.055
1060,2022,0.054
1080,2012,0.21
1080,2013,0.212
1080,2014,0.213
1080,2015,0.216
1080,2016,0.214
1080,2017,0.214
1080,2018,0.221
1080,2019,0.22
1080,2020,0.221
1080,2021,0.22
1080,2022,0.223
1081,2012,0.085
1081,2013,0.088
1081,2014,0.099
1081,2015,0.099
1081,2016,0.101
1081,2017,0.103
1081,2018,0.146
1081,2019,0.143
1081,2020,0.14
1081,2021,0.138
1081,2022,0.144
1082,2012,0.135
1082,2013,0.139
1082,2014,0.145
1082,2015,0.142
1082,2016,0.141
1082,2017,0.142
1082,2018,0.142
1082,2019,0.142
1082,2020,0.144
1082,2021,0.147
1082,2022,0.148
1083,2012,0.061
1083,2013,0.065
1083,2014,0.065
1083,2015,0.069
1083,2016,0.069
1083,2017,0.069
1083,2018,0.069
1083,2019,0.07
1083,2020,0.071
1083,2021,0.071
1083,2022,0.07
1214,2012,0.025
1214,2013,0.025
1214,2014,0.026
1214,2015,0.03
1214,2016,0.029
1214,2017,0.032
1214,2018,0.034
1214,2019,0.037
1214,2020,0.045
1214,2021,0.044
1214,2022,0.045
1230,2012,0.13
1230,2013,0.128
1230,2014,0.181
1230,2015,0.181
1230,2016,0.179
1230,2017,0.175
1230,2018,0.174
1230,2019,0.171
1230,2020,0.171
1230,2021,0.176
1230,2022,0.175
1231,2012,0.051
1231,2013,0.052
1231,2014,0.046
1231,2015,0.049
1231,2016,0.049
1231,2017,0.048
1231,2018,0.051
1231,2019,0.089
1231,2020,0.108
1231,2021,0.119
1231,2022,0.122
1233,2012,0.013
1233,2013,0.012
1233,2014,0.013
1233,2015,0.013
1233,2016,0.018
1233,2017,0.019
1233,2018,0.018
1233,2019,0.019
1233,2020,0.019
1233,2021,0.02
1233,2022,0.023
1256,2012,0.041
1256,2013,0.039
1256,2014,0.041
1256,2015,0.043
1256,2016,0.045
1256,2017,0.044
1256,2018,0.045
1256,2019,0.046
1256,2020,0.047
1256,2021,0.048
1256,2022,0.053
1257,2012,0.137
1257,2013,0.171
1257,2014,0.171
1257,2015,0.173
1257,2016,0.172
1257,2017,0.173
1257,2018,0.179
1257,2019,0.181
1257,2020,0.184
1257,2021,0.187
1257,2022,0.19
1260,2012,0.027
1260,2013,0.029
1260,2014,0.029
1260,2015,0.029
1260,2016,0.03
1260,2017,0.032
1260,2018,0.033
1260,2019,0.044
1260,2020,0.094
1260,2021,0.097
1260,2022,0.104
1261,2012,0.04
1261,2013,0.04
1261,2014,0.04
1261,2015,0.04
1261,2016,0.039
1261,2017,0.039
1261,2018,0.042
1261,2019,0.042
1261,2020,0.075
1261,2021,0.072
1261,2022,0.071
1262,2012,0.04
1262,2013,0.04
1262,2014,0.039
1262,2015,0.041
1262,2016,0.04
1262,2017,0.041
1262,2018,0.051
1262,2019,0.053
1262,2020,0.052
1262,2021,0.052
1262,2022,0.052
1263,2012,0.026
1263,2013,0.027
1263,2014,0.028
1263,2015,0.03
1263,2016,0.031
1263,2017,0.031
1263,2018,0.033
1263,2019,0.034
1263,2020,0.035
1263,2021,0.06
1263,2022,0.059
1264,2012,0.086
1264,2013,0.089
1264,2014,0.09
1264,2015,0.092
1264,2016,0.095
1264,2017,0.095
1264,2018,0.095
1264,2019,0.097
1264,2020,0.104
1264,2021,0.139
1264,2022,0.145
1265,2012,0.08
1265,2013,0.083
1265,2014,0.083
1265,2015,0.083
1265,2016,0.085
1265,2017,0.088
1265,2018,0.09
1265,2019,0.095
1265,2020,0.094
1265,2021,0.095
1265,2022,0.094
1266,2012,0.146
1266,2013,0.148
1266,2014,0.149
1266,2015,0.151
1266,2016,0.149
1266,2017,0.148
1266,2018,0.146
1266,2019,0.155
1266,2020,0.156
1266,2021,0.154
1266,2022,0.153
1267,2012,0.097
1267,2013,0.1
1267,2014,0.104
1267,2015,0.102
1267,2016,0.101
1267,2017,0.101
1267,2018,0.1
1267,2019,0.102
1267,2020,0.104
1267,2021,0.107
1267,2022,0.11
1270,2012,0.093
1270,2013,0.096
1270,2014,0.096
1270,2015,0.1
1270,2016,0.099
1270,2017,0.1
1270,2018,0.101
1270,2019,0.098
1270,2020,0.099
1270,2021,0.099
1270,2022,0.101
1272,2012,0.074
1272,2013,0.073
1272,2014,0.075
1272,2015,0.073
1272,2016,0.073
1272,2017,0.076
1272,2018,0.08
1272,2019,0.08
1272,2020,0.08
1272,2021,0.077
1272,2022,0.078
1273,2012,0.117
1273,2013,0.118
1273,2014,0.121
1273,2015,0.13
1273,2016,0.135
1273,2017,0.139
1273,2018,0.141
1273,2019,0.142
1273,2020,0.141
1273,2021,0.138
1273,2022,0.138
1275,2012,0.183
1275,2013,0.187
1275,2014,0.19
1275,2015,0.191
1275,2016,0.195
1275,2017,0.192
1275,2018,0.195
1275,2019,0.195
1275,2020,0.196
1275,2021,0.188
1275,2022,0.185
1276,2012,0.085
1276,2013,0.086
1276,2014,0.09
1276,2015,0.091
1276,2016,0.094
1276,2017,0.097
1276,2018,0.097
1276,2019,0.099
1276,2020,0.098
1276,2021,0.097
1276,2022,0.097
1277,2012,0.21
1277,2013,0.213
1277,2014,0.222
1277,2015,0.224
1277,2016,0.222
1277,2017,0.22
1277,2018,0.222
1277,2019,0.22
1277,2020,0.222
1277,2021,0.223
1277,2022,0.22
1278,2012,0.052
1278,2013,0.049
1278,2014,0.056
1278,2015,0.057
1278,2016,0.055
1278,2017,0.059
1278,2018,0.063
1278,2019,0.068
1278,2020,0.071
1278,2021,0.075
1278,2022,0.08
1280,2012,0.267
1280,2013,0.267
1280,2014,0.268
1280,2015,0.267
1280,2016,0.278
1280,2017,0.28
1280,2018,0.292
1280,2019,0.29
1280,2020,0.292
1280,2021,0.293
1280,2022,0.295
1281,2012,0.126
1281,2013,0.126
1281,2014,0.127
1281,2015,0.127
1281,2016,0.13
1281,2017,0.133
1281,2018,0.133
1281,2019,0.123
1281,2020,0.126
1281,2021,0.129
1281,2022,0.133
1282,2012,0.284
1282,2013,0.286
1282,2014,0.285
1282,2015,0.287
1282,2016,0.305
1282,2017,0.36
1282,2018,0.358
1282,2019,0.356
1282,2020,0.364
1282,2021,0.363
1282,2022,0.35
1283,2012,0.21
1283,2013,0.224
1283,2014,0.231
1283,2015,0.232
1283,2016,0.232
1283,2017,0.246
1283,2018,0.254
1283,2019,0.259
1283,2020,0.263
1283,2021,0.267
1283,2022,0.267
1284,2012,0.079
1284,2013,0.079
1284,2014,0.081
1284,2015,0.084
1284,2016,0.085
1284,2017,0.087
1284,2018,0.087
1284,2019,0.102
1284,2020,0.102
1284,2021,0.112
1284,2022,0.122
1285,2012,0.122
1285,2013,0.123
1285,2014,0.124
1285,2015,0.128
1285,2016,0.165
1285,2017,0.169
1285,2018,0.17
1285,2019,0.174
1285,2020,0.176
1285,2021,0.183
1285,2022,0.185
1286,2012,0.185
1286,2013,0.187
1286,2014,0.191
1286,2015,0.195
1286,2016,0.191
1286,2017,0.19
1286,2018,0.191
1286,2019,0.19
1286,2020,0.191
1286,2021,0.196
1286,2022,0.202
1287,2012,0.156
1287,2013,0.156
1287,2014,0.162
1287,2015,0.167
1287,2016,0.167
1287,2017,0.167
1287,2018,0.168
1287,2019,0.169
1287,2020,0.204
1287,2021,0.208
1287,2022,0.209
1290,2012,0.087
1290,2013,0.088
1290,2014,0.092
1290,2015,0.093
1290,2016,0.095
1290,2017,0.098
1290,2018,0.101
1290,2019,0.104
1290,2020,0.104
1290,2021,0.107
1290,2022,0.112
1291,2012,0.107
1291,2013,0.106
1291,2014,0.111
1291,2015,0.119
1291,2016,0.121
1291,2017,0.122
1291,2018,0.12
1291,2019,0.119
1291,2020,0.119
1291,2021,0.123
1291,2022,0.125
1292,2012,0.165
1292,2013,0.164
1292,2014,0.171
1292,2015,0.178
1292,2016,0.175
1292,2017,0.177
1292,2018,0.169
1292,2019,0.171
1292,2020,0.169
1292,2021,0.168
1292,2022,0.17
1293,2012,0.191
1293,2013,0.193
1293,2014,0.192
1293,2015,0.197
1293,2016,0.196
1293,2017,0.196
1293,2018,0.198
1293,2019,0.199
1293,2020,0.199
1293,2021,0.203
1293,2022,0.204
1315,2012,0.086
1315,2013,0.084
1315,2014,0.088
1315,2015,0.094
1315,2016,0.099
1315,2017,0.099
1315,2018,0.095
1315,2019,0.096
1315,2020,0.09
1315,2021,0.096
1315,2022,0.096
1380,2012,0.182
1380,2013,0.182
1380,2014,0.185
1380,2015,0.181
1380,2016,0.187
1380,2017,0.188
1380,2018,0.182
1380,2019,0.192
1380,2020,0.201
1380,2021,0.2
1380,2022,0.202
1381,2012,0.05
1381,2013,0.051
1381,2014,0.054
1381,2015,0.056
1381,2016,0.057
1381,2017,0.061
1381,2018,0.062
1381,2019,0.068
1381,2020,0.067
1381,2021,0.073
1381,2022,0.077
1382,2012,0.072
1382,2013,0.074
1382,2014,0.078
1382,2015,0.079
1382,2016,0.08
1382,2017,0.078
1382,2018,0.083
1382,2019,0.084
1382,2020,0.086
1382,2021,0.096
1382,2022,0.097
1383,2012,0.133
1383,2013,0.129
1383,2014,0.13
1383,2015,0.129
1383,2016,0.13
1383,2017,0.13
1383,2018,0.132
1383,2019,0.13
1383,2020,0.13
1383,2021,0.135
1383,2022,0.137
1384,2012,0.107
1384,2013,0.11
1384,2014,0.106
1384,2015,0.105
1384,2016,0.102
1384,2017,0.101
1384,2018,0.101
1384,2019,0.101
1384,2020,0.101
1384,2021,0.102
1384,2022,0.108
1401,2012,0.02
1401,2013,0.022
1401,2014,0.03
1401,2015,0.031
1401,2016,0.031
1401,2017,0.031
1401,2018,0.038
1401,2019,0.036
1401,2020,0.044
1401,2021,0.058
1401,2022,0.069
1402,2012,0.096
1402,2013,0.096
1402,2014,0.096
1402,2015,0.094
1402,2016,0.096
1402,2017,0.098
1402,2018,0.093
1402,2019,0.091
1402,2020,0.092
1402,2021,0.091
1402,2022,0.092
1407,2012,0.033
1407,2013,0.032
1407,2014,0.045
1407,2015,0.037
1407,2016,0.037
1407,2017,0.036
1407,2018,0.037
1407,2019,0.037
1407,2020,0.038
1407,2021,0.037
1407,2022,0.038
1415,2012,0.056
1415,2013,0.058
1415,2014,0.058
1415,2015,0.059
1415,2016,0.058
1415,2017,0.062
1415,2018,0.061
1415,2019,0.059
1415,2020,0.06
1415,2021,0.068
1415,2022,0.072
1419,2012,0.02
1419,2013,0.021
1419,2014,0.021
1419,2015,0.02
1419,2016,0.02
1419,2017,0.022
1419,2018,0.021
1419,2019,0.024
1419,2020,0.025
1419,2021,0.025
1419,2022,0.024
1421,2012,0.026
1421,2013,0.025
1421,2014,0.026
1421,2015,0.025
1421,2016,0.027
1421,2017,0.026
1421,2018,0.025
1421,2019,0.024
1421,2020,0.024
1421,2021,0.024
1421,2022,0.025
1427,2012,0.049
1427,2013,0.052
1427,2014,0.052
1427,2015,0.056
1427,2016,0.051
1427,2017,0.054
1427,2018,0.056
1427,2019,0.052
1427,2020,0.051
1427,2021,0.054
1427,2022,0.056
1430,2012,0.088
1430,2013,0.09
1430,2014,0.091
1430,2015,0.091
1430,2016,0.095
1430,2017,0.095
1430,2018,0.099
1430,2019,0.105
1430,2020,0.106
1430,2021,0.108
1430,2022,0.11
1435,2012,0.069
1435,2013,0.068
1435,2014,0.069
1435,2015,0.07
1435,2016,0.07
1435,2017,0.068
1435,2018,0.069
1435,2019,0.068
1435,2020,0.07
1435,2021,0.071
1435,2022,0.071
1438,2012,0.058
1438,2013,0.057
1438,2014,0.061
1438,2015,0.065
1438,2016,0.066
1438,2017,0.065
1438,2018,0.063
1438,2019,0.07
1438,2020,0.069
1438,2021,0.069
1438,2022,0.067
1439,2012,0.035
1439,2013,0.036
1439,2014,0.04
1439,2015,0.037
1439,2016,0.038
1439,2017,0.038
1439,2018,0.039
1439,2019,0.041
1439,2020,0.041
1439,2021,0.041
1439,2022,0.043
1440,2012,0.04
1440,2013,0.041
1440,2014,0.044
1440,2015,0.045
1440,2016,0.043
1440,2017,0.043
1440,2018,0.047
1440,2019,0.048
1440,2020,0.049
1440,2021,0.05
1440,2022,0.049
1441,2012,0.03
1441,2013,0.03
1441,2014,0.029
1441,2015,0.029
1441,2016,0.032
1441,2017,0.034
1441,2018,0.033
1441,2019,0.035
1441,2020,0.04
1441,2021,0.04
1441,2022,0.04
1442,2012,0.067
1442,2013,0.068
1442,2014,0.067
1442,2015,0.068
1442,2016,0.067
1442,2017,0.079
1442,2018,0.078
1442,2019,0.078
1442,2020,0.078
1442,2021,0.079
1442,2022,0.081
1443,2012,0.068
1443,2013,0.073
1443,2014,0.072
1443,2015,0.076
1443,2016,0.085
1443,2017,0.083
1443,2018,0.086
1443,2019,0.084
1443,2020,0.085
1443,2021,0.086
1443,2022,0.087
1444,2012,0.132
1444,2013,0.131
1444,2014,0.135
1444,2015,0.139
1444,2016,0.146
1444,2017,0.147
1444,2018,0.154
1444,2019,0.156
1444,2020,0.155
1444,2021,0.159
1444,2022,0.158
1445,2012,0.047
1445,2013,0.045
1445,2014,0.044
1445,2015,0.046
1445,2016,0.05
1445,2017,0.051
1445,2018,0.052
1445,2019,0.053
1445,2020,0.057
1445,2021,0.059
1445,2022,0.057
1446,2012,0.081
1446,2013,0.081
1446,2014,0.086
1446,2015,0.093
1446,2016,0.093
1446,2017,0.093
1446,2018,0.092
1446,2019,0.091
1446,2020,0.087
1446,2021,0.089
1446,2022,0.089
1447,2012,0.074
1447,2013,0.076
1447,2014,0.077
1447,2015,0.077
1447,2016,0.073
1447,2017,0.072
1447,2018,0.076
1447,2019,0.074
1447,2020,0.07
1447,2021,0.073
1447,2022,0.074
1452,2012,0.059
1452,2013,0.06
1452,2014,0.06
1452,2015,0.062
1452,2016,0.064
1452,2017,0.064
1452,2018,0.063
1452,2019,0.065
1452,2020,0.067
1452,2021,0.069
1452,2022,0.073
1460,2012,0.098
1460,2013,0.099
1460,2014,0.098
1460,2015,0.1
1460,2016,0.103
1460,2017,0.103
1460,2018,0.104
1460,2019,0.105
1460,2020,0.105
1460,2021,0.103
1460,2022,0.099
1461,2012,0.059
1461,2013,0.056
1461,2014,0.059
1461,2015,0.057
1461,2016,0.056
1461,2017,0.053
1461,2018,0.053
1461,2019,0.06
1461,2020,0.061
1461,2021,0.061
1461,2022,0.06
1462,2012,0.152
1462,2013,0.157
1462,2014,0.155
1462,2015,0.155
1462,2016,0.153
1462,2017,0.152
1462,2018,0.148
1462,2019,0.147
1462,2020,0.144
1462,2021,0.147
1462,2022,0.146
1463,2012,0.043
1463,2013,0.043
1463,2014,0.042
1463,2015,0.041
1463,2016,0.043
1463,2017,0.043
1463,2018,0.044
1463,2019,0.043
1463,2020,0.044
1463,2021,0.045
1463,2022,0.046
1465,2012,0.077
1465,2013,0.077
1465,2014,0.079
1465,2015,0.083
1465,2016,0.084
1465,2017,0.082
1465,2018,0.084
1465,2019,0.086
1465,2020,0.09
1465,2021,0.091
1465,2022,0.09
1466,2012,0.068
1466,2013,0.07
1466,2014,0.078
1466,2015,0.085
1466,2016,0.086
1466,2017,0.084
1466,2018,0.083
1466,2019,0.084
1466,2020,0.084
1466,2021,0.091
1466,2022,0.089
1470,2012,0.113
1470,2013,0.118
1470,2014,0.122
1470,2015,0.125
1470,2016,0.122
1470,2017,0.122
1470,2018,0.125
1470,2019,0.123
1470,2020,0.139
1470,2021,0.14
1470,2022,0.143
1471,2012,0.055
1471,2013,0.056
1471,2014,0.057
1471,2015,0.06
1471,2016,0.059
1471,2017,0.059
1471,2018,0.058
1471,2019,0.057
1471,2020,0.058
1471,2021,0.058
1471,2022,0.06
1472,2012,0.17
1472,2013,0.17
1472,2014,0.122
1472,2015,0.123
1472,2016,0.121
1472,2017,0.123
1472,2018,0.121
1472,2019,0.125
1472,2020,0.123
1472,2021,0.125
1472,2022,0.124
1473,2012,0.148
1473,2013,0.147
1473,2014,0.152
1473,2015,0.156
1473,2016,0.155
1473,2017,0.152
1473,2018,0.156
1473,2019,0.156
1473,2020,0.151
1473,2021,0.147
1473,2022,0.151
1480,2012,0.221
1480,2013,0.22
1480,2014,0.221
1480,2015,0.221
1480,2016,0.22
1480,2017,0.218
1480,2018,0.218
1480,2019,0.217
1480,2020,0.217
1480,2021,0.22
1480,2022,0.224
1481,2012,0.133
1481,2013,0.132
1481,2014,0.127
1481,2015,0.128
1481,2016,0.134
1481,2017,0.144
1481,2018,0.145
1481,2019,0.148
1481,2020,0.146
1481,2021,0.145
1481,2022,0.145
1482,2012,0.022
1482,2013,0.02
1482,2014,0.022
1482,2015,0.025
1482,2016,0.026
1482,2017,0.026
1482,2018,0.032
1482,2019,0.035
1482,2020,0.042
1482,2021,0.045
1482,2022,0.051
1484,2012,0.168
1484,2013,0.173
1484,2014,0.175
1484,2015,0.178
1484,2016,0.189
1484,2017,0.195
1484,2018,0.19
1484,2019,0.19
1484,2020,0.19
1484,2021,0.19
1484,2022,0.188
1485,2012,0.157
1485,2013,0.158
1485,2014,0.159
1485,2015,0.163
1485,2016,0.166
1485,2017,0.163
1485,2018,0.165
1485,2019,0.163
1485,2020,0.163
1485,2021,0.162
1485,2022,0.163
1486,2012,0.065
1486,2013,0.064
1486,2014,0.068
1486,2015,0.064
1486,2016,0.063
1486,2017,0.063
1486,2018,0.061
1486,2019,0.06
1486,2020,0.068
1486,2021,0.066
1486,2022,0.068
1487,2012,0.147
1487,2013,0.15
1487,2014,0.153
1487,2015,0.155
1487,2016,0.152
1487,2017,0.151
1487,2018,0.15
1487,2019,0.149
1487,2020,0.149
1487,2021,0.151
1487,2022,0.153
1488,2012,0.187
1488,2013,0.186
1488,2014,0.188
1488,2015,0.189
1488,2016,0.187
1488,2017,0.187
1488,2018,0.183
1488,2019,0.179
1488,2020,0.181
1488,2021,0.178
1488,2022,0.179
1489,2012,0.162
1489,2013,0.163
1489,2014,0.164
1489,2015,0.164
1489,2016,0.164
1489,2017,0.162
1489,2018,0.161
1489,2019,0.161
1489,2020,0.158
1489,2021,0.159
1489,2022,0.16
1490,2012,0.238
1490,2013,0.239
1490,2014,0.24
1490,2015,0.26
1490,2016,0.257
1490,2017,0.258
1490,2018,0.258
1490,2019,0.258
1490,2020,0.258
1490,2021,0.258
1490,2022,0.259
1491,2012,0.14
1491,2013,0.139
1491,2014,0.14
1491,2015,0.139
1491,2016,0.144
1491,2017,0.155
1491,2018,0.158
1491,2019,0.162
1491,2020,0.161
1491,2021,0.162
1491,2022,0.165
1492,2012,0.117
1492,2013,0.118
1492,2014,0.119
1492,2015,0.119
1492,2016,0.123
1492,2017,0.123
1492,2018,0.124
1492,2019,0.123
1492,2020,0.121
1492,2021,0.117
1492,2022,0.117
1493,2012,0.082
1493,2013,0.083
1493,2014,0.084
1493,2015,0.084
1493,2016,0.083
1493,2017,0.086
1493,2018,0.082
1493,2019,0.092
1493,2020,0.092
1493,2021,0.091
1493,2022,0.091
1494,2012,0.128
1494,2013,0.129
1494,2014,0.135
1494,2015,0.137
1494,2016,0.135
1494,2017,0.134
1494,2018,0.132
1494,2019,0.134
1494,2020,0.14
1494,2021,0.139
1494,2022,0.142
1495,2012,0.232
1495,2013,0.238
1495,2014,0.24
1495,2015,0.236
1495,2016,0.236
1495,2017,0.236
1495,2018,0.235
1495,2019,0.234
1495,2020,0.233
1495,2021,0.235
1495,2022,0.235
1496,2012,0.191
1496,2013,0.189
1496,2014,0.191
1496,2015,0.192
1496,2016,0.192
1496,2017,0.195
1496,2018,0.189
1496,2019,0.191
1496,2020,0.189
1496,2021,0.191
1496,2022,0.194
1497,2012,0.25
1497,2013,0.25
1497,2014,0.254
1497,2015,0.252
1497,2016,0.25
1497,2017,0.251
1497,2018,0.26
1497,2019,0.259
1497,2020,0.258
1497,2021,0.255
1497,2022,0.26
1498,2012,0.138
1498,2013,0.14
1498,2014,0.141
1498,2015,0.143
1498,2016,0.141
1498,2017,0.143
1498,2018,0.14
1498,2019,0.14
1498,2020,0.138
1498,2021,0.14
1498,2022,0.147
1499,2012,0.208
1499,2013,0.208
1499,2014,0.213
1499,2015,0.211
1499,2016,0.213
1499,2017,0.213
1499,2018,0.215
1499,2019,0.215
1499,2020,0.213
1499,2021,0.213
1499,2022,0.211
1715,2012,0.073
1715,2013,0.077
1715,2014,0.077
1715,2015,0.078
1715,2016,0.076
1715,2017,0.076
1715,2018,0.074
1715,2019,0.077
1715,2020,0.075
1715,2021,0.076
1715,2022,0.075
1730,2012,0.033
1730,2013,0.036
1730,2014,0.038
1730,2015,0.039
1730,2016,0.04
1730,2017,0.039
1730,2018,0.037
1730,2019,0.038
1730,2020,0.036
1730,2021,0.038
1730,2022,0.039
1737,2012,0.04
1737,2013,0.039
1737,2014,0.043
1737,2015,0.045
1737,2016,0.047
1737,2017,0.045
1737,2018,0.045
1737,2019,0.047
1737,2020,0.048
1737,2021,0.049
1737,2022,0.05
1760,2012,0.013
1760,2013,0.014
1760,2014,0.015
1760,2015,0.014
1760,2016,0.015
1760,2017,0.015
1760,2018,0.015
1760,2019,0.015
1760,2020,0.015
1760,2021,0.013
1760,2022,0.015
1761,2012,0.032
1761,2013,0.032
1761,2014,0.031
1761,2015,0.032
1761,2016,0.03
1761,2017,0.031
1761,2018,0.029
1761,2019,0.029
1761,2020,0.03
1761,2021,0.031
1761,2022,0.03
1762,2012,0.037
1762,2013,0.037
1762,2014,0.035
1762,2015,0.036
1762,2016,0.037
1762,2017,0.035
1762,2018,0.038
1762,2019,0.057
1762,2020,0.058
1762,2021,0.059
1762,2022,0.058
1763,2012,0.069
1763,2013,0.069
1763,2014,0.068
1763,2015,0.07
1763,2016,0.067
1763,2017,0.068
1763,2018,0.068
1763,2019,0.067
1763,2020,0.069
1763,2021,0.068
1763,2022,0.065
1764,2012,0.089
1764,2013,0.09
1764,2014,0.093
1764,2015,0.094
1764,2016,0.099
1764,2017,0.097
1764,2018,0.095
1764,2019,0.113
1764,2020,0.112
1764,2021,0.111
1764,2022,0.112
1765,2012,0.02
1765,2013,0.02
1765,2014,0.021
1765,2015,0.02
1765,2016,0.023
1765,2017,0.025
1765,2018,0.025
1765,2019,0.025
1765,2020,0.025
1765,2021,0.026
1765,2022,0.027
1766,2012,0.083
1766,2013,0.083
1766,2014,0.082
1766,2015,0.084
1766,2016,0.085
1766,2017,0.085
1766,2018,0.086
1766,2019,0.088
1766,2020,0.089
1766,2021,0.085
1766,2022,0.087
1780,2012,0.185
1780,2013,0.185
1780,2014,0.186
1780,2015,0.189
1780,2016,0.187
1780,2017,0.186
1780,2018,0.195
1780,2019,0.201
1780,2020,0.204
1780,2021,0.208
1780,2022,0.212
1781,2012,0.158
1781,2013,0.165
1781,2014,0.17
1781,2015,0.173
1781,2016,0.175
1781,2017,0.175
1781,2018,0.172
1781,2019,0.171
1781,2020,0.17
1781,2021,0.169
1781,2022,0.166
1782,2012,0.085
1782,2013,0.086
1782,2014,0.093
1782,2015,0.091
1782,2016,0.091
1782,2017,0.093
1782,2018,0.092
1782,2019,0.091
1782,2020,0.09
1782,2021,0.09
1782,2022,0.092
1783,2012,0.028
1783,2013,0.029
1783,2014,0.028
1783,2015,0.035
1783,2016,0.037
1783,2017,0.046
1783,2018,0.046
1783,2019,0.049
1783,2020,0.05
1783,2021,0.051
1783,2022,0.051
1784,2012,0.107
1784,2013,0.108
1784,2014,0.111
1784,2015,0.111
1784,2016,0.111
1784,2017,0.111
1784,2018,0.114
1784,2019,0.116
1784,2020,0.117
1784,2021,0.117
1784,2022,0.118
1785,2012,0.09
1785,2013,0.092
1785,2014,0.094
1785,2015,0.099
1785,2016,0.1
1785,2017,0.101
1785,2018,0.104
1785,2019,0.102
1785,2020,0.102
1785,2021,0.103
1785,2022,0.104
1814,2012,0.041
1814,2013,0.04
1814,2014,0.044
1814,2015,0.042
1814,2016,0.039
1814,2017,0.039
1814,2018,0.038
1814,2019,0.038
1814,2020,0.039
1814,2021,0.038
1814,2022,0.037
1860,2012,0.054
1860,2013,0.053
1860,2014,0.059
1860,2015,0.05
1860,2016,0.053
1860,2017,0.052
1860,2018,0.052
1860,2019,0.055
1860,2020,0.052
1860,2021,0.053
1860,2022,0.061
1861,2012,0.068
1861,2013,0.069
1861,2014,0.072
1861,2015,0.072
1861,2016,0.072
1861,2017,0.113
1861,2018,0.115
1861,2019,0.114
1861,2020,0.111
1861,2021,0.111
1861,2022,0.173
1862,2012,0.089
1862,2013,0.092
1862,2014,0.094
1862,2015,0.099
1862,2016,0.1
1862,2017,0.099
1862,2018,0.1
1862,2019,0.098
1862,2020,0.101
1862,2021,0.098
1862,2022,0.094
1863,2012,0.056
1863,2013,0.054
1863,2014,0.056
1863,2015,0.06
1863,2016,0.064
1863,2017,0.065
1863,2018,0.06
1863,2019,0.059
1863,2020,0.059
1863,2021,0.06
1863,2022,0.061
1864,2012,0.079
1864,2013,0.087
1864,2014,0.084
1864,2015,0.098
1864,2016,0.096
1864,2017,0.093
1864,2018,0.087
1864,2019,0.086
1864,2020,0.083
1864,2021,0.085
1864,2022,0.084
1880,2012,0.209
1880,2013,0.208
1880,2014,0.206
1880,2015,0.207
1880,2016,0.208
1880,2017,0.211
1880,2018,0.217
1880,2019,0.22
1880,2020,0.22
1880,2021,0.223
1880,2022,0.234
1881,2012,0.138
1881,2013,0.138
1881,2014,0.136
1881,2015,0.132
1881,2016,0.128
1881,2017,0.128
1881,2018,0.13
1881,2019,0.142
1881,2020,0.143
1881,2021,0.153
1881,2022,0.155
1882,2012,0.075
1882,2013,0.075
1882,2014,0.079
1882,2015,0.079
1882,2016,0.082
1882,2017,0.081
1882,2018,0.08
1882,2019,0.081
1882,2020,0.08
1882,2021,0.081
1882,2022,0.081
1883,2012,0.062
1883,2013,0.062
1883,2014,0.063
1883,2015,0.064
1883,2016,0.064
1883,2017,0.065
1883,2018,0.065
1883,2019,0.064
1883,2020,0.064
1883,2021,0.064
1883,2022,0.065
1884,2012,0.161
1884,2013,0.157
1884,2014,0.152
1884,2015,0.161
1884,2016,0.16
1884,2017,0.161
1884,2018,0.162
1884,2019,0.16
1884,2020,0.162
1884,2021,0.165
1884,2022,0.165
1885,2012,0.132
1885,2013,0.135
1885,2014,0.133
1885,2015,0.137
1885,2016,0.135
1885,2017,0.135
1885,2018,0.16
1885,2019,0.166
1885,2020,0.167
1885,2021,0.168
1885,2022,0.169
1904,2012,0.111
1904,2013,0.111
1904,2014,0.113
1904,2015,0.113
1904,2016,0.111
1904,2017,0.106
1904,2018,0.104
1904,2019,0.1
1904,2020,0.099
1904,2021,0.103
1904,2022,0.107
1907,2012,0.082
1907,2013,0.079
1907,2014,0.081
1907,2015,0.081
1907,2016,0.079
1907,2017,0.08
1907,2018,0.08
1907,2019,0.078
1907,2020,0.079
1907,2021,0.076
1907,2022,0.079
1960,2012,0.099
1960,2013,0.107
1960,2014,0.113
1960,2015,0.113
1960,2016,0.11
1960,2017,0.112
1960,2018,0.111
1960,2019,0.112
1960,2020,0.11
1960,2021,0.108
1960,2022,0.106
1961,2012,0.024
1961,2013,0.025
1961,2014,0.026
1961,2015,0.028
1961,2016,0.034
1961,2017,0.031
1961,2018,0.035
1961,2019,0.038
1961,2020,0.037
1961,2021,0.042
1961,2022,0.042
1962,2012,0.138
1962,2013,0.146
1962,2014,0.148
1962,2015,0.151
1962,2016,0.153
1962,2017,0.161
1962,2018,0.162
1962,2019,0.159
1962,2020,0.158
1962,2021,0.164
1962,2022,0.158
1980,2012,0.158
1980,2013,0.159
1980,2014,0.162
1980,2015,0.161
1980,2016,0.16
1980,2017,0.162
1980,2018,0.174
1980,2019,0.175
1980,2020,0.177
1980,2021,0.18
1980,2022,0.186
1981,2012,0.06
1981,2013,0.067
1981,2014,0.065
1981,2015,0.069
1981,2016,0.069
1981,2017,0.071
1981,2018,0.071
1981,2019,0.068
1981,2020,0.069
1981,2021,0.069
1981,2022,0.069
1982,2012,0.142
1982,2013,0.146
1982,2014,0.159
1982,2015,0.168
1982,2016,0.167
1982,2017,0.168
1982,2018,0.167
1982,2019,0.163
1982,2020,0.161
1982,2021,0.158
1982,2022,0.159
1983,2012,0.156
1983,2013,0.155
1983,2014,0.158
1983,2015,0.16
1983,2016,0.158
1983,2017,0.156
1983,2018,0.163
1983,2019,0.156
1983,2020,0.156
1983,2021,0.159
1983,2022,0.156
1984,2012,0.293
1984,2013,0.3
1984,2014,0.307
1984,2015,0.306
1984,2016,0.306
1984,2017,0.317
1984,2018,0.318
1984,2019,0.32
1984,2020,0.314
1984,2021,0.308
1984,2022,0.309
2021,2012,0.02
2021,2013,0.023
2021,2014,0.025
2021,2015,0.026
2021,2016,0.027
2021,2017,0.026
2021,2018,0.027
2021,2019,0.027
2021,2020,0.026
2021,2021,0.029
2021,2022,0.029
2023,2012,0.032
2023,2013,0.032
2023,2014,0.032
2023,2015,0.034
2023,2016,0.034
2023,2017,0.034
2023,2018,0.035
2023,2019,0.034
2023,2020,0.034
2023,2021,0.033
2023,2022,0.034
2026,2012,0.004
2026,2013,0.004
2026,2014,0.007
2026,2015,0.007
2026,2016,0.007
2026,2017,0.007
2026,2018,0.008
2026,2019,0.007
2026,2020,0.007
2026,2021,0.017
2026,2022,0.017
2029,2012,0.086
2029,2013,0.083
2029,2014,0.086
2029,2015,0.088
2029,2016,0.086
2029,2017,0.087
2029,2018,0.087
2029,2019,0.087
2029,2020,0.086
2029,2021,0.086
2029,2022,0.086
2031,2012,0.09
2031,2013,0.091
2031,2014,0.091
2031,2015,0.092
2031,2016,0.092
2031,2017,0.091
2031,2018,0.09
2031,2019,0.091
2031,2020,0.093
2031,2021,0.095
2031,2022,0.096
2034,2012,0.043
2034,2013,0.049
2034,2014,0.046
2034,2015,0.046
2034,2016,0.042
2034,2017,0.041
2034,2018,0.041
2034,2019,0.04
2034,2020,0.041
2034,2021,0.041
2034,2022,0.043
2039,2012,0.034
2039,2013,0.036
2039,2014,0.036
2039,2015,0.036
2039,2016,0.035
2039,2017,0.034
2039,2018,0.035
2039,2019,0.034
2039,2020,0.039
2039,2021,0.038
2039,2022,0.039
2061,2012,0.028
2061,2013,0.03
2061,2014,0.029
2061,2015,0.031
2061,2016,0.03
2061,2017,0.031
2061,2018,0.033
2061,2019,0.032
2061,2020,0.033
2061,2021,0.037
2061,2022,0.038
2062,2012,0.03
2062,2013,0.034
2062,2014,0.03
2062,2015,0.03
2062,2016,0.034
2062,2017,0.034
2062,2018,0.036
2062,2019,0.036
2062,2020,0.037
2062,2021,0.037
2062,2022,0.037
2080,2012,0.109
2080,2013,0.124
2080,2014,0.125
2080,2015,0.126
2080,2016,0.127
2080,2017,0.143
2080,2018,0.15
2080,2019,0.15
2080,2020,0.15
2080,2021,0.151
2080,2022,0.15
2081,2012,0.104
2081,2013,0.103
2081,2014,0.103
2081,2015,0.103
2081,2016,0.103
2081,2017,0.117
2081,2018,0.135
2081,2019,0.139
2081,2020,0.141
2081,2021,0.133
2081,2022,0.137
2082,2012,0.059
2082,2013,0.058
2082,2014,0.059
2082,2015,0.058
2082,2016,0.058
2082,2017,0.058
2082,2018,0.057
2082,2019,0.058
2082,2020,0.063
2082,2021,0.064
2082,2022,0.064
2083,2012,0.114
2083,2013,0.116
2083,2014,0.12
2083,2015,0.121
2083,2016,0.121
2083,2017,0.124
2083,2018,0.124
2083,2019,0.127
2083,2020,0.126
2083,2021,0.124
2083,2022,0.125
2084,2012,0.132
2084,2013,0.132
2084,2014,0.142
2084,2015,0.163
2084,2016,0.166
2084,2017,0.167
2084,2018,0.166
2084,2019,0.16
2084,2020,0.153
2084,2021,0.153
2084,2022,0.15
2085,2012,0.053
2085,2013,0.054
2085,2014,0.055
2085,2015,0.056
2085,2016,0.056
2085,2017,0.057
2085,2018,0.058
2085,2019,0.059
2085,2020,0.071
2085,2021,0.072
2085,2022,0.075
2101,2012,0.042
2101,2013,0.042
2101,2014,0.042
2101,2015,0.041
2101,2016,0.044
2101,2017,0.047
2101,2018,0.05
2101,2019,0.05
2101,2020,0.05
2101,2021,0.052
2101,2022,0.057
2104,2012,0.03
2104,2013,0.032
2104,2014,0.033
2104,2015,0.033
2104,2016,0.032
2104,2017,0.036
2104,2018,0.041
2104,2019,0.068
2104,2020,0.071
2104,2021,0.072
2104,2022,0.073
2121,2012,0.043
2121,2013,0.042
2121,2014,0.045
2121,2015,0.046
2121,2016,0.046
2121,2017,0.048
2121,2018,0.047
2121,2019,0.048
2121,2020,0.048
2121,2021,0.051
2121,2022,0.051
2132,2012,0.046
2132,2013,0.044
2132,2014,0.046
2132,2015,0.047
2132,2016,0.047
2132,2017,0.047
2132,2018,0.048
2132,2019,0.046
2132,2020,0.045
2132,2021,0.046
2132,2022,0.045
2161,2012,0.064
2161,2013,0.065
2161,2014,0.066
2161,2015,0.068
2161,2016,0.067
2161,2017,0.069
2161,2018,0.068
2161,2019,0.071
2161,2020,0.074
2161,2021,0.072
2161,2022,0.072
2180,2012,0.102
2180,2013,0.101
2180,2014,0.1
2180,2015,0.116
2180,2016,0.115
2180,2017,0.117
2180,2018,0.134
2180,2019,0.135
2180,2020,0.133
2180,2021,0.137
2180,2022,0.14
2181,2012,0.081
2181,2013,0.085
2181,2014,0.088
2181,2015,0.091
2181,2016,0.092
2181,2017,0.094
2181,2018,0.093
2181,2019,0.11
2181,2020,0.11
2181,2021,0.107
2181,2022,0.106
2182,2012,0.076
2182,2013,0.077
2182,2014,0.077
2182,2015,0.093
2182,2016,0.088
2182,2017,0.089
2182,2018,0.092
2182,2019,0.096
2182,2020,0.1
2182,2021,0.102
2182,2022,0.101
2183,2012,0.07
2183,2013,0.07
2183,2014,0.069
2183,2015,0.069
2183,2016,0.069
2183,2017,0.07
2183,2018,0.069
2183,2019,0.069
2183,2020,0.072
2183,2021,0.071
2183,2022,0.069
2184,2012,0.072
2184,2013,0.072
2184,2014,0.073
2184,2015,0.074
2184,2016,0.073
2184,2017,0.074
2184,2018,0.073
2184,2019,0.075
2184,2020,0.077
2184,2021,0.077
2184,2022,0.078
2260,2012,0.045
2260,2013,0.042
2260,2014,0.044
2260,2015,0.043
2260,2016,0.042
2260,2017,0.042
2260,2018,0.044
2260,2019,0.049
2260,2020,0.046
2260,2021,0.046
2260,2022,0.047
2262,2012,0.018
2262,2013,0.019
2262,2014,0.019
2262,2015,0.022
2262,2016,0.022
2262,2017,0.028
2262,2018,0.028
2262,2019,0.029
2262,2020,0.029
2262,2021,0.03
2262,2022,0.03
2280,2012,0.128
2280,2013,0.131
2280,2014,0.136
2280,2015,0.137
2280,2016,0.135
2280,2017,0.136
2280,2018,0.138
2280,2019,0.139
2280,2020,0.142
2280,2021,0.145
2280,2022,0.143
2281,2012,0.128
2281,2013,0.129
2281,2014,0.131
2281,2015,0.131
2281,2016,0.131
2281,2017,0.132
2281,2018,0.132
2281,2019,0.134
2281,2020,0.135
2281,2021,0.138
2281,2022,0.138
2282,2012,0.055
2282,2013,0.054
2282,2014,0.055
2282,2015,0.056
2282,2016,0.06
2282,2017,0.06
2282,2018,0.059
2282,2019,0.06
2282,2020,0.062
2282,2021,0.063
2282,2022,0.064
2283,2012,0.122
2283,2013,0.127
2283,2014,0.131
2283,2015,0.135
2283,2016,0.133
2283,2017,0.132
2283,2018,0.134
2283,2019,0.141
2283,2020,0.13
2283,2021,0.132
2283,2022,0.134
2284,2012,0.123
2284,2013,0.125
2284,2014,0.127
2284,2015,0.13
2284,2016,0.137
2284,2017,0.14
2284,2018,0.143
2284,2019,0.142
2284,2020,0.142
2284,2021,0.142
2284,2022,0.144
2303,2012,0.064
2303,2013,0.064
2303,2014,0.061
2303,2015,0.064
2303,2016,0.061
2303,2017,0.063
2303,2018,0.063
2303,2019,0.059
2303,2020,0.065
2303,2021,0.065
2303,2022,0.065
2305,2012,0.055
2305,2013,0.054
2305,2014,0.064
2305,2015,0.065
2305,2016,0.063
2305,2017,0.066
2305,2018,0.062
2305,2019,0.066
2305,2020,0.068
2305,2021,0.068
2305,2022,0.068
2309,2012,0.024
2309,2013,0.025
2309,2014,0.025
2309,2015,0.024
2309,2016,0.024
2309,2017,0.026
2309,2018,0.026
2309,2019,0.025
2309,2020,0.026
2309,2021,0.024
2309,2022,0.024
2313,2012,0.05
2313,2013,0.05
2313,2014,0.055
2313,2015,0.054
2313,2016,0.052
2313,2017,0.054
2313,2018,0.054
2313,2019,0.053
2313,2020,0.049
2313,2021,0.049
2313,2022,0.051
2321,2012,0.156
2321,2013,0.161
2321,2014,0.158
2321,2015,0.16
2321,2016,0.161
2321,2017,0.156
2321,2018,0.157
2321,2019,0.157
2321,2020,0.159
2321,2021,0.159
2321,2022,0.156
2326,2012,0.026
2326,2013,0.105
2326,2014,0.029
2326,2015,0.03
2326,2016,0.028
2326,2017,0.029
2326,2018,0.031
2326,2019,0.029
2326,2020,0.031
2326,2021,0.032
2326,2022,0.03
2361,2012,0.048
2361,2013,0.048
2361,2014,0.052
2361,2015,0.051
2361,2016,0.049
2361,2017,0.049
2361,2018,0.047
2361,2019,0.047
2361,2020,0.058
2361,2021,0.057
2361,2022,0.061
2380,2012,0.178
2380,2013,0.179
2380,2014,0.177
2380,2015,0.175
2380,2016,0.221
2380,2017,0.221
2380,2018,0.226
2380,2019,0.228
2380,2020,0.219
2380,2021,0.224
2380,2022,0.241
2401,2012,0.118
2401,2013,0.122
2401,2014,0.125
2401,2015,0.127
2401,2016,0.129
2401,2017,0.13
2401,2018,0.132
2401,2019,0.13
2401,2020,0.13
2401,2021,0.13
2401,2022,0.128
2403,2012,0.016
2403,2013,0.015
2403,2014,0.016
2403,2015,0.019
2403,2016,0.019
2403,2017,0.019
2403,2018,0.017
2403,2019,0.018
2403,2020,0.018
2403,2021,0.02
2403,2022,0.023
2404,2012,0.073
2404,2013,0.068
2404,2014,0.07
2404,2015,0.072
2404,2016,0.072
2404,2017,0.073
2404,2018,0.072
2404,2019,0.066
2404,2020,0.07
2404,2021,0.069
2404,2022,0.069
2409,2012,0.08
2409,2013,0.08
2409,2014,0.084
2409,2015,0.082
2409,2016,0.084
2409,2017,0.082
2409,2018,0.081
2409,2019,0.085
2409,2020,0.084
2409,2021,0.087
2409,2022,0.091
2417,2012,0.126
2417,2013,0.124
2417,2014,0.127
2417,2015,0.128
2417,2016,0.122
2417,2017,0.128
2417,2018,0.136
2417,2019,0.137
2417,2020,0.134
2417,2021,0.128
2417,2022,0.129
2418,2012,0.026
2418,2013,0.022
2418,2014,0.022
2418,2015,0.023
2418,2016,0.023
2418,2017,0.023
2418,2018,0.023
2418,2019,0.024
2418,2020,0.024
2418,2021,0.024
2418,2022,0.023
2421,2012,0.049
2421,2013,0.047
2421,2014,0.049
2421,2015,0.05
2421,2016,0.048
2421,2017,0.049
2421,2018,0.048
2421,2019,0.049
2421,2020,0.037
2421,2021,0.037
2421,2022,0.038
2422,2012,0.031
2422,2013,0.033
2422,2014,0.027
2422,2015,0.023
2422,2016,0.03
2422,2017,0.034
2422,2018,0.036
2422,2019,0.038
2422,2020,0.036
2422,2021,0.042
2422,2022,0.039
2425,2012,0.032
2425,2013,0.033
2425,2014,0.029
2425,2015,0.028
2425,2016,0.026
2425,2017,0.025
2425,2018,0.027
2425,2019,0.024
2425,2020,0.025
2425,2021,0.017
2425,2022,0.021
2460,2012,0.15
2460,2013,0.151
2460,2014,0.154
2460,2015,0.155
2460,2016,0.154
2460,2017,0.161
2460,2018,0.152
2460,2019,0.152
2460,2020,0.139
2460,2021,0.138
2460,2022,0.134
2462,2012,0.033
2462,2013,0.032
2462,2014,0.033
2462,2015,0.031
2462,2016,0.032
2462,2017,0.033
2462,2018,0.033
2462,2019,0.033
2462,2020,0.033
2462,2021,0.032
2462,2022,0.034
2463,2012,0.021
2463,2013,0.02
2463,2014,0.018
2463,2015,0.018
2463,2016,0.016
2463,2017,0.019
2463,2018,0.029
2463,2019,0.022
2463,2020,0.022
2463,2021,0.023
2463,2022,0.024
2480,2012,0.18
2480,2013,0.182
2480,2014,0.181
2480,2015,0.183
2480,2016,0.179
2480,2017,0.192
2480,2018,0.198
2480,2019,0.203
2480,2020,0.195
2480,2021,0.196
2480,2022,0.195
2481,2012,0.19
2481,2013,0.193
2481,2014,0.196
2481,2015,0.201
2481,2016,0.196
2481,2017,0.197
2481,2018,0.195
2481,2019,0.196
2481,2020,0.197
2481,2021,0.194
2481,2022,0.196
2482,2012,0.086
2482,2013,0.089
2482,2014,0.088
2482,2015,0.099
2482,2016,0.134
2482,2017,0.131
2482,2018,0.131
2482,2019,0.131
2482,2020,0.133
2482,2021,0.137
2482,2022,0.144
2505,2012,0.052
2505,2013,0.052
2505,2014,0.05
2505,2015,0.067
2505,2016,0.065
2505,2017,0.065
2505,2018,0.07
2505,2019,0.072
2505,2020,0.073
2505,2021,0.075
2505,2022,0.078
2506,2012,0.045
2506,2013,0.044
2506,2014,0.043
2506,2015,0.045
2506,2016,0.043
2506,2017,0.044
2506,2018,0.042
2506,2019,0.036
2506,2020,0.038
2506,2021,0.038
2506,2022,0.041
2510,2012,0.071
2510,2013,0.071
2510,2014,0.07
2510,2015,0.068
2510,2016,0.07
2510,2017,0.069
2510,2018,0.077
2510,2019,0.077
2510,2020,0.08
2510,2021,0.079
2510,2022,0.081
2513,2012,0.037
2513,2013,0.037
2513,2014,0.035
2513,2015,0.041
2513,2016,0.038
2513,2017,0.038
2513,2018,0.039
2513,2019,0.049
2513,2020,0.039
2513,2021,0.042
2513,2022,0.043
2514,2012,0.111
2514,2013,0.104
2514,2014,0.106
2514,2015,0.109
2514,2016,0.108
2514,2017,0.108
2514,2018,0.11
2514,2019,0.109
2514,2020,0.111
2514,2021,0.114
2514,2022,0.114
2518,2012,0.025
2518,2013,0.027
2518,2014,0.027
2518,2015,0.024
2518,2016,0.023
2518,2017,0.025
2518,2018,0.025
2518,2019,0.025
2518,2020,0.029
2518,2021,0.035
2518,2022,0.036
2521,2012,0.039
2521,2013,0.04
2521,2014,0.044
2521,2015,0.045
2521,2016,0.044
2521,2017,0.046
2521,2018,0.046
2521,2019,0.048
2521,2020,0.049
2521,2021,0.05
2521,2022,0.05
2523,2012,0.108
2523,2013,0.11
2523,2014,0.109
2523,2015,0.106
2523,2016,0.095
2523,2017,0.084
2523,2018,0.101
2523,2019,0.12
2523,2020,0.124
2523,2021,0.128
2523,2022,0.126
2560,2012,0.147
2560,2013,0.155
2560,2014,0.153
2560,2015,0.155
2560,2016,0.156
2560,2017,0.154
2560,2018,0.163
2560,2019,0.154
2560,2020,0.151
2560,2021,0.151
2560,2022,0.152
2580,2012,0.13
2580,2013,0.124
2580,2014,0.122
2580,2015,0.127
2580,2016,0.164
2580,2017,0.165
2580,2018,0.178
2580,2019,0.173
2580,2020,0.177
2580,2021,0.179
2580,2022,0.189
2581,2012,0.141
2581,2013,0.142
2581,2014,0.146
2581,2015,0.149
2581,2016,0.152
2581,2017,0.156
2581,2018,0.165
2581,2019,0.168
2581,2020,0.169
2581,2021,0.169
2581,2022,0.173
2582,2012,0.184
2582,2013,0.184
2582,2014,0.187
2582,2015,0.19
2582,2016,0.189
2582,2017,0.196
2582,2018,0.205
2582,2019,0.205
2582,2020,0.207
2582,2021,0.212
2582,2022,0.213
2583,2012,0.136
2583,2013,0.134
2583,2014,0.139
2583,2015,0.14
2583,2016,0.14
2583,2017,0.147
2583,2018,0.15
2583,2019,0.156
2583,2020,0.155
2583,2021,0.156
2583,2022,0.155
2584,2012,0.155
2584,2013,0.154
2584,2014,0.154
2584,2015,0.156
2584,2016,0.16
2584,2017,0.159
2584,2018,0.157
2584,2019,0.167
2584,2020,0.165
2584,2021,0.161
2584,2022,0.161
