kommun,year,mean_andelhushall_smahus
0114,2012,0.362
0114,2013,0.364
0114,2014,0.364
0114,2015,0.361
0114,2016,0.359
0114,2017,0.36
0114,2018,0.359
0114,2019,0.354
0114,2020,0.352
0114,2021,0.353
0114,2022,0.344
0115,2012,0.689
0115,2013,0.691
0115,2014,0.689
0115,2015,0.692
0115,2016,0.698
0115,2017,0.697
0115,2018,0.693
0115,2019,0.679
0115,2020,0.679
0115,2021,0.677
0115,2022,0.669
0117,2012,0.755
0117,2013,0.754
0117,2014,0.749
0117,2015,0.741
0117,2016,0.741
0117,2017,0.738
0117,2018,0.736
0117,2019,0.729
0117,2020,0.72
0117,2021,0.715
0117,2022,0.716
0120,2012,0.735
0120,2013,0.732
0120,2014,0.725
0120,2015,0.719
0120,2016,0.713
0120,2017,0.695
0120,2018,0.68
0120,2019,0.672
0120,2020,0.67
0120,2021,0.669
0120,2022,0.667
0123,2012,0.411
0123,2013,0.407
0123,2014,0.404
0123,2015,0.395
0123,2016,0.389
0123,2017,0.379
0123,2018,0.372
0123,2019,0.361
0123,2020,0.35
0123,2021,0.343
0123,2022,0.333
0125,2012,0.878
0125,2013,0.879
0125,2014,0.88
0125,2015,0.881
0125,2016,0.883
0125,2017,0.883
0125,2018,0.876
0125,2019,0.872
0125,2020,0.872
0125,2021,0.868
0125,2022,0.866
0126,2012,0.481
0126,2013,0.48
0126,2014,0.48
0126,2015,0.477
0126,2016,0.474
0126,2017,0.471
0126,2018,0.467
0126,2019,0.464
0126,2020,0.463
0126,2021,0.462
0126,2022,0.463
0127,2012,0.381
0127,2013,0.38
0127,2014,0.378
0127,2015,0.377
0127,2016,0.379
0127,2017,0.38
0127,2018,0.371
0127,2019,0.366
0127,2020,0.364
0127,2021,0.364
0127,2022,0.363
0128,2012,0.603
0128,2013,0.601
0128,2014,0.601
0128,2015,0.604
0128,2016,0.612
0128,2017,0.611
0128,2018,0.607
0128,2019,0.608
0128,2020,0.596
0128,2021,0.592
0128,2022,0.589
0136,2012,0.448
0136,2013,0.448
0136,2014,0.449
0136,2015,0.446
0136,2016,0.449
0136,2017,0.445
0136,2018,0.439
0136,2019,0.433
0136,2020,0.427
0136,2021,0.422
0136,2022,0.415
0138,2012,0.534
0138,2013,0.531
0138,2014,0.525
0138,2015,0.517
0138,2016,0.51
0138,2017,0.511
0138,2018,0.502
0138,2019,0.494
0138,2020,0.488
0138,2021,0.483
0138,2022,0.482
0139,2012,0.465
0139,2013,0.463
0139,2014,0.466
0139,2015,0.464
0139,2016,0.478
0139,2017,0.473
0139,2018,0.459
0139,2019,0.451
0139,2020,0.438
0139,2021,0.425
0139,2022,0.416
0140,2012,0.772
0140,2013,0.77
0140,2014,0.756
0140,2015,0.747
0140,2016,0.736
0140,2017,0.735
0140,2018,0.725
0140,2019,0.721
0140,2020,0.719
0140,2021,0.715
0140,2022,0.69
0160,2012,0.554
0160,2013,0.548
0160,2014,0.542
0160,2015,0.536
0160,2016,0.532
0160,2017,0.523
0160,2018,0.514
0160,2019,0.508
0160,2020,0.507
0160,2021,0.494
0160,2022,0.486
0162,2012,0.59
0162,2013,0.587
0162,2014,0.587
0162,2015,0.587
0162,2016,0.585
0162,2017,0.581
0162,2018,0.567
0162,2019,0.566
0162,2020,0.561
0162,2021,0.554
0162,2022,0.555
0163,2012,0.505
0163,2013,0.498
0163,2014,0.49
0163,2015,0.481
0163,2016,0.477
0163,2017,0.471
0163,2018,0.468
0163,2019,0.466
0163,2020,0.466
0163,2021,0.458
0163,2022,0.45
0180,2012,0.119
0180,2013,0.118
0180,2014,0.116
0180,2015,0.115
0180,2016,0.114
0180,2017,0.112
0180,2018,0.111
0180,2019,0.109
0180,2020,0.108
0180,2021,0.106
0180,2022,0.106
0181,2012,0.335
0181,2013,0.333
0181,2014,0.333
0181,2015,0.332
0181,2016,0.337
0181,2017,0.337
0181,2018,0.336
0181,2019,0.331
0181,2020,0.328
0181,2021,0.324
0181,2022,0.324
0182,2012,0.425
0182,2013,0.423
0182,2014,0.418
0182,2015,0.414
0182,2016,0.413
0182,2017,0.408
0182,2018,0.402
0182,2019,0.394
0182,2020,0.39
0182,2021,0.385
0182,2022,0.381
0183,2012,0.064
0183,2013,0.062
0183,2014,0.06
0183,2015,0.057
0183,2016,0.068
0183,2017,0.066
0183,2018,0.065
0183,2019,0.062
0183,2020,0.061
0183,2021,0.059
0183,2022,0.058
0184,2012,0.016
0184,2013,0.015
0184,2014,0.015
0184,2015,0.015
0184,2016,0.019
0184,2017,0.019
0184,2018,0.018
0184,2019,0.018
0184,2020,0.018
0184,2021,0.018
0184,2022,0.018
0186,2012,0.398
0186,2013,0.395
0186,2014,0.394
0186,2015,0.389
0186,2016,0.385
0186,2017,0.383
0186,2018,0.375
0186,2019,0.373
0186,2020,0.371
0186,2021,0.366
0186,2022,0.363
0187,2012,0.639
0187,2013,0.636
0187,2014,0.631
0187,2015,0.636
0187,2016,0.624
0187,2017,0.622
0187,2018,0.597
0187,2019,0.591
0187,2020,0.589
0187,2021,0.579
0187,2022,0.581
0188,2012,0.63
0188,2013,0.63
0188,2014,0.628
0188,2015,0.623
0188,2016,0.636
0188,2017,0.632
0188,2018,0.628
0188,2019,0.628
0188,2020,0.627
0188,2021,0.623
0188,2022,0.615
0191,2012,0.383
0191,2013,0.382
0191,2014,0.383
0191,2015,0.381
0191,2016,0.385
0191,2017,0.384
0191,2018,0.38
0191,2019,0.379
0191,2020,0.378
0191,2021,0.376
0191,2022,0.367
0192,2012,0.508
0192,2013,0.505
0192,2014,0.5
0192,2015,0.496
0192,2016,0.503
0192,2017,0.503
0192,2018,0.502
0192,2019,0.499
0192,2020,0.499
0192,2021,0.485
0192,2022,0.473
0305,2012,0.747
0305,2013,0.746
0305,2014,0.741
0305,2015,0.741
0305,2016,0.737
0305,2017,0.739
0305,2018,0.741
0305,2019,0.719
0305,2020,0.718
0305,2021,0.713
0305,2022,0.697
0319,2012,0.74
0319,2013,0.731
0319,2014,0.729
0319,2015,0.729
0319,2016,0.726
0319,2017,0.729
0319,2018,0.73
0319,2019,0.729
0319,2020,0.724
0319,2021,0.718
0319,2022,0.717
0330,2012,0.76
0330,2013,0.758
0330,2014,0.73
0330,2015,0.717
0330,2016,0.716
0330,2017,0.718
0330,2018,0.689
0330,2019,0.681
0330,2020,0.669
0330,2021,0.638
0330,2022,0.632
0331,2012,0.805
0331,2013,0.805
0331,2014,0.8
0331,2015,0.795
0331,2016,0.798
0331,2017,0.795
0331,2018,0.791
0331,2019,0.786
0331,2020,0.784
0331,2021,0.782
0331,2022,0.781
0360,2012,0.693
0360,2013,0.692
0360,2014,0.687
0360,2015,0.683
0360,2016,0.686
0360,2017,0.68
0360,2018,0.676
0360,2019,0.678
0360,2020,0.671
0360,2021,0.666
0360,2022,0.668
0380,2012,0.347
0380,2013,0.345
0380,2014,0.342
0380,2015,0.34
0380,2016,0.338
0380,2017,0.329
0380,2018,0.321
0380,2019,0.311
0380,2020,0.308
0380,2021,0.306
0380,2022,0.304
0381,2012,0.596
0381,2013,0.593
0381,2014,0.591
0381,2015,0.587
0381,2016,0.587
0381,2017,0.583
0381,2018,0.582
0381,2019,0.583
0381,2020,0.572
0381,2021,0.57
0381,2022,0.559
0382,2012,0.713
0382,2013,0.71
0382,2014,0.712
0382,2015,0.704
0382,2016,0.704
0382,2017,0.701
0382,2018,0.697
0382,2019,0.692
0382,2020,0.691
0382,2021,0.691
0382,2022,0.689
0428,2012,0.741
0428,2013,0.732
0428,2014,0.73
0428,2015,0.716
0428,2016,0.714
0428,2017,0.714
0428,2018,0.716
0428,2019,0.716
0428,2020,0.713
0428,2021,0.711
0428,2022,0.713
0461,2012,0.7
0461,2013,0.699
0461,2014,0.693
0461,2015,0.686
0461,2016,0.691
0461,2017,0.69
0461,2018,0.687
0461,2019,0.676
0461,2020,0.671
0461,2021,0.662
0461,2022,0.665
0480,2012,0.469
0480,2013,0.468
0480,2014,0.466
0480,2015,0.458
0480,2016,0.463
0480,2017,0.461
0480,2018,0.461
0480,2019,0.456
0480,2020,0.45
0480,2021,0.446
0480,2022,0.444
0481,2012,0.465
0481,2013,0.465
0481,2014,0.463
0481,2015,0.461
0481,2016,0.463
0481,2017,0.463
0481,2018,0.459
0481,2019,0.462
0481,2020,0.46
0481,2021,0.456
0481,2022,0.454
0482,2012,0.637
0482,2013,0.629
0482,2014,0.625
0482,2015,0.616
0482,2016,0.612
0482,2017,0.612
0482,2018,0.612
0482,2019,0.609
0482,2020,0.61
0482,2021,0.608
0482,2022,0.613
0483,2012,0.491
0483,2013,0.49
0483,2014,0.484
0483,2015,0.48
0483,2016,0.486
0483,2017,0.483
0483,2018,0.478
0483,2019,0.474
0483,2020,0.473
0483,2021,0.472
0483,2022,0.473
0484,2012,0.408
0484,2013,0.406
0484,2014,0.403
0484,2015,0.399
0484,2016,0.399
0484,2017,0.397
0484,2018,0.394
0484,2019,0.391
0484,2020,0.391
0484,2021,0.39
0484,2022,0.389
0486,2012,0.567
0486,2013,0.563
0486,2014,0.564
0486,2015,0.566
0486,2016,0.569
0486,2017,0.57
0486,2018,0.568
0486,2019,0.566
0486,2020,0.559
0486,2021,0.552
0486,2022,0.548
0488,2012,0.706
0488,2013,0.706
0488,2014,0.698
0488,2015,0.693
0488,2016,0.704
0488,2017,0.707
0488,2018,0.687
0488,2019,0.675
0488,2020,0.655
0488,2021,0.652
0488,2022,0.648
0509,2012,0.813
0509,2013,0.813
0509,2014,0.815
0509,2015,0.815
0509,2016,0.815
0509,2017,0.815
0509,2018,0.814
0509,2019,0.813
0509,2020,0.816
0509,2021,0.818
0509,2022,0.816
0512,2012,0.928
0512,2013,0.93
0512,2014,0.929
0512,2015,0.928
0512,2016,0.93
0512,2017,0.932
0512,2018,0.933
0512,2019,0.934
0512,2020,0.939
0512,2021,0.939
0512,2022,0.947
0513,2012,0.762
0513,2013,0.766
0513,2014,0.761
0513,2015,0.758
0513,2016,0.763
0513,2017,0.759
0513,2018,0.761
0513,2019,0.761
0513,2020,0.764
0513,2021,0.763
0513,2022,0.765
0560,2012,0.722
0560,2013,0.72
0560,2014,0.72
0560,2015,0.715
0560,2016,0.717
0560,2017,0.712
0560,2018,0.711
0560,2019,0.694
0560,2020,0.699
0560,2021,0.7
0560,2022,0.697
0561,2012,0.693
0561,2013,0.692
0561,2014,0.687
0561,2015,0.686
0561,2016,0.687
0561,2017,0.687
0561,2018,0.685
0561,2019,0.688
0561,2020,0.689
0561,2021,0.685
0561,2022,0.681
0562,2012,0.588
0562,2013,0.586
0562,2014,0.583
0562,2015,0.582
0562,2016,0.581
0562,2017,0.58
0562,2018,0.581
0562,2019,0.579
0562,2020,0.581
0562,2021,0.58
0562,2022,0.575
0563,2012,0.741
0563,2013,0.737
0563,2014,0.729
0563,2015,0.727
0563,2016,0.728
0563,2017,0.724
0563,2018,0.722
0563,2019,0.725
0563,2020,0.733
0563,2021,0.735
0563,2022,0.732
0580,2012,0.385
0580,2013,0.383
0580,2014,0.388
0580,2015,0.388
0580,2016,0.385
0580,2017,0.382
0580,2018,0.377
0580,2019,0.374
0580,2020,0.369
0580,2021,0.368
0580,2022,0.366
0581,2012,0.391
0581,2013,0.39
0581,2014,0.389
0581,2015,0.386
0581,2016,0.387
0581,2017,0.386
0581,2018,0.385
0581,2019,0.382
0581,2020,0.38
0581,2021,0.379
0581,2022,0.379
0582,2012,0.683
0582,2013,0.686
0582,2014,0.684
0582,2015,0.681
0582,2016,0.679
0582,2017,0.68
0582,2018,0.682
0582,2019,0.673
0582,2020,0.675
0582,2021,0.677
0582,2022,0.673
0583,2012,0.559
0583,2013,0.555
0583,2014,0.554
0583,2015,0.552
0583,2016,0.555
0583,2017,0.555
0583,2018,0.555
0583,2019,0.553
0583,2020,0.553
0583,2021,0.554
0583,2022,0.553
0584,2012,0.582
0584,2013,0.576
0584,2014,0.577
0584,2015,0.572
0584,2016,0.572
0584,2017,0.584
0584,2018,0.582
0584,2019,0.583
0584,2020,0.588
0584,2021,0.582
0584,2022,0.585
0586,2012,0.566
0586,2013,0.563
0586,2014,0.562
0586,2015,0.559
0586,2016,0.564
0586,2017,0.562
0586,2018,0.556
0586,2019,0.556
0586,2020,0.555
0586,2021,0.553
0586,2022,0.551
0604,2012,0.814
0604,2013,0.811
0604,2014,0.805
0604,2015,0.808
0604,2016,0.809
0604,2017,0.8
0604,2018,0.795
0604,2019,0.793
0604,2020,0.793
0604,2021,0.793
0604,2022,0.795
0617,2012,0.765
0617,2013,0.765
0617,2014,0.758
0617,2015,0.754
0617,2016,0.753
0617,2017,0.754
0617,2018,0.749
0617,2019,0.749
0617,2020,0.749
0617,2021,0.75
0617,2022,0.756
0642,2012,0.8
0642,2013,0.801
0642,2014,0.8
0642,2015,0.794
0642,2016,0.791
0642,2017,0.785
0642,2018,0.787
0642,2019,0.781
0642,2020,0.772
0642,2021,0.769
0642,2022,0.755
0643,2012,0.829
0643,2013,0.827
0643,2014,0.828
0643,2015,0.832
0643,2016,0.824
0643,2017,0.826
0643,2018,0.815
0643,2019,0.815
0643,2020,0.812
0643,2021,0.812
0643,2022,0.797
0662,2012,0.712
0662,2013,0.714
0662,2014,0.709
0662,2015,0.7
0662,2016,0.7
0662,2017,0.697
0662,2018,0.695
0662,2019,0.693
0662,2020,0.694
0662,2021,0.697
0662,2022,0.695
0665,2012,0.752
0665,2013,0.747
0665,2014,0.748
0665,2015,0.746
0665,2016,0.743
0665,2017,0.741
0665,2018,0.742
0665,2019,0.734
0665,2020,0.725
0665,2021,0.727
0665,2022,0.729
0680,2012,0.452
0680,2013,0.449
0680,2014,0.445
0680,2015,0.442
0680,2016,0.444
0680,2017,0.441
0680,2018,0.436
0680,2019,0.432
0680,2020,0.427
0680,2021,0.423
0680,2022,0.418
0682,2012,0.628
0682,2013,0.626
0682,2014,0.623
0682,2015,0.609
0682,2016,0.609
0682,2017,0.605
0682,2018,0.606
0682,2019,0.605
0682,2020,0.605
0682,2021,0.602
0682,2022,0.603
0683,2012,0.626
0683,2013,0.622
0683,2014,0.619
0683,2015,0.612
0683,2016,0.611
0683,2017,0.606
0683,2018,0.604
0683,2019,0.602
0683,2020,0.597
0683,2021,0.596
0683,2022,0.593
0684,2012,0.757
0684,2013,0.752
0684,2014,0.745
0684,2015,0.72
0684,2016,0.734
0684,2017,0.737
0684,2018,0.734
0684,2019,0.732
0684,2020,0.73
0684,2021,0.727
0684,2022,0.728
0685,2012,0.7
0685,2013,0.697
0685,2014,0.693
0685,2015,0.692
0685,2016,0.692
0685,2017,0.692
0685,2018,0.688
0685,2019,0.685
0685,2020,0.684
0685,2021,0.684
0685,2022,0.681
0686,2012,0.637
0686,2013,0.636
0686,2014,0.631
0686,2015,0.628
0686,2016,0.627
0686,2017,0.622
0686,2018,0.622
0686,2019,0.619
0686,2020,0.621
0686,2021,0.618
0686,2022,0.618
0687,2012,0.511
0687,2013,0.512
0687,2014,0.509
0687,2015,0.503
0687,2016,0.502
0687,2017,0.5
0687,2018,0.5
0687,2019,0.501
0687,2020,0.497
0687,2021,0.5
0687,2022,0.499
0760,2012,0.801
0760,2013,0.802
0760,2014,0.802
0760,2015,0.802
0760,2016,0.798
0760,2017,0.798
0760,2018,0.795
0760,2019,0.787
0760,2020,0.784
0760,2021,0.788
0760,2022,0.788
0761,2012,0.798
0761,2013,0.8
0761,2014,0.79
0761,2015,0.786
0761,2016,0.785
0761,2017,0.781
0761,2018,0.778
0761,2019,0.782
0761,2020,0.781
0761,2021,0.78
0761,2022,0.78
0763,2012,0.81
0763,2013,0.809
0763,2014,0.805
0763,2015,0.799
0763,2016,0.802
0763,2017,0.802
0763,2018,0.803
0763,2019,0.797
0763,2020,0.799
0763,2021,0.794
0763,2022,0.798
0764,2012,0.76
0764,2013,0.758
0764,2014,0.758
0764,2015,0.758
0764,2016,0.754
0764,2017,0.754
0764,2018,0.75
0764,2019,0.75
0764,2020,0.748
0764,2021,0.747
0764,2022,0.747
0765,2012,0.753
0765,2013,0.751
0765,2014,0.747
0765,2015,0.744
0765,2016,0.739
0765,2017,0.733
0765,2018,0.729
0765,2019,0.725
0765,2020,0.72
0765,2021,0.719
0765,2022,0.71
0767,2012,0.769
0767,2013,0.765
0767,2014,0.76
0767,2015,0.745
0767,2016,0.744
0767,2017,0.738
0767,2018,0.731
0767,2019,0.727
0767,2020,0.728
0767,2021,0.727
0767,2022,0.727
0780,2012,0.553
0780,2013,0.549
0780,2014,0.537
0780,2015,0.533
0780,2016,0.533
0780,2017,0.528
0780,2018,0.523
0780,2019,0.515
0780,2020,0.509
0780,2021,0.505
0780,2022,0.493
0781,2012,0.678
0781,2013,0.679
0781,2014,0.674
0781,2015,0.667
0781,2016,0.671
0781,2017,0.67
0781,2018,0.666
0781,2019,0.665
0781,2020,0.664
0781,2021,0.662
0781,2022,0.662
0821,2012,0.866
0821,2013,0.863
0821,2014,0.861
0821,2015,0.857
0821,2016,0.856
0821,2017,0.862
0821,2018,0.863
0821,2019,0.864
0821,2020,0.872
0821,2021,0.875
0821,2022,0.876
0834,2012,0.847
0834,2013,0.841
0834,2014,0.842
0834,2015,0.841
0834,2016,0.841
0834,2017,0.832
0834,2018,0.833
0834,2019,0.831
0834,2020,0.835
0834,2021,0.835
0834,2022,0.832
0840,2012,0.873
0840,2013,0.871
0840,2014,0.876
0840,2015,0.872
0840,2016,0.873
0840,2017,0.874
0840,2018,0.871
0840,2019,0.867
0840,2020,0.866
0840,2021,0.86
0840,2022,0.859
0860,2012,0.748
0860,2013,0.74
0860,2014,0.735
0860,2015,0.726
0860,2016,0.72
0860,2017,0.718
0860,2018,0.723
0860,2019,0.725
0860,2020,0.728
0860,2021,0.731
0860,2022,0.73
0861,2012,0.785
0861,2013,0.779
0861,2014,0.779
0861,2015,0.774
0861,2016,0.774
0861,2017,0.77
0861,2018,0.768
0861,2019,0.767
0861,2020,0.77
0861,2021,0.768
0861,2022,0.757
0862,2012,0.759
0862,2013,0.755
0862,2014,0.75
0862,2015,0.747
0862,2016,0.746
0862,2017,0.742
0862,2018,0.743
0862,2019,0.743
0862,2020,0.744
0862,2021,0.745
0862,2022,0.745
0880,2012,0.491
0880,2013,0.49
0880,2014,0.485
0880,2015,0.481
0880,2016,0.482
0880,2017,0.476
0880,2018,0.468
0880,2019,0.464
0880,2020,0.455
0880,2021,0.45
0880,2022,0.446
0881,2012,0.635
0881,2013,0.633
0881,2014,0.632
0881,2015,0.631
0881,2016,0.631
0881,2017,0.628
0881,2018,0.629
0881,2019,0.626
0881,2020,0.628
0881,2021,0.628
0881,2022,0.627
0882,2012,0.572
0882,2013,0.573
0882,2014,0.567
0882,2015,0.566
0882,2016,0.566
0882,2017,0.563
0882,2018,0.561
0882,2019,0.554
0882,2020,0.552
0882,2021,0.553
0882,2022,0.552
0883,2012,0.569
0883,2013,0.566
0883,2014,0.562
0883,2015,0.559
0883,2016,0.56
0883,2017,0.559
0883,2018,0.558
0883,2019,0.558
0883,2020,0.557
0883,2021,0.559
0883,2022,0.559
0884,2012,0.697
0884,2013,0.694
0884,2014,0.693
0884,2015,0.687
0884,2016,0.685
0884,2017,0.684
0884,2018,0.683
0884,2019,0.68
0884,2020,0.68
0884,2021,0.684
0884,2022,0.68
0885,2012,0.847
0885,2013,0.841
0885,2014,0.844
0885,2015,0.839
0885,2016,0.84
0885,2017,0.839
0885,2018,0.835
0885,2019,0.828
0885,2020,0.827
0885,2021,0.822
0885,2022,0.822
0980,2012,0.685
0980,2013,0.683
0980,2014,0.68
0980,2015,0.675
0980,2016,0.675
0980,2017,0.673
0980,2018,0.671
0980,2019,0.668
0980,2020,0.667
0980,2021,0.666
0980,2022,0.664
1060,2012,0.678
1060,2013,0.678
1060,2014,0.668
1060,2015,0.664
1060,2016,0.664
1060,2017,0.664
1060,2018,0.661
1060,2019,0.663
1060,2020,0.658
1060,2021,0.66
1060,2022,0.659
1080,2012,0.561
1080,2013,0.558
1080,2014,0.555
1080,2015,0.551
1080,2016,0.558
1080,2017,0.559
1080,2018,0.558
1080,2019,0.556
1080,2020,0.553
1080,2021,0.552
1080,2022,0.548
1081,2012,0.697
1081,2013,0.694
1081,2014,0.687
1081,2015,0.681
1081,2016,0.681
1081,2017,0.679
1081,2018,0.68
1081,2019,0.684
1081,2020,0.688
1081,2021,0.688
1081,2022,0.684
1082,2012,0.621
1082,2013,0.617
1082,2014,0.612
1082,2015,0.613
1082,2016,0.614
1082,2017,0.608
1082,2018,0.606
1082,2019,0.605
1082,2020,0.604
1082,2021,0.604
1082,2022,0.606
1083,2012,0.736
1083,2013,0.733
1083,2014,0.73
1083,2015,0.727
1083,2016,0.727
1083,2017,0.73
1083,2018,0.722
1083,2019,0.721
1083,2020,0.721
1083,2021,0.723
1083,2022,0.725
1214,2012,0.826
1214,2013,0.823
1214,2014,0.822
1214,2015,0.818
1214,2016,0.818
1214,2017,0.813
1214,2018,0.813
1214,2019,0.807
1214,2020,0.799
1214,2021,0.8
1214,2022,0.796
1230,2012,0.724
1230,2013,0.725
1230,2014,0.72
1230,2015,0.719
1230,2016,0.718
1230,2017,0.722
1230,2018,0.726
1230,2019,0.72
1230,2020,0.718
1230,2021,0.709
1230,2022,0.707
1231,2012,0.462
1231,2013,0.46
1231,2014,0.45
1231,2015,0.45
1231,2016,0.453
1231,2017,0.453
1231,2018,0.45
1231,2019,0.437
1231,2020,0.426
1231,2021,0.417
1231,2022,0.413
1233,2012,0.855
1233,2013,0.852
1233,2014,0.849
1233,2015,0.85
1233,2016,0.85
1233,2017,0.847
1233,2018,0.847
1233,2019,0.849
1233,2020,0.845
1233,2021,0.835
1233,2022,0.829
1256,2012,0.751
1256,2013,0.747
1256,2014,0.746
1256,2015,0.744
1256,2016,0.74
1256,2017,0.74
1256,2018,0.74
1256,2019,0.743
1256,2020,0.738
1256,2021,0.744
1256,2022,0.744
1257,2012,0.763
1257,2013,0.762
1257,2014,0.76
1257,2015,0.756
1257,2016,0.758
1257,2017,0.756
1257,2018,0.753
1257,2019,0.751
1257,2020,0.749
1257,2021,0.745
1257,2022,0.745
1260,2012,0.758
1260,2013,0.756
1260,2014,0.751
1260,2015,0.75
1260,2016,0.75
1260,2017,0.748
1260,2018,0.746
1260,2019,0.741
1260,2020,0.739
1260,2021,0.736
1260,2022,0.73
1261,2012,0.754
1261,2013,0.754
1261,2014,0.755
1261,2015,0.754
1261,2016,0.755
1261,2017,0.753
1261,2018,0.746
1261,2019,0.745
1261,2020,0.744
1261,2021,0.735
1261,2022,0.736
1262,2012,0.74
1262,2013,0.736
1262,2014,0.72
1262,2015,0.705
1262,2016,0.701
1262,2017,0.693
1262,2018,0.681
1262,2019,0.678
1262,2020,0.675
1262,2021,0.675
1262,2022,0.671
1263,2012,0.765
1263,2013,0.764
1263,2014,0.76
1263,2015,0.756
1263,2016,0.755
1263,2017,0.751
1263,2018,0.743
1263,2019,0.732
1263,2020,0.731
1263,2021,0.725
1263,2022,0.727
1264,2012,0.829
1264,2013,0.824
1264,2014,0.821
1264,2015,0.821
1264,2016,0.818
1264,2017,0.818
1264,2018,0.819
1264,2019,0.816
1264,2020,0.812
1264,2021,0.804
1264,2022,0.799
1265,2012,0.855
1265,2013,0.854
1265,2014,0.854
1265,2015,0.853
1265,2016,0.851
1265,2017,0.849
1265,2018,0.848
1265,2019,0.842
1265,2020,0.844
1265,2021,0.843
1265,2022,0.843
1266,2012,0.801
1266,2013,0.798
1266,2014,0.796
1266,2015,0.796
1266,2016,0.797
1266,2017,0.797
1266,2018,0.799
1266,2019,0.791
1266,2020,0.79
1266,2021,0.794
1266,2022,0.795
1267,2012,0.814
1267,2013,0.813
1267,2014,0.812
1267,2015,0.811
1267,2016,0.814
1267,2017,0.812
1267,2018,0.811
1267,2019,0.808
1267,2020,0.807
1267,2021,0.806
1267,2022,0.798
1270,2012,0.787
1270,2013,0.785
1270,2014,0.784
1270,2015,0.779
1270,2016,0.779
1270,2017,0.778
1270,2018,0.777
1270,2019,0.777
1270,2020,0.777
1270,2021,0.775
1270,2022,0.773
1272,2012,0.779
1272,2013,0.779
1272,2014,0.778
1272,2015,0.781
1272,2016,0.78
1272,2017,0.776
1272,2018,0.766
1272,2019,0.766
1272,2020,0.767
1272,2021,0.773
1272,2022,0.771
1273,2012,0.736
1273,2013,0.737
1273,2014,0.733
1273,2015,0.728
1273,2016,0.726
1273,2017,0.722
1273,2018,0.721
1273,2019,0.718
1273,2020,0.719
1273,2021,0.721
1273,2022,0.724
1275,2012,0.601
1275,2013,0.598
1275,2014,0.595
1275,2015,0.591
1275,2016,0.586
1275,2017,0.59
1275,2018,0.583
1275,2019,0.583
1275,2020,0.579
1275,2021,0.572
1275,2022,0.572
1276,2012,0.684
1276,2013,0.683
1276,2014,0.678
1276,2015,0.676
1276,2016,0.679
1276,2017,0.679
1276,2018,0.673
1276,2019,0.673
1276,2020,0.67
1276,2021,0.666
1276,2022,0.666
1277,2012,0.689
1277,2013,0.686
1277,2014,0.677
1277,2015,0.676
1277,2016,0.679
1277,2017,0.673
1277,2018,0.672
1277,2019,0.673
1277,2020,0.667
1277,2021,0.666
1277,2022,0.664
1278,2012,0.851
1278,2013,0.844
1278,2014,0.843
1278,2015,0.84
1278,2016,0.832
1278,2017,0.826
1278,2018,0.816
1278,2019,0.806
1278,2020,0.801
1278,2021,0.798
1278,2022,0.794
1280,2012,0.199
1280,2013,0.198
1280,2014,0.195
1280,2015,0.193
1280,2016,0.192
1280,2017,0.19
1280,2018,0.187
1280,2019,0.184
1280,2020,0.181
1280,2021,0.178
1280,2022,0.176
1281,2012,0.407
1281,2013,0.406
1281,2014,0.402
1281,2015,0.399
1281,2016,0.4
1281,2017,0.393
1281,2018,0.39
1281,2019,0.384
1281,2020,0.382
1281,2021,0.376
1281,2022,0.371
1282,2012,0.391
1282,2013,0.388
1282,2014,0.389
1282,2015,0.39
1282,2016,0.392
1282,2017,0.391
1282,2018,0.388
1282,2019,0.387
1282,2020,0.387
1282,2021,0.384
1282,2022,0.402
1283,2012,0.369
1283,2013,0.368
1283,2014,0.365
1283,2015,0.362
1283,2016,0.362
1283,2017,0.361
1283,2018,0.354
1283,2019,0.349
1283,2020,0.346
1283,2021,0.343
1283,2022,0.341
1284,2012,0.768
1284,2013,0.764
1284,2014,0.76
1284,2015,0.754
1284,2016,0.752
1284,2017,0.749
1284,2018,0.742
1284,2019,0.735
1284,2020,0.728
1284,2021,0.718
1284,2022,0.709
1285,2012,0.634
1285,2013,0.629
1285,2014,0.629
1285,2015,0.624
1285,2016,0.621
1285,2017,0.616
1285,2018,0.613
1285,2019,0.608
1285,2020,0.604
1285,2021,0.597
1285,2022,0.594
1286,2012,0.561
1286,2013,0.562
1286,2014,0.561
1286,2015,0.559
1286,2016,0.565
1286,2017,0.561
1286,2018,0.553
1286,2019,0.549
1286,2020,0.544
1286,2021,0.535
1286,2022,0.529
1287,2012,0.589
1287,2013,0.588
1287,2014,0.586
1287,2015,0.583
1287,2016,0.588
1287,2017,0.586
1287,2018,0.584
1287,2019,0.578
1287,2020,0.578
1287,2021,0.577
1287,2022,0.569
1290,2012,0.612
1290,2013,0.608
1290,2014,0.606
1290,2015,0.603
1290,2016,0.604
1290,2017,0.604
1290,2018,0.601
1290,2019,0.599
1290,2020,0.598
1290,2021,0.597
1290,2022,0.594
1291,2012,0.762
1291,2013,0.763
1291,2014,0.755
1291,2015,0.744
1291,2016,0.744
1291,2017,0.743
1291,2018,0.739
1291,2019,0.739
1291,2020,0.739
1291,2021,0.733
1291,2022,0.731
1292,2012,0.625
1292,2013,0.623
1292,2014,0.619
1292,2015,0.612
1292,2016,0.612
1292,2017,0.61
1292,2018,0.608
1292,2019,0.612
1292,2020,0.616
1292,2021,0.611
1292,2022,0.603
1293,2012,0.677
1293,2013,0.675
1293,2014,0.676
1293,2015,0.67
1293,2016,0.669
1293,2017,0.67
1293,2018,0.668
1293,2019,0.668
1293,2020,0.667
1293,2021,0.662
1293,2022,0.661
1315,2012,0.819
1315,2013,0.82
1315,2014,0.81
1315,2015,0.798
1315,2016,0.794
1315,2017,0.795
1315,2018,0.798
1315,2019,0.797
1315,2020,0.806
1315,2021,0.803
1315,2022,0.802
1380,2012,0.523
1380,2013,0.521
1380,2014,0.517
1380,2015,0.514
1380,2016,0.512
1380,2017,0.509
1380,2018,0.535
1380,2019,0.529
1380,2020,0.523
1380,2021,0.522
1380,2022,0.516
1381,2012,0.853
1381,2013,0.853
1381,2014,0.85
1381,2015,0.848
1381,2016,0.849
1381,2017,0.845
1381,2018,0.842
1381,2019,0.835
1381,2020,0.841
1381,2021,0.839
1381,2022,0.834
1382,2012,0.685
1382,2013,0.682
1382,2014,0.675
1382,2015,0.673
1382,2016,0.676
1382,2017,0.676
1382,2018,0.669
1382,2019,0.662
1382,2020,0.653
1382,2021,0.649
1382,2022,0.648
1383,2012,0.598
1383,2013,0.596
1383,2014,0.594
1383,2015,0.593
1383,2016,0.592
1383,2017,0.591
1383,2018,0.586
1383,2019,0.586
1383,2020,0.581
1383,2021,0.575
1383,2022,0.566
1384,2012,0.776
1384,2013,0.772
1384,2014,0.769
1384,2015,0.766
1384,2016,0.763
1384,2017,0.756
1384,2018,0.752
1384,2019,0.75
1384,2020,0.747
1384,2021,0.747
1384,2022,0.742
1401,2012,0.794
1401,2013,0.786
1401,2014,0.771
1401,2015,0.768
1401,2016,0.772
1401,2017,0.773
1401,2018,0.769
1401,2019,0.767
1401,2020,0.758
1401,2021,0.743
1401,2022,0.726
1402,2012,0.509
1402,2013,0.508
1402,2014,0.501
1402,2015,0.497
1402,2016,0.496
1402,2017,0.49
1402,2018,0.485
1402,2019,0.471
1402,2020,0.468
1402,2021,0.467
1402,2022,0.465
1407,2012,0.926
1407,2013,0.926
1407,2014,0.917
1407,2015,0.914
1407,2016,0.91
1407,2017,0.897
1407,2018,0.895
1407,2019,0.894
1407,2020,0.894
1407,2021,0.893
1407,2022,0.893
1415,2012,0.717
1415,2013,0.716
1415,2014,0.714
1415,2015,0.712
1415,2016,0.715
1415,2017,0.709
1415,2018,0.706
1415,2019,0.704
1415,2020,0.702
1415,2021,0.691
1415,2022,0.688
1419,2012,0.929
1419,2013,0.927
1419,2014,0.927
1419,2015,0.927
1419,2016,0.929
1419,2017,0.922
1419,2018,0.913
1419,2019,0.907
1419,2020,0.901
1419,2021,0.9
1419,2022,0.899
1421,2012,0.883
1421,2013,0.885
1421,2014,0.885
1421,2015,0.883
1421,2016,0.882
1421,2017,0.884
1421,2018,0.885
1421,2019,0.88
1421,2020,0.879
1421,2021,0.875
1421,2022,0.873
1427,2012,0.803
1427,2013,0.799
1427,2014,0.797
1427,2015,0.793
1427,2016,0.795
1427,2017,0.793
1427,2018,0.783
1427,2019,0.778
1427,2020,0.779
1427,2021,0.776
1427,2022,0.769
1430,2012,0.805
1430,2013,0.8
1430,2014,0.799
1430,2015,0.792
1430,2016,0.794
1430,2017,0.791
1430,2018,0.785
1430,2019,0.777
1430,2020,0.777
1430,2021,0.775
1430,2022,0.774
1435,2012,0.83
1435,2013,0.831
1435,2014,0.83
1435,2015,0.827
1435,2016,0.83
1435,2017,0.829
1435,2018,0.823
1435,2019,0.822
1435,2020,0.817
1435,2021,0.816
1435,2022,0.816
1438,2012,0.739
1438,2013,0.727
1438,2014,0.723
1438,2015,0.716
1438,2016,0.717
1438,2017,0.707
1438,2018,0.705
1438,2019,0.701
1438,2020,0.705
1438,2021,0.711
1438,2022,0.713
1439,2012,0.877
1439,2013,0.876
1439,2014,0.878
1439,2015,0.875
1439,2016,0.873
1439,2017,0.875
1439,2018,0.873
1439,2019,0.873
1439,2020,0.87
1439,2021,0.871
1439,2022,0.872
1440,2012,0.686
1440,2013,0.685
1440,2014,0.679
1440,2015,0.669
1440,2016,0.671
1440,2017,0.672
1440,2018,0.668
1440,2019,0.667
1440,2020,0.669
1440,2021,0.668
1440,2022,0.662
1441,2012,0.815
1441,2013,0.814
1441,2014,0.813
1441,2015,0.813
1441,2016,0.808
1441,2017,0.803
1441,2018,0.801
1441,2019,0.794
1441,2020,0.79
1441,2021,0.791
1441,2022,0.788
1442,2012,0.769
1442,2013,0.768
1442,2014,0.768
1442,2015,0.772
1442,2016,0.775
1442,2017,0.774
1442,2018,0.775
1442,2019,0.775
1442,2020,0.774
1442,2021,0.766
1442,2022,0.758
1443,2012,0.779
1443,2013,0.771
1443,2014,0.773
1443,2015,0.763
1443,2016,0.755
1443,2017,0.745
1443,2018,0.74
1443,2019,0.743
1443,2020,0.737
1443,2021,0.737
1443,2022,0.732
1444,2012,0.857
1444,2013,0.858
1444,2014,0.854
1444,2015,0.85
1444,2016,0.842
1444,2017,0.842
1444,2018,0.834
1444,2019,0.833
1444,2020,0.834
1444,2021,0.83
1444,2022,0.831
1445,2012,0.876
1445,2013,0.88
1445,2014,0.878
1445,2015,0.877
1445,2016,0.873
1445,2017,0.868
1445,2018,0.867
1445,2019,0.868
1445,2020,0.867
1445,2021,0.869
1445,2022,0.864
1446,2012,0.702
1446,2013,0.701
1446,2014,0.7
1446,2015,0.695
1446,2016,0.694
1446,2017,0.685
1446,2018,0.686
1446,2019,0.685
1446,2020,0.689
1446,2021,0.686
1446,2022,0.684
1447,2012,0.823
1447,2013,0.824
1447,2014,0.817
1447,2015,0.815
1447,2016,0.816
1447,2017,0.814
1447,2018,0.806
1447,2019,0.804
1447,2020,0.813
1447,2021,0.809
1447,2022,0.81
1452,2012,0.838
1452,2013,0.835
1452,2014,0.837
1452,2015,0.833
1452,2016,0.83
1452,2017,0.83
1452,2018,0.828
1452,2019,0.826
1452,2020,0.827
1452,2021,0.821
1452,2022,0.816
1460,2012,0.751
1460,2013,0.753
1460,2014,0.748
1460,2015,0.741
1460,2016,0.73
1460,2017,0.734
1460,2018,0.731
1460,2019,0.731
1460,2020,0.733
1460,2021,0.736
1460,2022,0.743
1461,2012,0.798
1461,2013,0.801
1461,2014,0.795
1461,2015,0.79
1461,2016,0.793
1461,2017,0.792
1461,2018,0.79
1461,2019,0.778
1461,2020,0.79
1461,2021,0.789
1461,2022,0.785
1462,2012,0.762
1462,2013,0.753
1462,2014,0.773
1462,2015,0.771
1462,2016,0.773
1462,2017,0.775
1462,2018,0.78
1462,2019,0.777
1462,2020,0.778
1462,2021,0.776
1462,2022,0.777
1463,2012,0.745
1463,2013,0.745
1463,2014,0.741
1463,2015,0.736
1463,2016,0.736
1463,2017,0.737
1463,2018,0.734
1463,2019,0.733
1463,2020,0.732
1463,2021,0.73
1463,2022,0.729
1465,2012,0.866
1465,2013,0.866
1465,2014,0.865
1465,2015,0.86
1465,2016,0.855
1465,2017,0.858
1465,2018,0.855
1465,2019,0.853
1465,2020,0.847
1465,2021,0.848
1465,2022,0.85
1466,2012,0.815
1466,2013,0.813
1466,2014,0.804
1466,2015,0.798
1466,2016,0.795
1466,2017,0.795
1466,2018,0.79
1466,2019,0.792
1466,2020,0.793
1466,2021,0.788
1466,2022,0.792
1470,2012,0.803
1470,2013,0.799
1470,2014,0.795
1470,2015,0.791
1470,2016,0.793
1470,2017,0.793
1470,2018,0.788
1470,2019,0.787
1470,2020,0.784
1470,2021,0.778
1470,2022,0.776
1471,2012,0.805
1471,2013,0.804
1471,2014,0.807
1471,2015,0.799
1471,2016,0.801
1471,2017,0.8
1471,2018,0.798
1471,2019,0.798
1471,2020,0.798
1471,2021,0.798
1471,2022,0.796
1472,2012,0.663
1472,2013,0.664
1472,2014,0.649
1472,2015,0.648
1472,2016,0.649
1472,2017,0.649
1472,2018,0.65
1472,2019,0.642
1472,2020,0.644
1472,2021,0.641
1472,2022,0.642
1473,2012,0.737
1473,2013,0.733
1473,2014,0.726
1473,2015,0.721
1473,2016,0.72
1473,2017,0.722
1473,2018,0.717
1473,2019,0.715
1473,2020,0.709
1473,2021,0.714
1473,2022,0.712
1480,2012,0.228
1480,2013,0.227
1480,2014,0.224
1480,2015,0.222
1480,2016,0.22
1480,2017,0.219
1480,2018,0.217
1480,2019,0.214
1480,2020,0.212
1480,2021,0.209
1480,2022,0.205
1481,2012,0.51
1481,2013,0.506
1481,2014,0.504
1481,2015,0.5
1481,2016,0.495
1481,2017,0.483
1481,2018,0.468
1481,2019,0.464
1481,2020,0.459
1481,2021,0.457
1481,2022,0.453
1482,2012,0.651
1482,2013,0.65
1482,2014,0.647
1482,2015,0.644
1482,2016,0.649
1482,2017,0.647
1482,2018,0.642
1482,2019,0.632
1482,2020,0.626
1482,2021,0.616
1482,2022,0.611
1484,2012,0.635
1484,2013,0.631
1484,2014,0.624
1484,2015,0.617
1484,2016,0.615
1484,2017,0.607
1484,2018,0.604
1484,2019,0.604
1484,2020,0.605
1484,2021,0.604
1484,2022,0.6
1485,2012,0.492
1485,2013,0.488
1485,2014,0.487
1485,2015,0.483
1485,2016,0.484
1485,2017,0.484
1485,2018,0.481
1485,2019,0.479
1485,2020,0.479
1485,2021,0.478
1485,2022,0.476
1486,2012,0.646
1486,2013,0.645
1486,2014,0.635
1486,2015,0.629
1486,2016,0.631
1486,2017,0.628
1486,2018,0.627
1486,2019,0.621
1486,2020,0.611
1486,2021,0.61
1486,2022,0.611
1487,2012,0.559
1487,2013,0.556
1487,2014,0.552
1487,2015,0.55
1487,2016,0.552
1487,2017,0.55
1487,2018,0.548
1487,2019,0.547
1487,2020,0.545
1487,2021,0.542
1487,2022,0.539
1488,2012,0.439
1488,2013,0.436
1488,2014,0.435
1488,2015,0.435
1488,2016,0.434
1488,2017,0.435
1488,2018,0.434
1488,2019,0.431
1488,2020,0.428
1488,2021,0.427
1488,2022,0.427
1489,2012,0.594
1489,2013,0.592
1489,2014,0.587
1489,2015,0.586
1489,2016,0.588
1489,2017,0.587
1489,2018,0.582
1489,2019,0.58
1489,2020,0.577
1489,2021,0.576
1489,2022,0.571
1490,2012,0.43
1490,2013,0.427
1490,2014,0.425
1490,2015,0.42
1490,2016,0.421
1490,2017,0.42
1490,2018,0.418
1490,2019,0.417
1490,2020,0.415
1490,2021,0.415
1490,2022,0.412
1491,2012,0.726
1491,2013,0.718
1491,2014,0.72
1491,2015,0.714
1491,2016,0.706
1491,2017,0.691
1491,2018,0.685
1491,2019,0.683
1491,2020,0.68
1491,2021,0.679
1491,2022,0.672
1492,2012,0.634
1492,2013,0.633
1492,2014,0.631
1492,2015,0.629
1492,2016,0.628
1492,2017,0.626
1492,2018,0.627
1492,2019,0.626
1492,2020,0.631
1492,2021,0.636
1492,2022,0.637
1493,2012,0.604
1493,2013,0.6
1493,2014,0.599
1493,2015,0.592
1493,2016,0.592
1493,2017,0.593
1493,2018,0.592
1493,2019,0.592
1493,2020,0.59
1493,2021,0.589
1493,2022,0.591
1494,2012,0.576
1494,2013,0.574
1494,2014,0.569
1494,2015,0.568
1494,2016,0.572
1494,2017,0.573
1494,2018,0.57
1494,2019,0.569
1494,2020,0.565
1494,2021,0.565
1494,2022,0.564
1495,2012,0.583
1495,2013,0.581
1495,2014,0.577
1495,2015,0.574
1495,2016,0.574
1495,2017,0.574
1495,2018,0.572
1495,2019,0.573
1495,2020,0.574
1495,2021,0.57
1495,2022,0.571
1496,2012,0.497
1496,2013,0.493
1496,2014,0.494
1496,2015,0.493
1496,2016,0.494
1496,2017,0.493
1496,2018,0.483
1496,2019,0.48
1496,2020,0.48
1496,2021,0.479
1496,2022,0.475
1497,2012,0.7
1497,2013,0.701
1497,2014,0.696
1497,2015,0.699
1497,2016,0.702
1497,2017,0.701
1497,2018,0.691
1497,2019,0.693
1497,2020,0.694
1497,2021,0.696
1497,2022,0.694
1498,2012,0.67
1498,2013,0.667
1498,2014,0.665
1498,2015,0.664
1498,2016,0.669
1498,2017,0.668
1498,2018,0.67
1498,2019,0.669
1498,2020,0.67
1498,2021,0.669
1498,2022,0.664
1499,2012,0.611
1499,2013,0.607
1499,2014,0.604
1499,2015,0.603
1499,2016,0.603
1499,2017,0.602
1499,2018,0.6
1499,2019,0.598
1499,2020,0.598
1499,2021,0.595
1499,2022,0.595
1715,2012,0.721
1715,2013,0.716
1715,2014,0.713
1715,2015,0.714
1715,2016,0.718
1715,2017,0.716
1715,2018,0.715
1715,2019,0.713
1715,2020,0.715
1715,2021,0.715
1715,2022,0.717
1730,2012,0.785
1730,2013,0.781
1730,2014,0.777
1730,2015,0.776
1730,2016,0.771
1730,2017,0.765
1730,2018,0.769
1730,2019,0.767
1730,2020,0.773
1730,2021,0.772
1730,2022,0.77
1737,2012,0.797
1737,2013,0.797
1737,2014,0.791
1737,2015,0.789
1737,2016,0.789
1737,2017,0.785
1737,2018,0.773
1737,2019,0.769
1737,2020,0.77
1737,2021,0.769
1737,2022,0.77
1760,2012,0.821
1760,2013,0.812
1760,2014,0.817
1760,2015,0.82
1760,2016,0.811
1760,2017,0.81
1760,2018,0.812
1760,2019,0.818
1760,2020,0.824
1760,2021,0.83
1760,2022,0.835
1761,2012,0.651
1761,2013,0.649
1761,2014,0.654
1761,2015,0.653
1761,2016,0.658
1761,2017,0.65
1761,2018,0.645
1761,2019,0.645
1761,2020,0.644
1761,2021,0.644
1761,2022,0.642
1762,2012,0.715
1762,2013,0.713
1762,2014,0.702
1762,2015,0.703
1762,2016,0.705
1762,2017,0.707
1762,2018,0.701
1762,2019,0.704
1762,2020,0.707
1762,2021,0.71
1762,2022,0.703
1763,2012,0.778
1763,2013,0.778
1763,2014,0.775
1763,2015,0.772
1763,2016,0.777
1763,2017,0.776
1763,2018,0.768
1763,2019,0.77
1763,2020,0.767
1763,2021,0.766
1763,2022,0.77
1764,2012,0.69
1764,2013,0.686
1764,2014,0.68
1764,2015,0.681
1764,2016,0.678
1764,2017,0.68
1764,2018,0.681
1764,2019,0.676
1764,2020,0.676
1764,2021,0.677
1764,2022,0.677
1765,2012,0.761
1765,2013,0.761
1765,2014,0.758
1765,2015,0.758
1765,2016,0.757
1765,2017,0.752
1765,2018,0.751
1765,2019,0.751
1765,2020,0.752
1765,2021,0.757
1765,2022,0.747
1766,2012,0.823
1766,2013,0.819
1766,2014,0.819
1766,2015,0.817
1766,2016,0.817
1766,2017,0.816
1766,2018,0.818
1766,2019,0.808
1766,2020,0.803
1766,2021,0.803
1766,2022,0.799
1780,2012,0.401
1780,2013,0.399
1780,2014,0.397
1780,2015,0.394
1780,2016,0.395
1780,2017,0.394
1780,2018,0.385
1780,2019,0.377
1780,2020,0.375
1780,2021,0.372
1780,2022,0.369
1781,2012,0.556
1781,2013,0.552
1781,2014,0.547
1781,2015,0.544
1781,2016,0.544
1781,2017,0.544
1781,2018,0.543
1781,2019,0.543
1781,2020,0.546
1781,2021,0.545
1781,2022,0.544
1782,2012,0.649
1782,2013,0.643
1782,2014,0.647
1782,2015,0.647
1782,2016,0.647
1782,2017,0.654
1782,2018,0.653
1782,2019,0.656
1782,2020,0.652
1782,2021,0.656
1782,2022,0.653
1783,2012,0.734
1783,2013,0.735
1783,2014,0.735
1783,2015,0.734
1783,2016,0.733
1783,2017,0.732
1783,2018,0.733
1783,2019,0.733
1783,2020,0.733
1783,2021,0.734
1783,2022,0.732
1784,2012,0.626
1784,2013,0.626
1784,2014,0.624
1784,2015,0.622
1784,2016,0.623
1784,2017,0.622
1784,2018,0.622
1784,2019,0.622
1784,2020,0.618
1784,2021,0.621
1784,2022,0.616
1785,2012,0.708
1785,2013,0.708
1785,2014,0.704
1785,2015,0.696
1785,2016,0.692
1785,2017,0.695
1785,2018,0.693
1785,2019,0.697
1785,2020,0.698
1785,2021,0.699
1785,2022,0.702
1814,2012,0.853
1814,2013,0.857
1814,2014,0.849
1814,2015,0.848
1814,2016,0.852
1814,2017,0.853
1814,2018,0.859
1814,2019,0.859
1814,2020,0.861
1814,2021,0.863
1814,2022,0.862
1860,2012,0.767
1860,2013,0.764
1860,2014,0.751
1860,2015,0.755
1860,2016,0.757
1860,2017,0.755
1860,2018,0.762
1860,2019,0.763
1860,2020,0.755
1860,2021,0.754
1860,2022,0.753
1861,2012,0.706
1861,2013,0.704
1861,2014,0.706
1861,2015,0.7
1861,2016,0.7
1861,2017,0.7
1861,2018,0.699
1861,2019,0.699
1861,2020,0.685
1861,2021,0.679
1861,2022,0.677
1862,2012,0.712
1862,2013,0.707
1862,2014,0.705
1862,2015,0.698
1862,2016,0.696
1862,2017,0.695
1862,2018,0.693
1862,2019,0.693
1862,2020,0.695
1862,2021,0.699
1862,2022,0.701
1863,2012,0.681
1863,2013,0.683
1863,2014,0.683
1863,2015,0.671
1863,2016,0.668
1863,2017,0.665
1863,2018,0.668
1863,2019,0.668
1863,2020,0.673
1863,2021,0.679
1863,2022,0.679
1864,2012,0.749
1864,2013,0.747
1864,2014,0.746
1864,2015,0.731
1864,2016,0.763
1864,2017,0.762
1864,2018,0.771
1864,2019,0.755
1864,2020,0.753
1864,2021,0.755
1864,2022,0.757
1880,2012,0.38
1880,2013,0.377
1880,2014,0.377
1880,2015,0.376
1880,2016,0.373
1880,2017,0.367
1880,2018,0.36
1880,2019,0.358
1880,2020,0.356
1880,2021,0.355
1880,2022,0.35
1881,2012,0.6
1881,2013,0.6
1881,2014,0.596
1881,2015,0.599
1881,2016,0.599
1881,2017,0.597
1881,2018,0.598
1881,2019,0.598
1881,2020,0.598
1881,2021,0.589
1881,2022,0.578
1882,2012,0.73
1882,2013,0.73
1882,2014,0.726
1882,2015,0.727
1882,2016,0.73
1882,2017,0.73
1882,2018,0.724
1882,2019,0.725
1882,2020,0.729
1882,2021,0.727
1882,2022,0.727
1883,2012,0.525
1883,2013,0.523
1883,2014,0.519
1883,2015,0.517
1883,2016,0.519
1883,2017,0.52
1883,2018,0.522
1883,2019,0.522
1883,2020,0.519
1883,2021,0.519
1883,2022,0.518
1884,2012,0.708
1884,2013,0.712
1884,2014,0.71
1884,2015,0.705
1884,2016,0.704
1884,2017,0.704
1884,2018,0.704
1884,2019,0.704
1884,2020,0.702
1884,2021,0.702
1884,2022,0.7
1885,2012,0.693
1885,2013,0.692
1885,2014,0.691
1885,2015,0.687
1885,2016,0.686
1885,2017,0.687
1885,2018,0.686
1885,2019,0.682
1885,2020,0.678
1885,2021,0.675
1885,2022,0.676
1904,2012,0.751
1904,2013,0.748
1904,2014,0.747
1904,2015,0.745
1904,2016,0.75
1904,2017,0.757
1904,2018,0.762
1904,2019,0.766
1904,2020,0.766
1904,2021,0.762
1904,2022,0.765
1907,2012,0.67
1907,2013,0.67
1907,2014,0.663
1907,2015,0.663
1907,2016,0.662
1907,2017,0.661
1907,2018,0.66
1907,2019,0.659
1907,2020,0.661
1907,2021,0.664
1907,2022,0.66
1960,2012,0.718
1960,2013,0.709
1960,2014,0.705
1960,2015,0.7
1960,2016,0.702
1960,2017,0.693
1960,2018,0.694
1960,2019,0.694
1960,2020,0.695
1960,2021,0.696
1960,2022,0.697
1961,2012,0.565
1961,2013,0.563
1961,2014,0.562
1961,2015,0.558
1961,2016,0.557
1961,2017,0.556
1961,2018,0.553
1961,2019,0.551
1961,2020,0.551
1961,2021,0.543
1961,2022,0.544
1962,2012,0.601
1962,2013,0.592
1962,2014,0.587
1962,2015,0.583
1962,2016,0.593
1962,2017,0.585
1962,2018,0.581
1962,2019,0.585
1962,2020,0.581
1962,2021,0.581
1962,2022,0.583
1980,2012,0.39
1980,2013,0.388
1980,2014,0.384
1980,2015,0.381
1980,2016,0.381
1980,2017,0.377
1980,2018,0.374
1980,2019,0.369
1980,2020,0.367
1980,2021,0.366
1980,2022,0.363
1981,2012,0.642
1981,2013,0.641
1981,2014,0.64
1981,2015,0.638
1981,2016,0.64
1981,2017,0.641
1981,2018,0.635
1981,2019,0.636
1981,2020,0.63
1981,2021,0.631
1981,2022,0.63
1982,2012,0.448
1982,2013,0.445
1982,2014,0.438
1982,2015,0.433
1982,2016,0.435
1982,2017,0.434
1982,2018,0.436
1982,2019,0.438
1982,2020,0.439
1982,2021,0.441
1982,2022,0.439
1983,2012,0.469
1983,2013,0.464
1983,2014,0.462
1983,2015,0.461
1983,2016,0.461
1983,2017,0.46
1983,2018,0.456
1983,2019,0.456
1983,2020,0.456
1983,2021,0.456
1983,2022,0.456
1984,2012,0.546
1984,2013,0.538
1984,2014,0.542
1984,2015,0.536
1984,2016,0.537
1984,2017,0.537
1984,2018,0.534
1984,2019,0.531
1984,2020,0.538
1984,2021,0.541
1984,2022,0.54
2021,2012,0.818
2021,2013,0.813
2021,2014,0.816
2021,2015,0.812
2021,2016,0.808
2021,2017,0.808
2021,2018,0.806
2021,2019,0.803
2021,2020,0.802
2021,2021,0.798
2021,2022,0.793
2023,2012,0.843
2023,2013,0.847
2023,2014,0.845
2023,2015,0.842
2023,2016,0.84
2023,2017,0.839
2023,2018,0.838
2023,2019,0.84
2023,2020,0.838
2023,2021,0.84
2023,2022,0.841
2026,2012,0.92
2026,2013,0.92
2026,2014,0.917
2026,2015,0.91
2026,2016,0.91
2026,2017,0.912
2026,2018,0.908
2026,2019,0.908
2026,2020,0.911
2026,2021,0.901
2026,2022,0.901
2029,2012,0.795
2029,2013,0.796
2029,2014,0.787
2029,2015,0.785
2029,2016,0.784
2029,2017,0.782
2029,2018,0.779
2029,2019,0.768
2029,2020,0.768
2029,2021,0.765
2029,2022,0.767
2031,2012,0.731
2031,2013,0.731
2031,2014,0.731
2031,2015,0.728
2031,2016,0.729
2031,2017,0.732
2031,2018,0.731
2031,2019,0.723
2031,2020,0.721
2031,2021,0.72
2031,2022,0.719
2034,2012,0.727
2034,2013,0.734
2034,2014,0.74
2034,2015,0.737
2034,2016,0.734
2034,2017,0.728
2034,2018,0.728
2034,2019,0.725
2034,2020,0.727
2034,2021,0.729
2034,2022,0.724
2039,2012,0.879
2039,2013,0.878
2039,2014,0.873
2039,2015,0.873
2039,2016,0.876
2039,2017,0.878
2039,2018,0.878
2039,2019,0.877
2039,2020,0.872
2039,2021,0.873
2039,2022,0.872
2061,2012,0.773
2061,2013,0.771
2061,2014,0.77
2061,2015,0.767
2061,2016,0.769
2061,2017,0.771
2061,2018,0.767
2061,2019,0.765
2061,2020,0.765
2061,2021,0.76
2061,2022,0.757
2062,2012,0.765
2062,2013,0.765
2062,2014,0.763
2062,2015,0.76
2062,2016,0.759
2062,2017,0.759
2062,2018,0.758
2062,2019,0.751
2062,2020,0.751
2062,2021,0.749
2062,2022,0.749
2080,2012,0.547
2080,2013,0.545
2080,2014,0.544
2080,2015,0.541
2080,2016,0.541
2080,2017,0.539
2080,2018,0.535
2080,2019,0.534
2080,2020,0.532
2080,2021,0.531
2080,2022,0.531
2081,2012,0.507
2081,2013,0.505
2081,2014,0.501
2081,2015,0.501
2081,2016,0.5
2081,2017,0.499
2081,2018,0.497
2081,2019,0.493
2081,2020,0.492
2081,2021,0.475
2081,2022,0.473
2082,2012,0.729
2082,2013,0.726
2082,2014,0.724
2082,2015,0.72
2082,2016,0.72
2082,2017,0.718
2082,2018,0.719
2082,2019,0.718
2082,2020,0.709
2082,2021,0.709
2082,2022,0.709
2083,2012,0.656
2083,2013,0.654
2083,2014,0.649
2083,2015,0.65
2083,2016,0.651
2083,2017,0.649
2083,2018,0.65
2083,2019,0.644
2083,2020,0.647
2083,2021,0.646
2083,2022,0.642
2084,2012,0.564
2084,2013,0.561
2084,2014,0.548
2084,2015,0.534
2084,2016,0.533
2084,2017,0.534
2084,2018,0.533
2084,2019,0.536
2084,2020,0.542
2084,2021,0.542
2084,2022,0.541
2085,2012,0.561
2085,2013,0.562
2085,2014,0.559
2085,2015,0.554
2085,2016,0.557
2085,2017,0.552
2085,2018,0.551
2085,2019,0.553
2085,2020,0.553
2085,2021,0.553
2085,2022,0.549
2101,2012,0.839
2101,2013,0.834
2101,2014,0.835
2101,2015,0.834
2101,2016,0.827
2101,2017,0.828
2101,2018,0.826
2101,2019,0.825
2101,2020,0.831
2101,2021,0.826
2101,2022,0.83
2104,2012,0.637
2104,2013,0.64
2104,2014,0.639
2104,2015,0.634
2104,2016,0.63
2104,2017,0.63
2104,2018,0.63
2104,2019,0.634
2104,2020,0.632
2104,2021,0.631
2104,2022,0.629
2121,2012,0.695
2121,2013,0.691
2121,2014,0.684
2121,2015,0.677
2121,2016,0.677
2121,2017,0.678
2121,2018,0.675
2121,2019,0.673
2121,2020,0.673
2121,2021,0.672
2121,2022,0.673
2132,2012,0.809
2132,2013,0.809
2132,2014,0.81
2132,2015,0.804
2132,2016,0.803
2132,2017,0.804
2132,2018,0.798
2132,2019,0.8
2132,2020,0.804
2132,2021,0.803
2132,2022,0.805
2161,2012,0.707
2161,2013,0.701
2161,2014,0.698
2161,2015,0.695
2161,2016,0.7
2161,2017,0.696
2161,2018,0.696
2161,2019,0.691
2161,2020,0.69
2161,2021,0.691
2161,2022,0.691
2180,2012,0.479
2180,2013,0.477
2180,2014,0.477
2180,2015,0.476
2180,2016,0.475
2180,2017,0.471
2180,2018,0.467
2180,2019,0.462
2180,2020,0.461
2180,2021,0.458
2180,2022,0.455
2181,2012,0.581
2181,2013,0.576
2181,2014,0.572
2181,2015,0.568
2181,2016,0.565
2181,2017,0.563
2181,2018,0.562
2181,2019,0.56
2181,2020,0.559
2181,2021,0.558
2181,2022,0.56
2182,2012,0.623
2182,2013,0.621
2182,2014,0.621
2182,2015,0.618
2182,2016,0.619
2182,2017,0.62
2182,2018,0.617
2182,2019,0.617
2182,2020,0.606
2182,2021,0.605
2182,2022,0.604
2183,2012,0.629
2183,2013,0.626
2183,2014,0.62
2183,2015,0.616
2183,2016,0.611
2183,2017,0.612
2183,2018,0.608
2183,2019,0.607
2183,2020,0.606
2183,2021,0.608
2183,2022,0.609
2184,2012,0.592
2184,2013,0.591
2184,2014,0.592
2184,2015,0.591
2184,2016,0.595
2184,2017,0.593
2184,2018,0.589
2184,2019,0.586
2184,2020,0.586
2184,2021,0.585
2184,2022,0.584
2260,2012,0.73
2260,2013,0.732
2260,2014,0.731
2260,2015,0.731
2260,2016,0.732
2260,2017,0.73
2260,2018,0.732
2260,2019,0.73
2260,2020,0.738
2260,2021,0.737
2260,2022,0.738
2262,2012,0.602
2262,2013,0.601
2262,2014,0.6
2262,2015,0.61
2262,2016,0.616
2262,2017,0.611
2262,2018,0.61
2262,2019,0.603
2262,2020,0.596
2262,2021,0.595
2262,2022,0.58
2280,2012,0.539
2280,2013,0.536
2280,2014,0.533
2280,2015,0.53
2280,2016,0.538
2280,2017,0.536
2280,2018,0.533
2280,2019,0.533
2280,2020,0.531
2280,2021,0.533
2280,2022,0.534
2281,2012,0.453
2281,2013,0.452
2281,2014,0.45
2281,2015,0.449
2281,2016,0.448
2281,2017,0.446
2281,2018,0.445
2281,2019,0.44
2281,2020,0.438
2281,2021,0.437
2281,2022,0.434
2282,2012,0.754
2282,2013,0.755
2282,2014,0.754
2282,2015,0.748
2282,2016,0.743
2282,2017,0.749
2282,2018,0.745
2282,2019,0.742
2282,2020,0.743
2282,2021,0.745
2282,2022,0.744
2283,2012,0.694
2283,2013,0.689
2283,2014,0.687
2283,2015,0.683
2283,2016,0.69
2283,2017,0.688
2283,2018,0.685
2283,2019,0.689
2283,2020,0.689
2283,2021,0.69
2283,2022,0.687
2284,2012,0.689
2284,2013,0.686
2284,2014,0.682
2284,2015,0.678
2284,2016,0.665
2284,2017,0.659
2284,2018,0.657
2284,2019,0.656
2284,2020,0.655
2284,2021,0.654
2284,2022,0.652
2303,2012,0.825
2303,2013,0.827
2303,2014,0.827
2303,2015,0.824
2303,2016,0.829
2303,2017,0.828
2303,2018,0.834
2303,2019,0.838
2303,2020,0.836
2303,2021,0.835
2303,2022,0.842
2305,2012,0.821
2305,2013,0.824
2305,2014,0.809
2305,2015,0.802
2305,2016,0.803
2305,2017,0.802
2305,2018,0.809
2305,2019,0.815
2305,2020,0.816
2305,2021,0.813
2305,2022,0.81
2309,2012,0.815
2309,2013,0.813
2309,2014,0.815
2309,2015,0.813
2309,2016,0.82
2309,2017,0.822
2309,2018,0.822
2309,2019,0.821
2309,2020,0.821
2309,2021,0.82
2309,2022,0.821
2313,2012,0.792
2313,2013,0.79
2313,2014,0.784
2313,2015,0.784
2313,2016,0.787
2313,2017,0.787
2313,2018,0.786
2313,2019,0.78
2313,2020,0.78
2313,2021,0.78
2313,2022,0.778
2321,2012,0.755
2321,2013,0.75
2321,2014,0.75
2321,2015,0.75
2321,2016,0.751
2321,2017,0.749
2321,2018,0.749
2321,2019,0.755
2321,2020,0.755
2321,2021,0.754
2321,2022,0.751
2326,2012,0.894
2326,2013,0.895
2326,2014,0.898
2326,2015,0.893
2326,2016,0.894
2326,2017,0.889
2326,2018,0.885
2326,2019,0.892
2326,2020,0.892
2326,2021,0.888
2326,2022,0.888
2361,2012,0.835
2361,2013,0.83
2361,2014,0.825
2361,2015,0.828
2361,2016,0.834
2361,2017,0.834
2361,2018,0.838
2361,2019,0.841
2361,2020,0.843
2361,2021,0.844
2361,2022,0.844
2380,2012,0.398
2380,2013,0.398
2380,2014,0.397
2380,2015,0.395
2380,2016,0.398
2380,2017,0.396
2380,2018,0.395
2380,2019,0.392
2380,2020,0.39
2380,2021,0.386
2380,2022,0.382
2401,2012,0.807
2401,2013,0.801
2401,2014,0.803
2401,2015,0.799
2401,2016,0.799
2401,2017,0.797
2401,2018,0.796
2401,2019,0.785
2401,2020,0.785
2401,2021,0.787
2401,2022,0.787
2403,2012,0.922
2403,2013,0.929
2403,2014,0.93
2403,2015,0.927
2403,2016,0.924
2403,2017,0.897
2403,2018,0.903
2403,2019,0.901
2403,2020,0.901
2403,2021,0.902
2403,2022,0.901
2404,2012,0.854
2404,2013,0.858
2404,2014,0.851
2404,2015,0.85
2404,2016,0.85
2404,2017,0.849
2404,2018,0.847
2404,2019,0.841
2404,2020,0.839
2404,2021,0.837
2404,2022,0.838
2409,2012,0.862
2409,2013,0.862
2409,2014,0.857
2409,2015,0.858
2409,2016,0.856
2409,2017,0.858
2409,2018,0.854
2409,2019,0.853
2409,2020,0.857
2409,2021,0.854
2409,2022,0.851
2417,2012,0.795
2417,2013,0.801
2417,2014,0.798
2417,2015,0.793
2417,2016,0.8
2417,2017,0.791
2417,2018,0.784
2417,2019,0.785
2417,2020,0.783
2417,2021,0.791
2417,2022,0.79
2418,2012,0.788
2418,2013,0.785
2418,2014,0.786
2418,2015,0.777
2418,2016,0.775
2418,2017,0.765
2418,2018,0.772
2418,2019,0.77
2418,2020,0.776
2418,2021,0.768
2418,2022,0.762
2421,2012,0.799
2421,2013,0.796
2421,2014,0.791
2421,2015,0.789
2421,2016,0.793
2421,2017,0.794
2421,2018,0.788
2421,2019,0.787
2421,2020,0.788
2421,2021,0.786
2421,2022,0.787
2422,2012,0.853
2422,2013,0.859
2422,2014,0.86
2422,2015,0.863
2422,2016,0.862
2422,2017,0.859
2422,2018,0.851
2422,2019,0.854
2422,2020,0.854
2422,2021,0.839
2422,2022,0.844
2425,2012,0.734
2425,2013,0.734
2425,2014,0.742
2425,2015,0.737
2425,2016,0.747
2425,2017,0.746
2425,2018,0.751
2425,2019,0.75
2425,2020,0.754
2425,2021,0.766
2425,2022,0.769
2460,2012,0.693
2460,2013,0.693
2460,2014,0.687
2460,2015,0.694
2460,2016,0.69
2460,2017,0.696
2460,2018,0.685
2460,2019,0.676
2460,2020,0.678
2460,2021,0.67
2460,2022,0.667
2462,2012,0.72
2462,2013,0.715
2462,2014,0.715
2462,2015,0.713
2462,2016,0.714
2462,2017,0.716
2462,2018,0.716
2462,2019,0.714
2462,2020,0.722
2462,2021,0.723
2462,2022,0.716
2463,2012,0.81
2463,2013,0.81
2463,2014,0.808
2463,2015,0.812
2463,2016,0.812
2463,2017,0.814
2463,2018,0.808
2463,2019,0.802
2463,2020,0.796
2463,2021,0.793
2463,2022,0.788
2480,2012,0.413
2480,2013,0.412
2480,2014,0.409
2480,2015,0.405
2480,2016,0.407
2480,2017,0.402
2480,2018,0.396
2480,2019,0.39
2480,2020,0.393
2480,2021,0.39
2480,2022,0.388
2481,2012,0.59
2481,2013,0.584
2481,2014,0.585
2481,2015,0.579
2481,2016,0.584
2481,2017,0.584
2481,2018,0.586
2481,2019,0.584
2481,2020,0.58
2481,2021,0.581
2481,2022,0.579
2482,2012,0.595
2482,2013,0.591
2482,2014,0.586
2482,2015,0.586
2482,2016,0.587
2482,2017,0.584
2482,2018,0.582
2482,2019,0.58
2482,2020,0.575
2482,2021,0.575
2482,2022,0.564
2505,2012,0.709
2505,2013,0.698
2505,2014,0.697
2505,2015,0.661
2505,2016,0.669
2505,2017,0.665
2505,2018,0.678
2505,2019,0.681
2505,2020,0.675
2505,2021,0.678
2505,2022,0.673
2506,2012,0.795
2506,2013,0.801
2506,2014,0.794
2506,2015,0.789
2506,2016,0.796
2506,2017,0.792
2506,2018,0.796
2506,2019,0.795
2506,2020,0.804
2506,2021,0.802
2506,2022,0.798
2510,2012,0.791
2510,2013,0.787
2510,2014,0.791
2510,2015,0.784
2510,2016,0.783
2510,2017,0.779
2510,2018,0.783
2510,2019,0.794
2510,2020,0.795
2510,2021,0.793
2510,2022,0.794
2513,2012,0.777
2513,2013,0.779
2513,2014,0.783
2513,2015,0.78
2513,2016,0.785
2513,2017,0.783
2513,2018,0.783
2513,2019,0.779
2513,2020,0.776
2513,2021,0.778
2513,2022,0.781
2514,2012,0.724
2514,2013,0.719
2514,2014,0.717
2514,2015,0.714
2514,2016,0.715
2514,2017,0.715
2514,2018,0.712
2514,2019,0.711
2514,2020,0.704
2514,2021,0.704
2514,2022,0.698
2518,2012,0.81
2518,2013,0.803
2518,2014,0.801
2518,2015,0.807
2518,2016,0.807
2518,2017,0.799
2518,2018,0.804
2518,2019,0.805
2518,2020,0.808
2518,2021,0.814
2518,2022,0.814
2521,2012,0.838
2521,2013,0.827
2521,2014,0.826
2521,2015,0.821
2521,2016,0.825
2521,2017,0.819
2521,2018,0.818
2521,2019,0.819
2521,2020,0.82
2521,2021,0.816
2521,2022,0.815
2523,2012,0.583
2523,2013,0.578
2523,2014,0.576
2523,2015,0.576
2523,2016,0.591
2523,2017,0.598
2523,2018,0.583
2523,2019,0.566
2523,2020,0.563
2523,2021,0.553
2523,2022,0.548
2560,2012,0.742
2560,2013,0.734
2560,2014,0.733
2560,2015,0.732
2560,2016,0.734
2560,2017,0.732
2560,2018,0.726
2560,2019,0.723
2560,2020,0.725
2560,2021,0.726
2560,2022,0.725
2580,2012,0.449
2580,2013,0.448
2580,2014,0.447
2580,2015,0.445
2580,2016,0.448
2580,2017,0.445
2580,2018,0.443
2580,2019,0.44
2580,2020,0.436
2580,2021,0.435
2580,2022,0.429
2581,2012,0.65
2581,2013,0.646
2581,2014,0.643
2581,2015,0.64
2581,2016,0.64
2581,2017,0.636
2581,2018,0.626
2581,2019,0.621
2581,2020,0.617
2581,2021,0.618
2581,2022,0.614
2582,2012,0.584
2582,2013,0.585
2582,2014,0.582
2582,2015,0.583
2582,2016,0.581
2582,2017,0.577
2582,2018,0.57
2582,2019,0.566
2582,2020,0.573
2582,2021,0.57
2582,2022,0.57
2583,2012,0.579
2583,2013,0.579
2583,2014,0.577
2583,2015,0.574
2583,2016,0.576
2583,2017,0.573
2583,2018,0.574
2583,2019,0.571
2583,2020,0.573
2583,2021,0.569
2583,2022,0.571
2584,2012,0.525
2584,2013,0.525
2584,2014,0.524
2584,2015,0.522
2584,2016,0.53
2584,2017,0.528
2584,2018,0.53
2584,2019,0.527
2584,2020,0.524
2584,2021,0.518
2584,2022,0.52
